ISO-10303-21;
HEADER;
FILE_DESCRIPTION(('KiCad electronic assembly'),'2;1');
FILE_NAME('LedRing.step','2026-09-26T22:29:53',('Pcbnew'),('Kicad'),
  'Open CASCADE STEP processor 7.9','KiCad to STEP converter','Unknown'
  );
FILE_SCHEMA(('AUTOMOTIVE_DESIGN { 1 0 10303 214 1 1 1 1 }'));
ENDSEC;
DATA;
#1 = APPLICATION_PROTOCOL_DEFINITION('international standard',
  'automotive_design',2000,#2);
#2 = APPLICATION_CONTEXT(
  'core data for automotive mechanical design processes');
#3 = SHAPE_DEFINITION_REPRESENTATION(#4,#10);
#4 = PRODUCT_DEFINITION_SHAPE('','',#5);
#5 = PRODUCT_DEFINITION('design','',#6,#9);
#6 = PRODUCT_DEFINITION_FORMATION('','',#7);
#7 = PRODUCT('LedRing 1','LedRing 1','',(#8));
#8 = PRODUCT_CONTEXT('',#2,'mechanical');
#9 = PRODUCT_DEFINITION_CONTEXT('part definition',#2,'design');
#10 = SHAPE_REPRESENTATION('',(#11,#15,#19,#23,#27,#31,#35,#39,#43,#47,
    #51,#55,#59,#63),#67);
#11 = AXIS2_PLACEMENT_3D('',#12,#13,#14);
#12 = CARTESIAN_POINT('',(0.,0.,0.));
#13 = DIRECTION('',(0.,0.,1.));
#14 = DIRECTION('',(1.,0.,-0.));
#15 = AXIS2_PLACEMENT_3D('',#16,#17,#18);
#16 = CARTESIAN_POINT('',(130.5,-105.,1.595));
#17 = DIRECTION('',(0.,-0.,1.));
#18 = DIRECTION('',(1.110223024625E-16,1.,0.));
#19 = AXIS2_PLACEMENT_3D('',#20,#21,#22);
#20 = CARTESIAN_POINT('',(123.675,-90.5,1.595));
#21 = DIRECTION('',(0.,0.,1.));
#22 = DIRECTION('',(1.,0.,0.));
#23 = AXIS2_PLACEMENT_3D('',#24,#25,#26);
#24 = CARTESIAN_POINT('',(126.5,-106.5,1.595));
#25 = DIRECTION('',(-0.,0.,1.));
#26 = DIRECTION('',(1.110223024625E-16,-1.,0.));
#27 = AXIS2_PLACEMENT_3D('',#28,#29,#30);
#28 = CARTESIAN_POINT('',(120.675,-91.5,1.595));
#29 = DIRECTION('',(-0.,0.,1.));
#30 = DIRECTION('',(1.110223024625E-16,-1.,0.));
#31 = AXIS2_PLACEMENT_3D('',#32,#33,#34);
#32 = CARTESIAN_POINT('',(127.5,-101.5,1.595));
#33 = DIRECTION('',(0.,0.,1.));
#34 = DIRECTION('',(1.,0.,0.));
#35 = AXIS2_PLACEMENT_3D('',#36,#37,#38);
#36 = CARTESIAN_POINT('',(128.,-95.,1.595));
#37 = DIRECTION('',(0.,0.,1.));
#38 = DIRECTION('',(1.,0.,0.));
#39 = AXIS2_PLACEMENT_3D('',#40,#41,#42);
#40 = CARTESIAN_POINT('',(122.15,-100.,1.595));
#41 = DIRECTION('',(-0.,0.,1.));
#42 = DIRECTION('',(1.110223024625E-16,-1.,0.));
#43 = AXIS2_PLACEMENT_3D('',#44,#45,#46);
#44 = CARTESIAN_POINT('',(123.675,-92.5,1.595));
#45 = DIRECTION('',(0.,0.,1.));
#46 = DIRECTION('',(-1.,1.224646799147E-16,0.));
#47 = AXIS2_PLACEMENT_3D('',#48,#49,#50);
#48 = CARTESIAN_POINT('',(127.5,-99.5,1.595));
#49 = DIRECTION('',(0.,0.,1.));
#50 = DIRECTION('',(1.,0.,0.));
#51 = AXIS2_PLACEMENT_3D('',#52,#53,#54);
#52 = CARTESIAN_POINT('',(128.170174,-106.505365,1.595));
#53 = DIRECTION('',(-0.,0.,1.));
#54 = DIRECTION('',(1.110223024625E-16,-1.,0.));
#55 = AXIS2_PLACEMENT_3D('',#56,#57,#58);
#56 = CARTESIAN_POINT('',(127.5,-103.5,1.595));
#57 = DIRECTION('',(0.,0.,1.));
#58 = DIRECTION('',(1.,0.,0.));
#59 = AXIS2_PLACEMENT_3D('',#60,#61,#62);
#60 = CARTESIAN_POINT('',(123.5,-107.,1.595));
#61 = DIRECTION('',(0.,0.,1.));
#62 = DIRECTION('',(-1.,1.224646799147E-16,0.));
#63 = AXIS2_PLACEMENT_3D('',#64,#65,#66);
#64 = CARTESIAN_POINT('',(0.,0.,0.));
#65 = DIRECTION('',(0.,0.,1.));
#66 = DIRECTION('',(1.,0.,-0.));
#67 = ( GEOMETRIC_REPRESENTATION_CONTEXT(3) 
GLOBAL_UNCERTAINTY_ASSIGNED_CONTEXT((#71)) GLOBAL_UNIT_ASSIGNED_CONTEXT(
(#68,#69,#70)) REPRESENTATION_CONTEXT('Context #1',
  '3D Context with UNIT and UNCERTAINTY') );
#68 = ( LENGTH_UNIT() NAMED_UNIT(*) SI_UNIT(.MILLI.,.METRE.) );
#69 = ( NAMED_UNIT(*) PLANE_ANGLE_UNIT() SI_UNIT($,.RADIAN.) );
#70 = ( NAMED_UNIT(*) SI_UNIT($,.STERADIAN.) SOLID_ANGLE_UNIT() );
#71 = UNCERTAINTY_MEASURE_WITH_UNIT(LENGTH_MEASURE(1.E-07),#68,
  'distance_accuracy_value','confusion accuracy');
#72 = PRODUCT_RELATED_PRODUCT_CATEGORY('part',$,(#7));
#73 = SHAPE_DEFINITION_REPRESENTATION(#74,#80);
#74 = PRODUCT_DEFINITION_SHAPE('','',#75);
#75 = PRODUCT_DEFINITION('design','',#76,#79);
#76 = PRODUCT_DEFINITION_FORMATION('','',#77);
#77 = PRODUCT('L_1008_2520Metric','L_1008_2520Metric','',(#78));
#78 = PRODUCT_CONTEXT('',#2,'mechanical');
#79 = PRODUCT_DEFINITION_CONTEXT('part definition',#2,'design');
#80 = SHAPE_REPRESENTATION('',(#11,#81),#85);
#81 = AXIS2_PLACEMENT_3D('',#82,#83,#84);
#82 = CARTESIAN_POINT('',(0.,0.,0.));
#83 = DIRECTION('',(0.,0.,1.));
#84 = DIRECTION('',(1.,0.,-0.));
#85 = ( GEOMETRIC_REPRESENTATION_CONTEXT(3) 
GLOBAL_UNCERTAINTY_ASSIGNED_CONTEXT((#89)) GLOBAL_UNIT_ASSIGNED_CONTEXT(
(#86,#87,#88)) REPRESENTATION_CONTEXT('Context #1',
  '3D Context with UNIT and UNCERTAINTY') );
#86 = ( LENGTH_UNIT() NAMED_UNIT(*) SI_UNIT(.MILLI.,.METRE.) );
#87 = ( NAMED_UNIT(*) PLANE_ANGLE_UNIT() SI_UNIT($,.RADIAN.) );
#88 = ( NAMED_UNIT(*) SI_UNIT($,.STERADIAN.) SOLID_ANGLE_UNIT() );
#89 = UNCERTAINTY_MEASURE_WITH_UNIT(LENGTH_MEASURE(1.E-07),#86,
  'distance_accuracy_value','confusion accuracy');
#90 = CONTEXT_DEPENDENT_SHAPE_REPRESENTATION(#91,#93);
#91 = ( REPRESENTATION_RELATIONSHIP('','',#80,#10) 
REPRESENTATION_RELATIONSHIP_WITH_TRANSFORMATION(#92) 
SHAPE_REPRESENTATION_RELATIONSHIP() );
#92 = ITEM_DEFINED_TRANSFORMATION('','',#11,#15);
#93 = PRODUCT_DEFINITION_SHAPE('Placement','Placement of an item',#94);
#94 = NEXT_ASSEMBLY_USAGE_OCCURRENCE('2','L1','',#5,#75,$);
#95 = PRODUCT_RELATED_PRODUCT_CATEGORY('part',$,(#77));
#96 = SHAPE_DEFINITION_REPRESENTATION(#97,#103);
#97 = PRODUCT_DEFINITION_SHAPE('','',#98);
#98 = PRODUCT_DEFINITION('design','',#99,#102);
#99 = PRODUCT_DEFINITION_FORMATION('','',#100);
#100 = PRODUCT('L_1008_2520Metric','L_1008_2520Metric','',(#101));
#101 = PRODUCT_CONTEXT('',#2,'mechanical');
#102 = PRODUCT_DEFINITION_CONTEXT('part definition',#2,'design');
#103 = ADVANCED_BREP_SHAPE_REPRESENTATION('',(#11,#104),#958);
#104 = MANIFOLD_SOLID_BREP('',#105);
#105 = CLOSED_SHELL('',(#106,#182,#213,#238,#263,#287,#311,#336,#361,
    #378,#464,#496,#520,#545,#569,#594,#618,#643,#660,#746,#777,#802,
    #827,#851,#875,#900,#925,#942));
#106 = ADVANCED_FACE('',(#107),#177,.F.);
#107 = FACE_BOUND('',#108,.F.);
#108 = EDGE_LOOP('',(#109,#119,#128,#136,#145,#153,#162,#170));
#109 = ORIENTED_EDGE('',*,*,#110,.F.);
#110 = EDGE_CURVE('',#111,#113,#115,.T.);
#111 = VERTEX_POINT('',#112);
#112 = CARTESIAN_POINT('',(-1.25,-1.,6.E-02));
#113 = VERTEX_POINT('',#114);
#114 = CARTESIAN_POINT('',(-1.25,-1.,1.14));
#115 = LINE('',#116,#117);
#116 = CARTESIAN_POINT('',(-1.25,-1.,0.));
#117 = VECTOR('',#118,1.);
#118 = DIRECTION('',(0.,0.,1.));
#119 = ORIENTED_EDGE('',*,*,#120,.T.);
#120 = EDGE_CURVE('',#111,#121,#123,.T.);
#121 = VERTEX_POINT('',#122);
#122 = CARTESIAN_POINT('',(-1.25,-0.94,-1.110223024625E-16));
#123 = CIRCLE('',#124,6.E-02);
#124 = AXIS2_PLACEMENT_3D('',#125,#126,#127);
#125 = CARTESIAN_POINT('',(-1.25,-0.94,6.E-02));
#126 = DIRECTION('',(1.,0.,-0.));
#127 = DIRECTION('',(0.,0.,1.));
#128 = ORIENTED_EDGE('',*,*,#129,.T.);
#129 = EDGE_CURVE('',#121,#130,#132,.T.);
#130 = VERTEX_POINT('',#131);
#131 = CARTESIAN_POINT('',(-1.25,0.94,-1.110223024625E-16));
#132 = LINE('',#133,#134);
#133 = CARTESIAN_POINT('',(-1.25,-1.,0.));
#134 = VECTOR('',#135,1.);
#135 = DIRECTION('',(0.,1.,0.));
#136 = ORIENTED_EDGE('',*,*,#137,.F.);
#137 = EDGE_CURVE('',#138,#130,#140,.T.);
#138 = VERTEX_POINT('',#139);
#139 = CARTESIAN_POINT('',(-1.25,1.,6.E-02));
#140 = CIRCLE('',#141,6.E-02);
#141 = AXIS2_PLACEMENT_3D('',#142,#143,#144);
#142 = CARTESIAN_POINT('',(-1.25,0.94,6.E-02));
#143 = DIRECTION('',(-1.,0.,0.));
#144 = DIRECTION('',(0.,0.,1.));
#145 = ORIENTED_EDGE('',*,*,#146,.T.);
#146 = EDGE_CURVE('',#138,#147,#149,.T.);
#147 = VERTEX_POINT('',#148);
#148 = CARTESIAN_POINT('',(-1.25,1.,1.14));
#149 = LINE('',#150,#151);
#150 = CARTESIAN_POINT('',(-1.25,1.,0.));
#151 = VECTOR('',#152,1.);
#152 = DIRECTION('',(0.,0.,1.));
#153 = ORIENTED_EDGE('',*,*,#154,.T.);
#154 = EDGE_CURVE('',#147,#155,#157,.T.);
#155 = VERTEX_POINT('',#156);
#156 = CARTESIAN_POINT('',(-1.25,0.94,1.2));
#157 = CIRCLE('',#158,6.E-02);
#158 = AXIS2_PLACEMENT_3D('',#159,#160,#161);
#159 = CARTESIAN_POINT('',(-1.25,0.94,1.14));
#160 = DIRECTION('',(1.,0.,-0.));
#161 = DIRECTION('',(0.,0.,1.));
#162 = ORIENTED_EDGE('',*,*,#163,.F.);
#163 = EDGE_CURVE('',#164,#155,#166,.T.);
#164 = VERTEX_POINT('',#165);
#165 = CARTESIAN_POINT('',(-1.25,-0.94,1.2));
#166 = LINE('',#167,#168);
#167 = CARTESIAN_POINT('',(-1.25,-1.,1.2));
#168 = VECTOR('',#169,1.);
#169 = DIRECTION('',(0.,1.,0.));
#170 = ORIENTED_EDGE('',*,*,#171,.F.);
#171 = EDGE_CURVE('',#113,#164,#172,.T.);
#172 = CIRCLE('',#173,6.E-02);
#173 = AXIS2_PLACEMENT_3D('',#174,#175,#176);
#174 = CARTESIAN_POINT('',(-1.25,-0.94,1.14));
#175 = DIRECTION('',(-1.,0.,0.));
#176 = DIRECTION('',(0.,0.,1.));
#177 = PLANE('',#178);
#178 = AXIS2_PLACEMENT_3D('',#179,#180,#181);
#179 = CARTESIAN_POINT('',(-1.25,-1.,0.));
#180 = DIRECTION('',(1.,0.,0.));
#181 = DIRECTION('',(0.,0.,1.));
#182 = ADVANCED_FACE('',(#183),#208,.F.);
#183 = FACE_BOUND('',#184,.F.);
#184 = EDGE_LOOP('',(#185,#195,#201,#202));
#185 = ORIENTED_EDGE('',*,*,#186,.F.);
#186 = EDGE_CURVE('',#187,#189,#191,.T.);
#187 = VERTEX_POINT('',#188);
#188 = CARTESIAN_POINT('',(-0.65,-1.,6.E-02));
#189 = VERTEX_POINT('',#190);
#190 = CARTESIAN_POINT('',(-0.65,-1.,1.14));
#191 = LINE('',#192,#193);
#192 = CARTESIAN_POINT('',(-0.65,-1.,0.));
#193 = VECTOR('',#194,1.);
#194 = DIRECTION('',(0.,0.,1.));
#195 = ORIENTED_EDGE('',*,*,#196,.F.);
#196 = EDGE_CURVE('',#111,#187,#197,.T.);
#197 = LINE('',#198,#199);
#198 = CARTESIAN_POINT('',(-1.25,-1.,6.E-02));
#199 = VECTOR('',#200,1.);
#200 = DIRECTION('',(1.,0.,0.));
#201 = ORIENTED_EDGE('',*,*,#110,.T.);
#202 = ORIENTED_EDGE('',*,*,#203,.T.);
#203 = EDGE_CURVE('',#113,#189,#204,.T.);
#204 = LINE('',#205,#206);
#205 = CARTESIAN_POINT('',(-1.25,-1.,1.14));
#206 = VECTOR('',#207,1.);
#207 = DIRECTION('',(1.,0.,0.));
#208 = PLANE('',#209);
#209 = AXIS2_PLACEMENT_3D('',#210,#211,#212);
#210 = CARTESIAN_POINT('',(-1.25,-1.,0.));
#211 = DIRECTION('',(0.,1.,0.));
#212 = DIRECTION('',(0.,-0.,1.));
#213 = ADVANCED_FACE('',(#214),#233,.T.);
#214 = FACE_BOUND('',#215,.T.);
#215 = EDGE_LOOP('',(#216,#217,#225,#232));
#216 = ORIENTED_EDGE('',*,*,#120,.T.);
#217 = ORIENTED_EDGE('',*,*,#218,.T.);
#218 = EDGE_CURVE('',#121,#219,#221,.T.);
#219 = VERTEX_POINT('',#220);
#220 = CARTESIAN_POINT('',(-0.65,-0.94,-1.110223024625E-16));
#221 = LINE('',#222,#223);
#222 = CARTESIAN_POINT('',(-1.25,-0.94,-1.110223024625E-16));
#223 = VECTOR('',#224,1.);
#224 = DIRECTION('',(1.,0.,0.));
#225 = ORIENTED_EDGE('',*,*,#226,.F.);
#226 = EDGE_CURVE('',#187,#219,#227,.T.);
#227 = CIRCLE('',#228,6.E-02);
#228 = AXIS2_PLACEMENT_3D('',#229,#230,#231);
#229 = CARTESIAN_POINT('',(-0.65,-0.94,6.E-02));
#230 = DIRECTION('',(1.,0.,-0.));
#231 = DIRECTION('',(0.,0.,1.));
#232 = ORIENTED_EDGE('',*,*,#196,.F.);
#233 = CYLINDRICAL_SURFACE('',#234,6.E-02);
#234 = AXIS2_PLACEMENT_3D('',#235,#236,#237);
#235 = CARTESIAN_POINT('',(-1.25,-0.94,6.E-02));
#236 = DIRECTION('',(1.,0.,0.));
#237 = DIRECTION('',(0.,-1.,0.));
#238 = ADVANCED_FACE('',(#239),#258,.T.);
#239 = FACE_BOUND('',#240,.T.);
#240 = EDGE_LOOP('',(#241,#242,#251,#257));
#241 = ORIENTED_EDGE('',*,*,#203,.T.);
#242 = ORIENTED_EDGE('',*,*,#243,.T.);
#243 = EDGE_CURVE('',#189,#244,#246,.T.);
#244 = VERTEX_POINT('',#245);
#245 = CARTESIAN_POINT('',(-0.65,-0.94,1.2));
#246 = CIRCLE('',#247,6.E-02);
#247 = AXIS2_PLACEMENT_3D('',#248,#249,#250);
#248 = CARTESIAN_POINT('',(-0.65,-0.94,1.14));
#249 = DIRECTION('',(-1.,0.,0.));
#250 = DIRECTION('',(0.,0.,1.));
#251 = ORIENTED_EDGE('',*,*,#252,.F.);
#252 = EDGE_CURVE('',#164,#244,#253,.T.);
#253 = LINE('',#254,#255);
#254 = CARTESIAN_POINT('',(-1.25,-0.94,1.2));
#255 = VECTOR('',#256,1.);
#256 = DIRECTION('',(1.,0.,0.));
#257 = ORIENTED_EDGE('',*,*,#171,.F.);
#258 = CYLINDRICAL_SURFACE('',#259,6.E-02);
#259 = AXIS2_PLACEMENT_3D('',#260,#261,#262);
#260 = CARTESIAN_POINT('',(-1.25,-0.94,1.14));
#261 = DIRECTION('',(1.,0.,0.));
#262 = DIRECTION('',(0.,-1.,0.));
#263 = ADVANCED_FACE('',(#264),#282,.F.);
#264 = FACE_BOUND('',#265,.F.);
#265 = EDGE_LOOP('',(#266,#267,#268,#276));
#266 = ORIENTED_EDGE('',*,*,#129,.F.);
#267 = ORIENTED_EDGE('',*,*,#218,.T.);
#268 = ORIENTED_EDGE('',*,*,#269,.T.);
#269 = EDGE_CURVE('',#219,#270,#272,.T.);
#270 = VERTEX_POINT('',#271);
#271 = CARTESIAN_POINT('',(-0.65,0.94,-1.110223024625E-16));
#272 = LINE('',#273,#274);
#273 = CARTESIAN_POINT('',(-0.65,-1.,0.));
#274 = VECTOR('',#275,1.);
#275 = DIRECTION('',(0.,1.,0.));
#276 = ORIENTED_EDGE('',*,*,#277,.F.);
#277 = EDGE_CURVE('',#130,#270,#278,.T.);
#278 = LINE('',#279,#280);
#279 = CARTESIAN_POINT('',(-1.25,0.94,-1.110223024625E-16));
#280 = VECTOR('',#281,1.);
#281 = DIRECTION('',(1.,0.,0.));
#282 = PLANE('',#283);
#283 = AXIS2_PLACEMENT_3D('',#284,#285,#286);
#284 = CARTESIAN_POINT('',(-1.25,-1.,0.));
#285 = DIRECTION('',(0.,0.,1.));
#286 = DIRECTION('',(1.,0.,-0.));
#287 = ADVANCED_FACE('',(#288),#306,.T.);
#288 = FACE_BOUND('',#289,.T.);
#289 = EDGE_LOOP('',(#290,#291,#292,#300));
#290 = ORIENTED_EDGE('',*,*,#163,.F.);
#291 = ORIENTED_EDGE('',*,*,#252,.T.);
#292 = ORIENTED_EDGE('',*,*,#293,.T.);
#293 = EDGE_CURVE('',#244,#294,#296,.T.);
#294 = VERTEX_POINT('',#295);
#295 = CARTESIAN_POINT('',(-0.65,0.94,1.2));
#296 = LINE('',#297,#298);
#297 = CARTESIAN_POINT('',(-0.65,-1.,1.2));
#298 = VECTOR('',#299,1.);
#299 = DIRECTION('',(0.,1.,0.));
#300 = ORIENTED_EDGE('',*,*,#301,.F.);
#301 = EDGE_CURVE('',#155,#294,#302,.T.);
#302 = LINE('',#303,#304);
#303 = CARTESIAN_POINT('',(-1.25,0.94,1.2));
#304 = VECTOR('',#305,1.);
#305 = DIRECTION('',(1.,0.,0.));
#306 = PLANE('',#307);
#307 = AXIS2_PLACEMENT_3D('',#308,#309,#310);
#308 = CARTESIAN_POINT('',(-1.25,-1.,1.2));
#309 = DIRECTION('',(0.,0.,1.));
#310 = DIRECTION('',(1.,0.,-0.));
#311 = ADVANCED_FACE('',(#312),#331,.T.);
#312 = FACE_BOUND('',#313,.T.);
#313 = EDGE_LOOP('',(#314,#322,#329,#330));
#314 = ORIENTED_EDGE('',*,*,#315,.T.);
#315 = EDGE_CURVE('',#138,#316,#318,.T.);
#316 = VERTEX_POINT('',#317);
#317 = CARTESIAN_POINT('',(-0.65,1.,6.E-02));
#318 = LINE('',#319,#320);
#319 = CARTESIAN_POINT('',(-1.25,1.,6.E-02));
#320 = VECTOR('',#321,1.);
#321 = DIRECTION('',(1.,0.,0.));
#322 = ORIENTED_EDGE('',*,*,#323,.T.);
#323 = EDGE_CURVE('',#316,#270,#324,.T.);
#324 = CIRCLE('',#325,6.E-02);
#325 = AXIS2_PLACEMENT_3D('',#326,#327,#328);
#326 = CARTESIAN_POINT('',(-0.65,0.94,6.E-02));
#327 = DIRECTION('',(-1.,0.,0.));
#328 = DIRECTION('',(0.,0.,1.));
#329 = ORIENTED_EDGE('',*,*,#277,.F.);
#330 = ORIENTED_EDGE('',*,*,#137,.F.);
#331 = CYLINDRICAL_SURFACE('',#332,6.E-02);
#332 = AXIS2_PLACEMENT_3D('',#333,#334,#335);
#333 = CARTESIAN_POINT('',(-1.25,0.94,6.E-02));
#334 = DIRECTION('',(1.,0.,0.));
#335 = DIRECTION('',(-0.,1.,0.));
#336 = ADVANCED_FACE('',(#337),#356,.T.);
#337 = FACE_BOUND('',#338,.T.);
#338 = EDGE_LOOP('',(#339,#340,#341,#350));
#339 = ORIENTED_EDGE('',*,*,#154,.T.);
#340 = ORIENTED_EDGE('',*,*,#301,.T.);
#341 = ORIENTED_EDGE('',*,*,#342,.F.);
#342 = EDGE_CURVE('',#343,#294,#345,.T.);
#343 = VERTEX_POINT('',#344);
#344 = CARTESIAN_POINT('',(-0.65,1.,1.14));
#345 = CIRCLE('',#346,6.E-02);
#346 = AXIS2_PLACEMENT_3D('',#347,#348,#349);
#347 = CARTESIAN_POINT('',(-0.65,0.94,1.14));
#348 = DIRECTION('',(1.,0.,-0.));
#349 = DIRECTION('',(0.,0.,1.));
#350 = ORIENTED_EDGE('',*,*,#351,.F.);
#351 = EDGE_CURVE('',#147,#343,#352,.T.);
#352 = LINE('',#353,#354);
#353 = CARTESIAN_POINT('',(-1.25,1.,1.14));
#354 = VECTOR('',#355,1.);
#355 = DIRECTION('',(1.,0.,0.));
#356 = CYLINDRICAL_SURFACE('',#357,6.E-02);
#357 = AXIS2_PLACEMENT_3D('',#358,#359,#360);
#358 = CARTESIAN_POINT('',(-1.25,0.94,1.14));
#359 = DIRECTION('',(1.,0.,0.));
#360 = DIRECTION('',(-0.,1.,0.));
#361 = ADVANCED_FACE('',(#362),#373,.T.);
#362 = FACE_BOUND('',#363,.T.);
#363 = EDGE_LOOP('',(#364,#370,#371,#372));
#364 = ORIENTED_EDGE('',*,*,#365,.F.);
#365 = EDGE_CURVE('',#316,#343,#366,.T.);
#366 = LINE('',#367,#368);
#367 = CARTESIAN_POINT('',(-0.65,1.,0.));
#368 = VECTOR('',#369,1.);
#369 = DIRECTION('',(0.,0.,1.));
#370 = ORIENTED_EDGE('',*,*,#315,.F.);
#371 = ORIENTED_EDGE('',*,*,#146,.T.);
#372 = ORIENTED_EDGE('',*,*,#351,.T.);
#373 = PLANE('',#374);
#374 = AXIS2_PLACEMENT_3D('',#375,#376,#377);
#375 = CARTESIAN_POINT('',(-1.25,1.,0.));
#376 = DIRECTION('',(0.,1.,0.));
#377 = DIRECTION('',(0.,-0.,1.));
#378 = ADVANCED_FACE('',(#379,#389),#459,.T.);
#379 = FACE_BOUND('',#380,.T.);
#380 = EDGE_LOOP('',(#381,#382,#383,#384,#385,#386,#387,#388));
#381 = ORIENTED_EDGE('',*,*,#186,.F.);
#382 = ORIENTED_EDGE('',*,*,#226,.T.);
#383 = ORIENTED_EDGE('',*,*,#269,.T.);
#384 = ORIENTED_EDGE('',*,*,#323,.F.);
#385 = ORIENTED_EDGE('',*,*,#365,.T.);
#386 = ORIENTED_EDGE('',*,*,#342,.T.);
#387 = ORIENTED_EDGE('',*,*,#293,.F.);
#388 = ORIENTED_EDGE('',*,*,#243,.F.);
#389 = FACE_BOUND('',#390,.T.);
#390 = EDGE_LOOP('',(#391,#402,#410,#419,#427,#436,#444,#453));
#391 = ORIENTED_EDGE('',*,*,#392,.F.);
#392 = EDGE_CURVE('',#393,#395,#397,.T.);
#393 = VERTEX_POINT('',#394);
#394 = CARTESIAN_POINT('',(-0.65,-0.94,0.12));
#395 = VERTEX_POINT('',#396);
#396 = CARTESIAN_POINT('',(-0.65,-0.88,6.E-02));
#397 = CIRCLE('',#398,6.E-02);
#398 = AXIS2_PLACEMENT_3D('',#399,#400,#401);
#399 = CARTESIAN_POINT('',(-0.65,-0.88,0.12));
#400 = DIRECTION('',(1.,0.,-0.));
#401 = DIRECTION('',(0.,0.,1.));
#402 = ORIENTED_EDGE('',*,*,#403,.T.);
#403 = EDGE_CURVE('',#393,#404,#406,.T.);
#404 = VERTEX_POINT('',#405);
#405 = CARTESIAN_POINT('',(-0.65,-0.94,1.08));
#406 = LINE('',#407,#408);
#407 = CARTESIAN_POINT('',(-0.65,-0.94,6.E-02));
#408 = VECTOR('',#409,1.);
#409 = DIRECTION('',(0.,0.,1.));
#410 = ORIENTED_EDGE('',*,*,#411,.T.);
#411 = EDGE_CURVE('',#404,#412,#414,.T.);
#412 = VERTEX_POINT('',#413);
#413 = CARTESIAN_POINT('',(-0.65,-0.88,1.14));
#414 = CIRCLE('',#415,6.E-02);
#415 = AXIS2_PLACEMENT_3D('',#416,#417,#418);
#416 = CARTESIAN_POINT('',(-0.65,-0.88,1.08));
#417 = DIRECTION('',(-1.,0.,0.));
#418 = DIRECTION('',(0.,0.,1.));
#419 = ORIENTED_EDGE('',*,*,#420,.T.);
#420 = EDGE_CURVE('',#412,#421,#423,.T.);
#421 = VERTEX_POINT('',#422);
#422 = CARTESIAN_POINT('',(-0.65,0.88,1.14));
#423 = LINE('',#424,#425);
#424 = CARTESIAN_POINT('',(-0.65,-0.94,1.14));
#425 = VECTOR('',#426,1.);
#426 = DIRECTION('',(0.,1.,0.));
#427 = ORIENTED_EDGE('',*,*,#428,.F.);
#428 = EDGE_CURVE('',#429,#421,#431,.T.);
#429 = VERTEX_POINT('',#430);
#430 = CARTESIAN_POINT('',(-0.65,0.94,1.08));
#431 = CIRCLE('',#432,6.E-02);
#432 = AXIS2_PLACEMENT_3D('',#433,#434,#435);
#433 = CARTESIAN_POINT('',(-0.65,0.88,1.08));
#434 = DIRECTION('',(1.,0.,-0.));
#435 = DIRECTION('',(0.,0.,1.));
#436 = ORIENTED_EDGE('',*,*,#437,.F.);
#437 = EDGE_CURVE('',#438,#429,#440,.T.);
#438 = VERTEX_POINT('',#439);
#439 = CARTESIAN_POINT('',(-0.65,0.94,0.12));
#440 = LINE('',#441,#442);
#441 = CARTESIAN_POINT('',(-0.65,0.94,6.E-02));
#442 = VECTOR('',#443,1.);
#443 = DIRECTION('',(0.,0.,1.));
#444 = ORIENTED_EDGE('',*,*,#445,.T.);
#445 = EDGE_CURVE('',#438,#446,#448,.T.);
#446 = VERTEX_POINT('',#447);
#447 = CARTESIAN_POINT('',(-0.65,0.88,6.E-02));
#448 = CIRCLE('',#449,6.E-02);
#449 = AXIS2_PLACEMENT_3D('',#450,#451,#452);
#450 = CARTESIAN_POINT('',(-0.65,0.88,0.12));
#451 = DIRECTION('',(-1.,0.,0.));
#452 = DIRECTION('',(0.,0.,1.));
#453 = ORIENTED_EDGE('',*,*,#454,.F.);
#454 = EDGE_CURVE('',#395,#446,#455,.T.);
#455 = LINE('',#456,#457);
#456 = CARTESIAN_POINT('',(-0.65,-0.94,6.E-02));
#457 = VECTOR('',#458,1.);
#458 = DIRECTION('',(0.,1.,0.));
#459 = PLANE('',#460);
#460 = AXIS2_PLACEMENT_3D('',#461,#462,#463);
#461 = CARTESIAN_POINT('',(-0.65,-1.,0.));
#462 = DIRECTION('',(1.,0.,0.));
#463 = DIRECTION('',(0.,0.,1.));
#464 = ADVANCED_FACE('',(#465),#491,.T.);
#465 = FACE_BOUND('',#466,.T.);
#466 = EDGE_LOOP('',(#467,#468,#476,#485));
#467 = ORIENTED_EDGE('',*,*,#392,.T.);
#468 = ORIENTED_EDGE('',*,*,#469,.T.);
#469 = EDGE_CURVE('',#395,#470,#472,.T.);
#470 = VERTEX_POINT('',#471);
#471 = CARTESIAN_POINT('',(0.65,-0.88,6.E-02));
#472 = LINE('',#473,#474);
#473 = CARTESIAN_POINT('',(-0.65,-0.88,6.E-02));
#474 = VECTOR('',#475,1.);
#475 = DIRECTION('',(1.,0.,0.));
#476 = ORIENTED_EDGE('',*,*,#477,.F.);
#477 = EDGE_CURVE('',#478,#470,#480,.T.);
#478 = VERTEX_POINT('',#479);
#479 = CARTESIAN_POINT('',(0.65,-0.94,0.12));
#480 = CIRCLE('',#481,6.E-02);
#481 = AXIS2_PLACEMENT_3D('',#482,#483,#484);
#482 = CARTESIAN_POINT('',(0.65,-0.88,0.12));
#483 = DIRECTION('',(1.,0.,-0.));
#484 = DIRECTION('',(0.,0.,1.));
#485 = ORIENTED_EDGE('',*,*,#486,.F.);
#486 = EDGE_CURVE('',#393,#478,#487,.T.);
#487 = LINE('',#488,#489);
#488 = CARTESIAN_POINT('',(-0.65,-0.94,0.12));
#489 = VECTOR('',#490,1.);
#490 = DIRECTION('',(1.,0.,0.));
#491 = CYLINDRICAL_SURFACE('',#492,6.E-02);
#492 = AXIS2_PLACEMENT_3D('',#493,#494,#495);
#493 = CARTESIAN_POINT('',(-0.65,-0.88,0.12));
#494 = DIRECTION('',(1.,0.,0.));
#495 = DIRECTION('',(0.,-1.,0.));
#496 = ADVANCED_FACE('',(#497),#515,.F.);
#497 = FACE_BOUND('',#498,.F.);
#498 = EDGE_LOOP('',(#499,#500,#501,#509));
#499 = ORIENTED_EDGE('',*,*,#454,.F.);
#500 = ORIENTED_EDGE('',*,*,#469,.T.);
#501 = ORIENTED_EDGE('',*,*,#502,.T.);
#502 = EDGE_CURVE('',#470,#503,#505,.T.);
#503 = VERTEX_POINT('',#504);
#504 = CARTESIAN_POINT('',(0.65,0.88,6.E-02));
#505 = LINE('',#506,#507);
#506 = CARTESIAN_POINT('',(0.65,-0.94,6.E-02));
#507 = VECTOR('',#508,1.);
#508 = DIRECTION('',(0.,1.,0.));
#509 = ORIENTED_EDGE('',*,*,#510,.F.);
#510 = EDGE_CURVE('',#446,#503,#511,.T.);
#511 = LINE('',#512,#513);
#512 = CARTESIAN_POINT('',(-0.65,0.88,6.E-02));
#513 = VECTOR('',#514,1.);
#514 = DIRECTION('',(1.,0.,0.));
#515 = PLANE('',#516);
#516 = AXIS2_PLACEMENT_3D('',#517,#518,#519);
#517 = CARTESIAN_POINT('',(-0.65,-0.94,6.E-02));
#518 = DIRECTION('',(0.,0.,1.));
#519 = DIRECTION('',(1.,0.,-0.));
#520 = ADVANCED_FACE('',(#521),#540,.T.);
#521 = FACE_BOUND('',#522,.T.);
#522 = EDGE_LOOP('',(#523,#531,#538,#539));
#523 = ORIENTED_EDGE('',*,*,#524,.T.);
#524 = EDGE_CURVE('',#438,#525,#527,.T.);
#525 = VERTEX_POINT('',#526);
#526 = CARTESIAN_POINT('',(0.65,0.94,0.12));
#527 = LINE('',#528,#529);
#528 = CARTESIAN_POINT('',(-0.65,0.94,0.12));
#529 = VECTOR('',#530,1.);
#530 = DIRECTION('',(1.,0.,0.));
#531 = ORIENTED_EDGE('',*,*,#532,.T.);
#532 = EDGE_CURVE('',#525,#503,#533,.T.);
#533 = CIRCLE('',#534,6.E-02);
#534 = AXIS2_PLACEMENT_3D('',#535,#536,#537);
#535 = CARTESIAN_POINT('',(0.65,0.88,0.12));
#536 = DIRECTION('',(-1.,0.,0.));
#537 = DIRECTION('',(0.,0.,1.));
#538 = ORIENTED_EDGE('',*,*,#510,.F.);
#539 = ORIENTED_EDGE('',*,*,#445,.F.);
#540 = CYLINDRICAL_SURFACE('',#541,6.E-02);
#541 = AXIS2_PLACEMENT_3D('',#542,#543,#544);
#542 = CARTESIAN_POINT('',(-0.65,0.88,0.12));
#543 = DIRECTION('',(1.,0.,0.));
#544 = DIRECTION('',(-0.,1.,0.));
#545 = ADVANCED_FACE('',(#546),#564,.T.);
#546 = FACE_BOUND('',#547,.T.);
#547 = EDGE_LOOP('',(#548,#556,#557,#558));
#548 = ORIENTED_EDGE('',*,*,#549,.F.);
#549 = EDGE_CURVE('',#525,#550,#552,.T.);
#550 = VERTEX_POINT('',#551);
#551 = CARTESIAN_POINT('',(0.65,0.94,1.08));
#552 = LINE('',#553,#554);
#553 = CARTESIAN_POINT('',(0.65,0.94,6.E-02));
#554 = VECTOR('',#555,1.);
#555 = DIRECTION('',(0.,0.,1.));
#556 = ORIENTED_EDGE('',*,*,#524,.F.);
#557 = ORIENTED_EDGE('',*,*,#437,.T.);
#558 = ORIENTED_EDGE('',*,*,#559,.T.);
#559 = EDGE_CURVE('',#429,#550,#560,.T.);
#560 = LINE('',#561,#562);
#561 = CARTESIAN_POINT('',(-0.65,0.94,1.08));
#562 = VECTOR('',#563,1.);
#563 = DIRECTION('',(1.,0.,0.));
#564 = PLANE('',#565);
#565 = AXIS2_PLACEMENT_3D('',#566,#567,#568);
#566 = CARTESIAN_POINT('',(-0.65,0.94,6.E-02));
#567 = DIRECTION('',(0.,1.,0.));
#568 = DIRECTION('',(0.,-0.,1.));
#569 = ADVANCED_FACE('',(#570),#589,.T.);
#570 = FACE_BOUND('',#571,.T.);
#571 = EDGE_LOOP('',(#572,#573,#581,#588));
#572 = ORIENTED_EDGE('',*,*,#428,.T.);
#573 = ORIENTED_EDGE('',*,*,#574,.T.);
#574 = EDGE_CURVE('',#421,#575,#577,.T.);
#575 = VERTEX_POINT('',#576);
#576 = CARTESIAN_POINT('',(0.65,0.88,1.14));
#577 = LINE('',#578,#579);
#578 = CARTESIAN_POINT('',(-0.65,0.88,1.14));
#579 = VECTOR('',#580,1.);
#580 = DIRECTION('',(1.,0.,0.));
#581 = ORIENTED_EDGE('',*,*,#582,.F.);
#582 = EDGE_CURVE('',#550,#575,#583,.T.);
#583 = CIRCLE('',#584,6.E-02);
#584 = AXIS2_PLACEMENT_3D('',#585,#586,#587);
#585 = CARTESIAN_POINT('',(0.65,0.88,1.08));
#586 = DIRECTION('',(1.,0.,-0.));
#587 = DIRECTION('',(0.,0.,1.));
#588 = ORIENTED_EDGE('',*,*,#559,.F.);
#589 = CYLINDRICAL_SURFACE('',#590,6.E-02);
#590 = AXIS2_PLACEMENT_3D('',#591,#592,#593);
#591 = CARTESIAN_POINT('',(-0.65,0.88,1.08));
#592 = DIRECTION('',(1.,0.,0.));
#593 = DIRECTION('',(-0.,1.,0.));
#594 = ADVANCED_FACE('',(#595),#613,.T.);
#595 = FACE_BOUND('',#596,.T.);
#596 = EDGE_LOOP('',(#597,#598,#606,#612));
#597 = ORIENTED_EDGE('',*,*,#420,.F.);
#598 = ORIENTED_EDGE('',*,*,#599,.T.);
#599 = EDGE_CURVE('',#412,#600,#602,.T.);
#600 = VERTEX_POINT('',#601);
#601 = CARTESIAN_POINT('',(0.65,-0.88,1.14));
#602 = LINE('',#603,#604);
#603 = CARTESIAN_POINT('',(-0.65,-0.88,1.14));
#604 = VECTOR('',#605,1.);
#605 = DIRECTION('',(1.,0.,0.));
#606 = ORIENTED_EDGE('',*,*,#607,.T.);
#607 = EDGE_CURVE('',#600,#575,#608,.T.);
#608 = LINE('',#609,#610);
#609 = CARTESIAN_POINT('',(0.65,-0.94,1.14));
#610 = VECTOR('',#611,1.);
#611 = DIRECTION('',(0.,1.,0.));
#612 = ORIENTED_EDGE('',*,*,#574,.F.);
#613 = PLANE('',#614);
#614 = AXIS2_PLACEMENT_3D('',#615,#616,#617);
#615 = CARTESIAN_POINT('',(-0.65,-0.94,1.14));
#616 = DIRECTION('',(0.,0.,1.));
#617 = DIRECTION('',(1.,0.,-0.));
#618 = ADVANCED_FACE('',(#619),#638,.T.);
#619 = FACE_BOUND('',#620,.T.);
#620 = EDGE_LOOP('',(#621,#629,#636,#637));
#621 = ORIENTED_EDGE('',*,*,#622,.T.);
#622 = EDGE_CURVE('',#404,#623,#625,.T.);
#623 = VERTEX_POINT('',#624);
#624 = CARTESIAN_POINT('',(0.65,-0.94,1.08));
#625 = LINE('',#626,#627);
#626 = CARTESIAN_POINT('',(-0.65,-0.94,1.08));
#627 = VECTOR('',#628,1.);
#628 = DIRECTION('',(1.,0.,0.));
#629 = ORIENTED_EDGE('',*,*,#630,.T.);
#630 = EDGE_CURVE('',#623,#600,#631,.T.);
#631 = CIRCLE('',#632,6.E-02);
#632 = AXIS2_PLACEMENT_3D('',#633,#634,#635);
#633 = CARTESIAN_POINT('',(0.65,-0.88,1.08));
#634 = DIRECTION('',(-1.,0.,0.));
#635 = DIRECTION('',(0.,0.,1.));
#636 = ORIENTED_EDGE('',*,*,#599,.F.);
#637 = ORIENTED_EDGE('',*,*,#411,.F.);
#638 = CYLINDRICAL_SURFACE('',#639,6.E-02);
#639 = AXIS2_PLACEMENT_3D('',#640,#641,#642);
#640 = CARTESIAN_POINT('',(-0.65,-0.88,1.08));
#641 = DIRECTION('',(1.,0.,0.));
#642 = DIRECTION('',(0.,-1.,0.));
#643 = ADVANCED_FACE('',(#644),#655,.F.);
#644 = FACE_BOUND('',#645,.F.);
#645 = EDGE_LOOP('',(#646,#652,#653,#654));
#646 = ORIENTED_EDGE('',*,*,#647,.F.);
#647 = EDGE_CURVE('',#478,#623,#648,.T.);
#648 = LINE('',#649,#650);
#649 = CARTESIAN_POINT('',(0.65,-0.94,6.E-02));
#650 = VECTOR('',#651,1.);
#651 = DIRECTION('',(0.,0.,1.));
#652 = ORIENTED_EDGE('',*,*,#486,.F.);
#653 = ORIENTED_EDGE('',*,*,#403,.T.);
#654 = ORIENTED_EDGE('',*,*,#622,.T.);
#655 = PLANE('',#656);
#656 = AXIS2_PLACEMENT_3D('',#657,#658,#659);
#657 = CARTESIAN_POINT('',(-0.65,-0.94,6.E-02));
#658 = DIRECTION('',(0.,1.,0.));
#659 = DIRECTION('',(0.,-0.,1.));
#660 = ADVANCED_FACE('',(#661,#731),#741,.F.);
#661 = FACE_BOUND('',#662,.F.);
#662 = EDGE_LOOP('',(#663,#673,#682,#690,#699,#707,#716,#724));
#663 = ORIENTED_EDGE('',*,*,#664,.F.);
#664 = EDGE_CURVE('',#665,#667,#669,.T.);
#665 = VERTEX_POINT('',#666);
#666 = CARTESIAN_POINT('',(0.65,-1.,6.E-02));
#667 = VERTEX_POINT('',#668);
#668 = CARTESIAN_POINT('',(0.65,-1.,1.14));
#669 = LINE('',#670,#671);
#670 = CARTESIAN_POINT('',(0.65,-1.,0.));
#671 = VECTOR('',#672,1.);
#672 = DIRECTION('',(0.,0.,1.));
#673 = ORIENTED_EDGE('',*,*,#674,.T.);
#674 = EDGE_CURVE('',#665,#675,#677,.T.);
#675 = VERTEX_POINT('',#676);
#676 = CARTESIAN_POINT('',(0.65,-0.94,-1.110223024625E-16));
#677 = CIRCLE('',#678,6.E-02);
#678 = AXIS2_PLACEMENT_3D('',#679,#680,#681);
#679 = CARTESIAN_POINT('',(0.65,-0.94,6.E-02));
#680 = DIRECTION('',(1.,0.,-0.));
#681 = DIRECTION('',(0.,0.,1.));
#682 = ORIENTED_EDGE('',*,*,#683,.T.);
#683 = EDGE_CURVE('',#675,#684,#686,.T.);
#684 = VERTEX_POINT('',#685);
#685 = CARTESIAN_POINT('',(0.65,0.94,-1.110223024625E-16));
#686 = LINE('',#687,#688);
#687 = CARTESIAN_POINT('',(0.65,-1.,0.));
#688 = VECTOR('',#689,1.);
#689 = DIRECTION('',(0.,1.,0.));
#690 = ORIENTED_EDGE('',*,*,#691,.F.);
#691 = EDGE_CURVE('',#692,#684,#694,.T.);
#692 = VERTEX_POINT('',#693);
#693 = CARTESIAN_POINT('',(0.65,1.,6.E-02));
#694 = CIRCLE('',#695,6.E-02);
#695 = AXIS2_PLACEMENT_3D('',#696,#697,#698);
#696 = CARTESIAN_POINT('',(0.65,0.94,6.E-02));
#697 = DIRECTION('',(-1.,0.,0.));
#698 = DIRECTION('',(0.,0.,1.));
#699 = ORIENTED_EDGE('',*,*,#700,.T.);
#700 = EDGE_CURVE('',#692,#701,#703,.T.);
#701 = VERTEX_POINT('',#702);
#702 = CARTESIAN_POINT('',(0.65,1.,1.14));
#703 = LINE('',#704,#705);
#704 = CARTESIAN_POINT('',(0.65,1.,0.));
#705 = VECTOR('',#706,1.);
#706 = DIRECTION('',(0.,0.,1.));
#707 = ORIENTED_EDGE('',*,*,#708,.T.);
#708 = EDGE_CURVE('',#701,#709,#711,.T.);
#709 = VERTEX_POINT('',#710);
#710 = CARTESIAN_POINT('',(0.65,0.94,1.2));
#711 = CIRCLE('',#712,6.E-02);
#712 = AXIS2_PLACEMENT_3D('',#713,#714,#715);
#713 = CARTESIAN_POINT('',(0.65,0.94,1.14));
#714 = DIRECTION('',(1.,0.,-0.));
#715 = DIRECTION('',(0.,0.,1.));
#716 = ORIENTED_EDGE('',*,*,#717,.F.);
#717 = EDGE_CURVE('',#718,#709,#720,.T.);
#718 = VERTEX_POINT('',#719);
#719 = CARTESIAN_POINT('',(0.65,-0.94,1.2));
#720 = LINE('',#721,#722);
#721 = CARTESIAN_POINT('',(0.65,-1.,1.2));
#722 = VECTOR('',#723,1.);
#723 = DIRECTION('',(0.,1.,0.));
#724 = ORIENTED_EDGE('',*,*,#725,.F.);
#725 = EDGE_CURVE('',#667,#718,#726,.T.);
#726 = CIRCLE('',#727,6.E-02);
#727 = AXIS2_PLACEMENT_3D('',#728,#729,#730);
#728 = CARTESIAN_POINT('',(0.65,-0.94,1.14));
#729 = DIRECTION('',(-1.,0.,0.));
#730 = DIRECTION('',(0.,0.,1.));
#731 = FACE_BOUND('',#732,.F.);
#732 = EDGE_LOOP('',(#733,#734,#735,#736,#737,#738,#739,#740));
#733 = ORIENTED_EDGE('',*,*,#477,.F.);
#734 = ORIENTED_EDGE('',*,*,#647,.T.);
#735 = ORIENTED_EDGE('',*,*,#630,.T.);
#736 = ORIENTED_EDGE('',*,*,#607,.T.);
#737 = ORIENTED_EDGE('',*,*,#582,.F.);
#738 = ORIENTED_EDGE('',*,*,#549,.F.);
#739 = ORIENTED_EDGE('',*,*,#532,.T.);
#740 = ORIENTED_EDGE('',*,*,#502,.F.);
#741 = PLANE('',#742);
#742 = AXIS2_PLACEMENT_3D('',#743,#744,#745);
#743 = CARTESIAN_POINT('',(0.65,-1.,0.));
#744 = DIRECTION('',(1.,0.,0.));
#745 = DIRECTION('',(0.,0.,1.));
#746 = ADVANCED_FACE('',(#747),#772,.F.);
#747 = FACE_BOUND('',#748,.F.);
#748 = EDGE_LOOP('',(#749,#759,#765,#766));
#749 = ORIENTED_EDGE('',*,*,#750,.F.);
#750 = EDGE_CURVE('',#751,#753,#755,.T.);
#751 = VERTEX_POINT('',#752);
#752 = CARTESIAN_POINT('',(1.25,-1.,6.E-02));
#753 = VERTEX_POINT('',#754);
#754 = CARTESIAN_POINT('',(1.25,-1.,1.14));
#755 = LINE('',#756,#757);
#756 = CARTESIAN_POINT('',(1.25,-1.,0.));
#757 = VECTOR('',#758,1.);
#758 = DIRECTION('',(0.,0.,1.));
#759 = ORIENTED_EDGE('',*,*,#760,.F.);
#760 = EDGE_CURVE('',#665,#751,#761,.T.);
#761 = LINE('',#762,#763);
#762 = CARTESIAN_POINT('',(0.65,-1.,6.E-02));
#763 = VECTOR('',#764,1.);
#764 = DIRECTION('',(1.,0.,0.));
#765 = ORIENTED_EDGE('',*,*,#664,.T.);
#766 = ORIENTED_EDGE('',*,*,#767,.T.);
#767 = EDGE_CURVE('',#667,#753,#768,.T.);
#768 = LINE('',#769,#770);
#769 = CARTESIAN_POINT('',(0.65,-1.,1.14));
#770 = VECTOR('',#771,1.);
#771 = DIRECTION('',(1.,0.,0.));
#772 = PLANE('',#773);
#773 = AXIS2_PLACEMENT_3D('',#774,#775,#776);
#774 = CARTESIAN_POINT('',(0.65,-1.,0.));
#775 = DIRECTION('',(0.,1.,0.));
#776 = DIRECTION('',(0.,-0.,1.));
#777 = ADVANCED_FACE('',(#778),#797,.T.);
#778 = FACE_BOUND('',#779,.T.);
#779 = EDGE_LOOP('',(#780,#781,#789,#796));
#780 = ORIENTED_EDGE('',*,*,#674,.T.);
#781 = ORIENTED_EDGE('',*,*,#782,.T.);
#782 = EDGE_CURVE('',#675,#783,#785,.T.);
#783 = VERTEX_POINT('',#784);
#784 = CARTESIAN_POINT('',(1.25,-0.94,-1.110223024625E-16));
#785 = LINE('',#786,#787);
#786 = CARTESIAN_POINT('',(0.65,-0.94,-1.110223024625E-16));
#787 = VECTOR('',#788,1.);
#788 = DIRECTION('',(1.,0.,0.));
#789 = ORIENTED_EDGE('',*,*,#790,.F.);
#790 = EDGE_CURVE('',#751,#783,#791,.T.);
#791 = CIRCLE('',#792,6.E-02);
#792 = AXIS2_PLACEMENT_3D('',#793,#794,#795);
#793 = CARTESIAN_POINT('',(1.25,-0.94,6.E-02));
#794 = DIRECTION('',(1.,0.,-0.));
#795 = DIRECTION('',(0.,0.,1.));
#796 = ORIENTED_EDGE('',*,*,#760,.F.);
#797 = CYLINDRICAL_SURFACE('',#798,6.E-02);
#798 = AXIS2_PLACEMENT_3D('',#799,#800,#801);
#799 = CARTESIAN_POINT('',(0.65,-0.94,6.E-02));
#800 = DIRECTION('',(1.,0.,0.));
#801 = DIRECTION('',(0.,-1.,0.));
#802 = ADVANCED_FACE('',(#803),#822,.T.);
#803 = FACE_BOUND('',#804,.T.);
#804 = EDGE_LOOP('',(#805,#806,#815,#821));
#805 = ORIENTED_EDGE('',*,*,#767,.T.);
#806 = ORIENTED_EDGE('',*,*,#807,.T.);
#807 = EDGE_CURVE('',#753,#808,#810,.T.);
#808 = VERTEX_POINT('',#809);
#809 = CARTESIAN_POINT('',(1.25,-0.94,1.2));
#810 = CIRCLE('',#811,6.E-02);
#811 = AXIS2_PLACEMENT_3D('',#812,#813,#814);
#812 = CARTESIAN_POINT('',(1.25,-0.94,1.14));
#813 = DIRECTION('',(-1.,0.,0.));
#814 = DIRECTION('',(0.,0.,1.));
#815 = ORIENTED_EDGE('',*,*,#816,.F.);
#816 = EDGE_CURVE('',#718,#808,#817,.T.);
#817 = LINE('',#818,#819);
#818 = CARTESIAN_POINT('',(0.65,-0.94,1.2));
#819 = VECTOR('',#820,1.);
#820 = DIRECTION('',(1.,0.,0.));
#821 = ORIENTED_EDGE('',*,*,#725,.F.);
#822 = CYLINDRICAL_SURFACE('',#823,6.E-02);
#823 = AXIS2_PLACEMENT_3D('',#824,#825,#826);
#824 = CARTESIAN_POINT('',(0.65,-0.94,1.14));
#825 = DIRECTION('',(1.,0.,0.));
#826 = DIRECTION('',(0.,-1.,0.));
#827 = ADVANCED_FACE('',(#828),#846,.F.);
#828 = FACE_BOUND('',#829,.F.);
#829 = EDGE_LOOP('',(#830,#831,#832,#840));
#830 = ORIENTED_EDGE('',*,*,#683,.F.);
#831 = ORIENTED_EDGE('',*,*,#782,.T.);
#832 = ORIENTED_EDGE('',*,*,#833,.T.);
#833 = EDGE_CURVE('',#783,#834,#836,.T.);
#834 = VERTEX_POINT('',#835);
#835 = CARTESIAN_POINT('',(1.25,0.94,-1.110223024625E-16));
#836 = LINE('',#837,#838);
#837 = CARTESIAN_POINT('',(1.25,-1.,0.));
#838 = VECTOR('',#839,1.);
#839 = DIRECTION('',(0.,1.,0.));
#840 = ORIENTED_EDGE('',*,*,#841,.F.);
#841 = EDGE_CURVE('',#684,#834,#842,.T.);
#842 = LINE('',#843,#844);
#843 = CARTESIAN_POINT('',(0.65,0.94,-1.110223024625E-16));
#844 = VECTOR('',#845,1.);
#845 = DIRECTION('',(1.,0.,0.));
#846 = PLANE('',#847);
#847 = AXIS2_PLACEMENT_3D('',#848,#849,#850);
#848 = CARTESIAN_POINT('',(0.65,-1.,0.));
#849 = DIRECTION('',(0.,0.,1.));
#850 = DIRECTION('',(1.,0.,-0.));
#851 = ADVANCED_FACE('',(#852),#870,.T.);
#852 = FACE_BOUND('',#853,.T.);
#853 = EDGE_LOOP('',(#854,#855,#856,#864));
#854 = ORIENTED_EDGE('',*,*,#717,.F.);
#855 = ORIENTED_EDGE('',*,*,#816,.T.);
#856 = ORIENTED_EDGE('',*,*,#857,.T.);
#857 = EDGE_CURVE('',#808,#858,#860,.T.);
#858 = VERTEX_POINT('',#859);
#859 = CARTESIAN_POINT('',(1.25,0.94,1.2));
#860 = LINE('',#861,#862);
#861 = CARTESIAN_POINT('',(1.25,-1.,1.2));
#862 = VECTOR('',#863,1.);
#863 = DIRECTION('',(0.,1.,0.));
#864 = ORIENTED_EDGE('',*,*,#865,.F.);
#865 = EDGE_CURVE('',#709,#858,#866,.T.);
#866 = LINE('',#867,#868);
#867 = CARTESIAN_POINT('',(0.65,0.94,1.2));
#868 = VECTOR('',#869,1.);
#869 = DIRECTION('',(1.,0.,0.));
#870 = PLANE('',#871);
#871 = AXIS2_PLACEMENT_3D('',#872,#873,#874);
#872 = CARTESIAN_POINT('',(0.65,-1.,1.2));
#873 = DIRECTION('',(0.,0.,1.));
#874 = DIRECTION('',(1.,0.,-0.));
#875 = ADVANCED_FACE('',(#876),#895,.T.);
#876 = FACE_BOUND('',#877,.T.);
#877 = EDGE_LOOP('',(#878,#886,#893,#894));
#878 = ORIENTED_EDGE('',*,*,#879,.T.);
#879 = EDGE_CURVE('',#692,#880,#882,.T.);
#880 = VERTEX_POINT('',#881);
#881 = CARTESIAN_POINT('',(1.25,1.,6.E-02));
#882 = LINE('',#883,#884);
#883 = CARTESIAN_POINT('',(0.65,1.,6.E-02));
#884 = VECTOR('',#885,1.);
#885 = DIRECTION('',(1.,0.,0.));
#886 = ORIENTED_EDGE('',*,*,#887,.T.);
#887 = EDGE_CURVE('',#880,#834,#888,.T.);
#888 = CIRCLE('',#889,6.E-02);
#889 = AXIS2_PLACEMENT_3D('',#890,#891,#892);
#890 = CARTESIAN_POINT('',(1.25,0.94,6.E-02));
#891 = DIRECTION('',(-1.,0.,0.));
#892 = DIRECTION('',(0.,0.,1.));
#893 = ORIENTED_EDGE('',*,*,#841,.F.);
#894 = ORIENTED_EDGE('',*,*,#691,.F.);
#895 = CYLINDRICAL_SURFACE('',#896,6.E-02);
#896 = AXIS2_PLACEMENT_3D('',#897,#898,#899);
#897 = CARTESIAN_POINT('',(0.65,0.94,6.E-02));
#898 = DIRECTION('',(1.,0.,0.));
#899 = DIRECTION('',(-0.,1.,0.));
#900 = ADVANCED_FACE('',(#901),#920,.T.);
#901 = FACE_BOUND('',#902,.T.);
#902 = EDGE_LOOP('',(#903,#904,#905,#914));
#903 = ORIENTED_EDGE('',*,*,#708,.T.);
#904 = ORIENTED_EDGE('',*,*,#865,.T.);
#905 = ORIENTED_EDGE('',*,*,#906,.F.);
#906 = EDGE_CURVE('',#907,#858,#909,.T.);
#907 = VERTEX_POINT('',#908);
#908 = CARTESIAN_POINT('',(1.25,1.,1.14));
#909 = CIRCLE('',#910,6.E-02);
#910 = AXIS2_PLACEMENT_3D('',#911,#912,#913);
#911 = CARTESIAN_POINT('',(1.25,0.94,1.14));
#912 = DIRECTION('',(1.,0.,-0.));
#913 = DIRECTION('',(0.,0.,1.));
#914 = ORIENTED_EDGE('',*,*,#915,.F.);
#915 = EDGE_CURVE('',#701,#907,#916,.T.);
#916 = LINE('',#917,#918);
#917 = CARTESIAN_POINT('',(0.65,1.,1.14));
#918 = VECTOR('',#919,1.);
#919 = DIRECTION('',(1.,0.,0.));
#920 = CYLINDRICAL_SURFACE('',#921,6.E-02);
#921 = AXIS2_PLACEMENT_3D('',#922,#923,#924);
#922 = CARTESIAN_POINT('',(0.65,0.94,1.14));
#923 = DIRECTION('',(1.,0.,0.));
#924 = DIRECTION('',(-0.,1.,0.));
#925 = ADVANCED_FACE('',(#926),#937,.T.);
#926 = FACE_BOUND('',#927,.T.);
#927 = EDGE_LOOP('',(#928,#934,#935,#936));
#928 = ORIENTED_EDGE('',*,*,#929,.F.);
#929 = EDGE_CURVE('',#880,#907,#930,.T.);
#930 = LINE('',#931,#932);
#931 = CARTESIAN_POINT('',(1.25,1.,0.));
#932 = VECTOR('',#933,1.);
#933 = DIRECTION('',(0.,0.,1.));
#934 = ORIENTED_EDGE('',*,*,#879,.F.);
#935 = ORIENTED_EDGE('',*,*,#700,.T.);
#936 = ORIENTED_EDGE('',*,*,#915,.T.);
#937 = PLANE('',#938);
#938 = AXIS2_PLACEMENT_3D('',#939,#940,#941);
#939 = CARTESIAN_POINT('',(0.65,1.,0.));
#940 = DIRECTION('',(0.,1.,0.));
#941 = DIRECTION('',(0.,-0.,1.));
#942 = ADVANCED_FACE('',(#943),#953,.T.);
#943 = FACE_BOUND('',#944,.T.);
#944 = EDGE_LOOP('',(#945,#946,#947,#948,#949,#950,#951,#952));
#945 = ORIENTED_EDGE('',*,*,#750,.F.);
#946 = ORIENTED_EDGE('',*,*,#790,.T.);
#947 = ORIENTED_EDGE('',*,*,#833,.T.);
#948 = ORIENTED_EDGE('',*,*,#887,.F.);
#949 = ORIENTED_EDGE('',*,*,#929,.T.);
#950 = ORIENTED_EDGE('',*,*,#906,.T.);
#951 = ORIENTED_EDGE('',*,*,#857,.F.);
#952 = ORIENTED_EDGE('',*,*,#807,.F.);
#953 = PLANE('',#954);
#954 = AXIS2_PLACEMENT_3D('',#955,#956,#957);
#955 = CARTESIAN_POINT('',(1.25,-1.,0.));
#956 = DIRECTION('',(1.,0.,0.));
#957 = DIRECTION('',(0.,0.,1.));
#958 = ( GEOMETRIC_REPRESENTATION_CONTEXT(3) 
GLOBAL_UNCERTAINTY_ASSIGNED_CONTEXT((#962)) GLOBAL_UNIT_ASSIGNED_CONTEXT
((#959,#960,#961)) REPRESENTATION_CONTEXT('Context #1',
  '3D Context with UNIT and UNCERTAINTY') );
#959 = ( LENGTH_UNIT() NAMED_UNIT(*) SI_UNIT(.MILLI.,.METRE.) );
#960 = ( NAMED_UNIT(*) PLANE_ANGLE_UNIT() SI_UNIT($,.RADIAN.) );
#961 = ( NAMED_UNIT(*) SI_UNIT($,.STERADIAN.) SOLID_ANGLE_UNIT() );
#962 = UNCERTAINTY_MEASURE_WITH_UNIT(LENGTH_MEASURE(1.E-07),#959,
  'distance_accuracy_value','confusion accuracy');
#963 = CONTEXT_DEPENDENT_SHAPE_REPRESENTATION(#964,#966);
#964 = ( REPRESENTATION_RELATIONSHIP('','',#103,#80) 
REPRESENTATION_RELATIONSHIP_WITH_TRANSFORMATION(#965) 
SHAPE_REPRESENTATION_RELATIONSHIP() );
#965 = ITEM_DEFINED_TRANSFORMATION('','',#11,#81);
#966 = PRODUCT_DEFINITION_SHAPE('Placement','Placement of an item',#967
  );
#967 = NEXT_ASSEMBLY_USAGE_OCCURRENCE('1','=>[0:1:1:3]','',#75,#98,$);
#968 = PRODUCT_RELATED_PRODUCT_CATEGORY('part',$,(#100));
#969 = SHAPE_DEFINITION_REPRESENTATION(#970,#976);
#970 = PRODUCT_DEFINITION_SHAPE('','',#971);
#971 = PRODUCT_DEFINITION('design','',#972,#975);
#972 = PRODUCT_DEFINITION_FORMATION('','',#973);
#973 = PRODUCT('R_0603_1608Metric','R_0603_1608Metric','',(#974));
#974 = PRODUCT_CONTEXT('',#2,'mechanical');
#975 = PRODUCT_DEFINITION_CONTEXT('part definition',#2,'design');
#976 = SHAPE_REPRESENTATION('',(#11,#977),#981);
#977 = AXIS2_PLACEMENT_3D('',#978,#979,#980);
#978 = CARTESIAN_POINT('',(0.,0.,0.));
#979 = DIRECTION('',(0.,0.,1.));
#980 = DIRECTION('',(1.,0.,-0.));
#981 = ( GEOMETRIC_REPRESENTATION_CONTEXT(3) 
GLOBAL_UNCERTAINTY_ASSIGNED_CONTEXT((#985)) GLOBAL_UNIT_ASSIGNED_CONTEXT
((#982,#983,#984)) REPRESENTATION_CONTEXT('Context #1',
  '3D Context with UNIT and UNCERTAINTY') );
#982 = ( LENGTH_UNIT() NAMED_UNIT(*) SI_UNIT(.MILLI.,.METRE.) );
#983 = ( NAMED_UNIT(*) PLANE_ANGLE_UNIT() SI_UNIT($,.RADIAN.) );
#984 = ( NAMED_UNIT(*) SI_UNIT($,.STERADIAN.) SOLID_ANGLE_UNIT() );
#985 = UNCERTAINTY_MEASURE_WITH_UNIT(LENGTH_MEASURE(1.E-07),#982,
  'distance_accuracy_value','confusion accuracy');
#986 = CONTEXT_DEPENDENT_SHAPE_REPRESENTATION(#987,#989);
#987 = ( REPRESENTATION_RELATIONSHIP('','',#976,#10) 
REPRESENTATION_RELATIONSHIP_WITH_TRANSFORMATION(#988) 
SHAPE_REPRESENTATION_RELATIONSHIP() );
#988 = ITEM_DEFINED_TRANSFORMATION('','',#11,#19);
#989 = PRODUCT_DEFINITION_SHAPE('Placement','Placement of an item',#990
  );
#990 = NEXT_ASSEMBLY_USAGE_OCCURRENCE('4','R1','',#5,#971,$);
#991 = PRODUCT_RELATED_PRODUCT_CATEGORY('part',$,(#973));
#992 = SHAPE_DEFINITION_REPRESENTATION(#993,#999);
#993 = PRODUCT_DEFINITION_SHAPE('','',#994);
#994 = PRODUCT_DEFINITION('design','',#995,#998);
#995 = PRODUCT_DEFINITION_FORMATION('','',#996);
#996 = PRODUCT('R_0603_1608Metric','R_0603_1608Metric','',(#997));
#997 = PRODUCT_CONTEXT('',#2,'mechanical');
#998 = PRODUCT_DEFINITION_CONTEXT('part definition',#2,'design');
#999 = ADVANCED_BREP_SHAPE_REPRESENTATION('',(#11,#1000),#1790);
#1000 = MANIFOLD_SOLID_BREP('',#1001);
#1001 = CLOSED_SHELL('',(#1002,#1042,#1125,#1150,#1175,#1242,#1259,#1276
    ,#1325,#1342,#1359,#1408,#1425,#1494,#1525,#1549,#1618,#1642,#1659,
    #1676,#1693,#1710,#1727,#1744,#1761,#1778));
#1002 = ADVANCED_FACE('',(#1003),#1037,.F.);
#1003 = FACE_BOUND('',#1004,.F.);
#1004 = EDGE_LOOP('',(#1005,#1015,#1023,#1031));
#1005 = ORIENTED_EDGE('',*,*,#1006,.F.);
#1006 = EDGE_CURVE('',#1007,#1009,#1011,.T.);
#1007 = VERTEX_POINT('',#1008);
#1008 = CARTESIAN_POINT('',(-0.8,-0.4,4.5E-02));
#1009 = VERTEX_POINT('',#1010);
#1010 = CARTESIAN_POINT('',(-0.8,-0.4,0.405));
#1011 = LINE('',#1012,#1013);
#1012 = CARTESIAN_POINT('',(-0.8,-0.4,0.));
#1013 = VECTOR('',#1014,1.);
#1014 = DIRECTION('',(0.,0.,1.));
#1015 = ORIENTED_EDGE('',*,*,#1016,.T.);
#1016 = EDGE_CURVE('',#1007,#1017,#1019,.T.);
#1017 = VERTEX_POINT('',#1018);
#1018 = CARTESIAN_POINT('',(-0.8,0.4,4.5E-02));
#1019 = LINE('',#1020,#1021);
#1020 = CARTESIAN_POINT('',(-0.8,-0.4,4.5E-02));
#1021 = VECTOR('',#1022,1.);
#1022 = DIRECTION('',(0.,1.,0.));
#1023 = ORIENTED_EDGE('',*,*,#1024,.T.);
#1024 = EDGE_CURVE('',#1017,#1025,#1027,.T.);
#1025 = VERTEX_POINT('',#1026);
#1026 = CARTESIAN_POINT('',(-0.8,0.4,0.405));
#1027 = LINE('',#1028,#1029);
#1028 = CARTESIAN_POINT('',(-0.8,0.4,0.));
#1029 = VECTOR('',#1030,1.);
#1030 = DIRECTION('',(0.,0.,1.));
#1031 = ORIENTED_EDGE('',*,*,#1032,.F.);
#1032 = EDGE_CURVE('',#1009,#1025,#1033,.T.);
#1033 = LINE('',#1034,#1035);
#1034 = CARTESIAN_POINT('',(-0.8,-0.4,0.405));
#1035 = VECTOR('',#1036,1.);
#1036 = DIRECTION('',(0.,1.,0.));
#1037 = PLANE('',#1038);
#1038 = AXIS2_PLACEMENT_3D('',#1039,#1040,#1041);
#1039 = CARTESIAN_POINT('',(-0.8,-0.4,0.));
#1040 = DIRECTION('',(1.,0.,0.));
#1041 = DIRECTION('',(0.,0.,1.));
#1042 = ADVANCED_FACE('',(#1043),#1120,.F.);
#1043 = FACE_BOUND('',#1044,.F.);
#1044 = EDGE_LOOP('',(#1045,#1055,#1062,#1063,#1072,#1080,#1089,#1097,
    #1105,#1113));
#1045 = ORIENTED_EDGE('',*,*,#1046,.F.);
#1046 = EDGE_CURVE('',#1047,#1049,#1051,.T.);
#1047 = VERTEX_POINT('',#1048);
#1048 = CARTESIAN_POINT('',(-0.755,-0.4,-2.775557561563E-17));
#1049 = VERTEX_POINT('',#1050);
#1050 = CARTESIAN_POINT('',(-0.545,-0.4,-2.775557561563E-17));
#1051 = LINE('',#1052,#1053);
#1052 = CARTESIAN_POINT('',(-0.8,-0.4,0.));
#1053 = VECTOR('',#1054,1.);
#1054 = DIRECTION('',(1.,0.,0.));
#1055 = ORIENTED_EDGE('',*,*,#1056,.F.);
#1056 = EDGE_CURVE('',#1007,#1047,#1057,.T.);
#1057 = CIRCLE('',#1058,4.5E-02);
#1058 = AXIS2_PLACEMENT_3D('',#1059,#1060,#1061);
#1059 = CARTESIAN_POINT('',(-0.755,-0.4,4.5E-02));
#1060 = DIRECTION('',(0.,-1.,0.));
#1061 = DIRECTION('',(0.,0.,1.));
#1062 = ORIENTED_EDGE('',*,*,#1006,.T.);
#1063 = ORIENTED_EDGE('',*,*,#1064,.T.);
#1064 = EDGE_CURVE('',#1009,#1065,#1067,.T.);
#1065 = VERTEX_POINT('',#1066);
#1066 = CARTESIAN_POINT('',(-0.755,-0.4,0.45));
#1067 = CIRCLE('',#1068,4.5E-02);
#1068 = AXIS2_PLACEMENT_3D('',#1069,#1070,#1071);
#1069 = CARTESIAN_POINT('',(-0.755,-0.4,0.405));
#1070 = DIRECTION('',(0.,1.,0.));
#1071 = DIRECTION('',(0.,-0.,1.));
#1072 = ORIENTED_EDGE('',*,*,#1073,.T.);
#1073 = EDGE_CURVE('',#1065,#1074,#1076,.T.);
#1074 = VERTEX_POINT('',#1075);
#1075 = CARTESIAN_POINT('',(-0.545,-0.4,0.45));
#1076 = LINE('',#1077,#1078);
#1077 = CARTESIAN_POINT('',(-0.8,-0.4,0.45));
#1078 = VECTOR('',#1079,1.);
#1079 = DIRECTION('',(1.,0.,0.));
#1080 = ORIENTED_EDGE('',*,*,#1081,.F.);
#1081 = EDGE_CURVE('',#1082,#1074,#1084,.T.);
#1082 = VERTEX_POINT('',#1083);
#1083 = CARTESIAN_POINT('',(-0.5,-0.4,0.405));
#1084 = CIRCLE('',#1085,4.5E-02);
#1085 = AXIS2_PLACEMENT_3D('',#1086,#1087,#1088);
#1086 = CARTESIAN_POINT('',(-0.545,-0.4,0.405));
#1087 = DIRECTION('',(0.,-1.,0.));
#1088 = DIRECTION('',(0.,0.,1.));
#1089 = ORIENTED_EDGE('',*,*,#1090,.F.);
#1090 = EDGE_CURVE('',#1091,#1082,#1093,.T.);
#1091 = VERTEX_POINT('',#1092);
#1092 = CARTESIAN_POINT('',(-0.755,-0.4,0.405));
#1093 = LINE('',#1094,#1095);
#1094 = CARTESIAN_POINT('',(-0.755,-0.4,0.405));
#1095 = VECTOR('',#1096,1.);
#1096 = DIRECTION('',(1.,0.,0.));
#1097 = ORIENTED_EDGE('',*,*,#1098,.F.);
#1098 = EDGE_CURVE('',#1099,#1091,#1101,.T.);
#1099 = VERTEX_POINT('',#1100);
#1100 = CARTESIAN_POINT('',(-0.755,-0.4,4.5E-02));
#1101 = LINE('',#1102,#1103);
#1102 = CARTESIAN_POINT('',(-0.755,-0.4,4.5E-02));
#1103 = VECTOR('',#1104,1.);
#1104 = DIRECTION('',(0.,0.,1.));
#1105 = ORIENTED_EDGE('',*,*,#1106,.T.);
#1106 = EDGE_CURVE('',#1099,#1107,#1109,.T.);
#1107 = VERTEX_POINT('',#1108);
#1108 = CARTESIAN_POINT('',(-0.5,-0.4,4.5E-02));
#1109 = LINE('',#1110,#1111);
#1110 = CARTESIAN_POINT('',(-0.755,-0.4,4.5E-02));
#1111 = VECTOR('',#1112,1.);
#1112 = DIRECTION('',(1.,0.,0.));
#1113 = ORIENTED_EDGE('',*,*,#1114,.T.);
#1114 = EDGE_CURVE('',#1107,#1049,#1115,.T.);
#1115 = CIRCLE('',#1116,4.5E-02);
#1116 = AXIS2_PLACEMENT_3D('',#1117,#1118,#1119);
#1117 = CARTESIAN_POINT('',(-0.545,-0.4,4.5E-02));
#1118 = DIRECTION('',(0.,1.,0.));
#1119 = DIRECTION('',(0.,-0.,1.));
#1120 = PLANE('',#1121);
#1121 = AXIS2_PLACEMENT_3D('',#1122,#1123,#1124);
#1122 = CARTESIAN_POINT('',(-0.8,-0.4,0.));
#1123 = DIRECTION('',(0.,1.,0.));
#1124 = DIRECTION('',(0.,-0.,1.));
#1125 = ADVANCED_FACE('',(#1126),#1145,.T.);
#1126 = FACE_BOUND('',#1127,.T.);
#1127 = EDGE_LOOP('',(#1128,#1129,#1138,#1144));
#1128 = ORIENTED_EDGE('',*,*,#1016,.T.);
#1129 = ORIENTED_EDGE('',*,*,#1130,.T.);
#1130 = EDGE_CURVE('',#1017,#1131,#1133,.T.);
#1131 = VERTEX_POINT('',#1132);
#1132 = CARTESIAN_POINT('',(-0.755,0.4,-2.775557561563E-17));
#1133 = CIRCLE('',#1134,4.5E-02);
#1134 = AXIS2_PLACEMENT_3D('',#1135,#1136,#1137);
#1135 = CARTESIAN_POINT('',(-0.755,0.4,4.5E-02));
#1136 = DIRECTION('',(0.,-1.,0.));
#1137 = DIRECTION('',(0.,0.,1.));
#1138 = ORIENTED_EDGE('',*,*,#1139,.F.);
#1139 = EDGE_CURVE('',#1047,#1131,#1140,.T.);
#1140 = LINE('',#1141,#1142);
#1141 = CARTESIAN_POINT('',(-0.755,-0.4,-2.775557561563E-17));
#1142 = VECTOR('',#1143,1.);
#1143 = DIRECTION('',(0.,1.,0.));
#1144 = ORIENTED_EDGE('',*,*,#1056,.F.);
#1145 = CYLINDRICAL_SURFACE('',#1146,4.5E-02);
#1146 = AXIS2_PLACEMENT_3D('',#1147,#1148,#1149);
#1147 = CARTESIAN_POINT('',(-0.755,-0.4,4.5E-02));
#1148 = DIRECTION('',(0.,1.,0.));
#1149 = DIRECTION('',(-1.,0.,0.));
#1150 = ADVANCED_FACE('',(#1151),#1170,.T.);
#1151 = FACE_BOUND('',#1152,.T.);
#1152 = EDGE_LOOP('',(#1153,#1154,#1162,#1169));
#1153 = ORIENTED_EDGE('',*,*,#1064,.T.);
#1154 = ORIENTED_EDGE('',*,*,#1155,.T.);
#1155 = EDGE_CURVE('',#1065,#1156,#1158,.T.);
#1156 = VERTEX_POINT('',#1157);
#1157 = CARTESIAN_POINT('',(-0.755,0.4,0.45));
#1158 = LINE('',#1159,#1160);
#1159 = CARTESIAN_POINT('',(-0.755,-0.4,0.45));
#1160 = VECTOR('',#1161,1.);
#1161 = DIRECTION('',(0.,1.,0.));
#1162 = ORIENTED_EDGE('',*,*,#1163,.F.);
#1163 = EDGE_CURVE('',#1025,#1156,#1164,.T.);
#1164 = CIRCLE('',#1165,4.5E-02);
#1165 = AXIS2_PLACEMENT_3D('',#1166,#1167,#1168);
#1166 = CARTESIAN_POINT('',(-0.755,0.4,0.405));
#1167 = DIRECTION('',(0.,1.,0.));
#1168 = DIRECTION('',(0.,-0.,1.));
#1169 = ORIENTED_EDGE('',*,*,#1032,.F.);
#1170 = CYLINDRICAL_SURFACE('',#1171,4.5E-02);
#1171 = AXIS2_PLACEMENT_3D('',#1172,#1173,#1174);
#1172 = CARTESIAN_POINT('',(-0.755,-0.4,0.405));
#1173 = DIRECTION('',(0.,1.,0.));
#1174 = DIRECTION('',(-1.,0.,0.));
#1175 = ADVANCED_FACE('',(#1176),#1237,.T.);
#1176 = FACE_BOUND('',#1177,.T.);
#1177 = EDGE_LOOP('',(#1178,#1186,#1187,#1188,#1189,#1197,#1206,#1214,
    #1222,#1230));
#1178 = ORIENTED_EDGE('',*,*,#1179,.F.);
#1179 = EDGE_CURVE('',#1131,#1180,#1182,.T.);
#1180 = VERTEX_POINT('',#1181);
#1181 = CARTESIAN_POINT('',(-0.545,0.4,-2.775557561563E-17));
#1182 = LINE('',#1183,#1184);
#1183 = CARTESIAN_POINT('',(-0.8,0.4,0.));
#1184 = VECTOR('',#1185,1.);
#1185 = DIRECTION('',(1.,0.,0.));
#1186 = ORIENTED_EDGE('',*,*,#1130,.F.);
#1187 = ORIENTED_EDGE('',*,*,#1024,.T.);
#1188 = ORIENTED_EDGE('',*,*,#1163,.T.);
#1189 = ORIENTED_EDGE('',*,*,#1190,.T.);
#1190 = EDGE_CURVE('',#1156,#1191,#1193,.T.);
#1191 = VERTEX_POINT('',#1192);
#1192 = CARTESIAN_POINT('',(-0.545,0.4,0.45));
#1193 = LINE('',#1194,#1195);
#1194 = CARTESIAN_POINT('',(-0.8,0.4,0.45));
#1195 = VECTOR('',#1196,1.);
#1196 = DIRECTION('',(1.,0.,0.));
#1197 = ORIENTED_EDGE('',*,*,#1198,.F.);
#1198 = EDGE_CURVE('',#1199,#1191,#1201,.T.);
#1199 = VERTEX_POINT('',#1200);
#1200 = CARTESIAN_POINT('',(-0.5,0.4,0.405));
#1201 = CIRCLE('',#1202,4.5E-02);
#1202 = AXIS2_PLACEMENT_3D('',#1203,#1204,#1205);
#1203 = CARTESIAN_POINT('',(-0.545,0.4,0.405));
#1204 = DIRECTION('',(0.,-1.,0.));
#1205 = DIRECTION('',(0.,0.,1.));
#1206 = ORIENTED_EDGE('',*,*,#1207,.F.);
#1207 = EDGE_CURVE('',#1208,#1199,#1210,.T.);
#1208 = VERTEX_POINT('',#1209);
#1209 = CARTESIAN_POINT('',(-0.755,0.4,0.405));
#1210 = LINE('',#1211,#1212);
#1211 = CARTESIAN_POINT('',(-0.755,0.4,0.405));
#1212 = VECTOR('',#1213,1.);
#1213 = DIRECTION('',(1.,0.,0.));
#1214 = ORIENTED_EDGE('',*,*,#1215,.F.);
#1215 = EDGE_CURVE('',#1216,#1208,#1218,.T.);
#1216 = VERTEX_POINT('',#1217);
#1217 = CARTESIAN_POINT('',(-0.755,0.4,4.5E-02));
#1218 = LINE('',#1219,#1220);
#1219 = CARTESIAN_POINT('',(-0.755,0.4,4.5E-02));
#1220 = VECTOR('',#1221,1.);
#1221 = DIRECTION('',(0.,0.,1.));
#1222 = ORIENTED_EDGE('',*,*,#1223,.T.);
#1223 = EDGE_CURVE('',#1216,#1224,#1226,.T.);
#1224 = VERTEX_POINT('',#1225);
#1225 = CARTESIAN_POINT('',(-0.5,0.4,4.5E-02));
#1226 = LINE('',#1227,#1228);
#1227 = CARTESIAN_POINT('',(-0.755,0.4,4.5E-02));
#1228 = VECTOR('',#1229,1.);
#1229 = DIRECTION('',(1.,0.,0.));
#1230 = ORIENTED_EDGE('',*,*,#1231,.T.);
#1231 = EDGE_CURVE('',#1224,#1180,#1232,.T.);
#1232 = CIRCLE('',#1233,4.5E-02);
#1233 = AXIS2_PLACEMENT_3D('',#1234,#1235,#1236);
#1234 = CARTESIAN_POINT('',(-0.545,0.4,4.5E-02));
#1235 = DIRECTION('',(0.,1.,0.));
#1236 = DIRECTION('',(0.,-0.,1.));
#1237 = PLANE('',#1238);
#1238 = AXIS2_PLACEMENT_3D('',#1239,#1240,#1241);
#1239 = CARTESIAN_POINT('',(-0.8,0.4,0.));
#1240 = DIRECTION('',(0.,1.,0.));
#1241 = DIRECTION('',(0.,-0.,1.));
#1242 = ADVANCED_FACE('',(#1243),#1254,.F.);
#1243 = FACE_BOUND('',#1244,.F.);
#1244 = EDGE_LOOP('',(#1245,#1246,#1247,#1248));
#1245 = ORIENTED_EDGE('',*,*,#1179,.F.);
#1246 = ORIENTED_EDGE('',*,*,#1139,.F.);
#1247 = ORIENTED_EDGE('',*,*,#1046,.T.);
#1248 = ORIENTED_EDGE('',*,*,#1249,.T.);
#1249 = EDGE_CURVE('',#1049,#1180,#1250,.T.);
#1250 = LINE('',#1251,#1252);
#1251 = CARTESIAN_POINT('',(-0.545,-0.4,-2.775557561563E-17));
#1252 = VECTOR('',#1253,1.);
#1253 = DIRECTION('',(0.,1.,0.));
#1254 = PLANE('',#1255);
#1255 = AXIS2_PLACEMENT_3D('',#1256,#1257,#1258);
#1256 = CARTESIAN_POINT('',(-0.8,-0.4,0.));
#1257 = DIRECTION('',(0.,0.,1.));
#1258 = DIRECTION('',(1.,0.,-0.));
#1259 = ADVANCED_FACE('',(#1260),#1271,.T.);
#1260 = FACE_BOUND('',#1261,.T.);
#1261 = EDGE_LOOP('',(#1262,#1263,#1264,#1265));
#1262 = ORIENTED_EDGE('',*,*,#1114,.T.);
#1263 = ORIENTED_EDGE('',*,*,#1249,.T.);
#1264 = ORIENTED_EDGE('',*,*,#1231,.F.);
#1265 = ORIENTED_EDGE('',*,*,#1266,.F.);
#1266 = EDGE_CURVE('',#1107,#1224,#1267,.T.);
#1267 = LINE('',#1268,#1269);
#1268 = CARTESIAN_POINT('',(-0.5,-0.4,4.5E-02));
#1269 = VECTOR('',#1270,1.);
#1270 = DIRECTION('',(0.,1.,0.));
#1271 = CYLINDRICAL_SURFACE('',#1272,4.5E-02);
#1272 = AXIS2_PLACEMENT_3D('',#1273,#1274,#1275);
#1273 = CARTESIAN_POINT('',(-0.545,-0.4,4.5E-02));
#1274 = DIRECTION('',(0.,1.,0.));
#1275 = DIRECTION('',(1.,0.,0.));
#1276 = ADVANCED_FACE('',(#1277),#1320,.F.);
#1277 = FACE_BOUND('',#1278,.F.);
#1278 = EDGE_LOOP('',(#1279,#1280,#1281,#1282,#1290,#1298,#1306,#1314));
#1279 = ORIENTED_EDGE('',*,*,#1106,.F.);
#1280 = ORIENTED_EDGE('',*,*,#1098,.T.);
#1281 = ORIENTED_EDGE('',*,*,#1090,.T.);
#1282 = ORIENTED_EDGE('',*,*,#1283,.T.);
#1283 = EDGE_CURVE('',#1082,#1284,#1286,.T.);
#1284 = VERTEX_POINT('',#1285);
#1285 = CARTESIAN_POINT('',(0.5,-0.4,0.405));
#1286 = LINE('',#1287,#1288);
#1287 = CARTESIAN_POINT('',(-0.5,-0.4,0.405));
#1288 = VECTOR('',#1289,1.);
#1289 = DIRECTION('',(1.,0.,0.));
#1290 = ORIENTED_EDGE('',*,*,#1291,.T.);
#1291 = EDGE_CURVE('',#1284,#1292,#1294,.T.);
#1292 = VERTEX_POINT('',#1293);
#1293 = CARTESIAN_POINT('',(0.755,-0.4,0.405));
#1294 = LINE('',#1295,#1296);
#1295 = CARTESIAN_POINT('',(-0.755,-0.4,0.405));
#1296 = VECTOR('',#1297,1.);
#1297 = DIRECTION('',(1.,0.,0.));
#1298 = ORIENTED_EDGE('',*,*,#1299,.F.);
#1299 = EDGE_CURVE('',#1300,#1292,#1302,.T.);
#1300 = VERTEX_POINT('',#1301);
#1301 = CARTESIAN_POINT('',(0.755,-0.4,4.5E-02));
#1302 = LINE('',#1303,#1304);
#1303 = CARTESIAN_POINT('',(0.755,-0.4,4.5E-02));
#1304 = VECTOR('',#1305,1.);
#1305 = DIRECTION('',(0.,0.,1.));
#1306 = ORIENTED_EDGE('',*,*,#1307,.F.);
#1307 = EDGE_CURVE('',#1308,#1300,#1310,.T.);
#1308 = VERTEX_POINT('',#1309);
#1309 = CARTESIAN_POINT('',(0.5,-0.4,4.5E-02));
#1310 = LINE('',#1311,#1312);
#1311 = CARTESIAN_POINT('',(-0.755,-0.4,4.5E-02));
#1312 = VECTOR('',#1313,1.);
#1313 = DIRECTION('',(1.,0.,0.));
#1314 = ORIENTED_EDGE('',*,*,#1315,.F.);
#1315 = EDGE_CURVE('',#1107,#1308,#1316,.T.);
#1316 = LINE('',#1317,#1318);
#1317 = CARTESIAN_POINT('',(-0.755,-0.4,4.5E-02));
#1318 = VECTOR('',#1319,1.);
#1319 = DIRECTION('',(1.,0.,0.));
#1320 = PLANE('',#1321);
#1321 = AXIS2_PLACEMENT_3D('',#1322,#1323,#1324);
#1322 = CARTESIAN_POINT('',(-0.755,-0.4,4.5E-02));
#1323 = DIRECTION('',(0.,1.,0.));
#1324 = DIRECTION('',(0.,-0.,1.));
#1325 = ADVANCED_FACE('',(#1326),#1337,.T.);
#1326 = FACE_BOUND('',#1327,.T.);
#1327 = EDGE_LOOP('',(#1328,#1329,#1330,#1331));
#1328 = ORIENTED_EDGE('',*,*,#1190,.F.);
#1329 = ORIENTED_EDGE('',*,*,#1155,.F.);
#1330 = ORIENTED_EDGE('',*,*,#1073,.T.);
#1331 = ORIENTED_EDGE('',*,*,#1332,.T.);
#1332 = EDGE_CURVE('',#1074,#1191,#1333,.T.);
#1333 = LINE('',#1334,#1335);
#1334 = CARTESIAN_POINT('',(-0.545,-0.4,0.45));
#1335 = VECTOR('',#1336,1.);
#1336 = DIRECTION('',(0.,1.,0.));
#1337 = PLANE('',#1338);
#1338 = AXIS2_PLACEMENT_3D('',#1339,#1340,#1341);
#1339 = CARTESIAN_POINT('',(-0.8,-0.4,0.45));
#1340 = DIRECTION('',(0.,0.,1.));
#1341 = DIRECTION('',(1.,0.,-0.));
#1342 = ADVANCED_FACE('',(#1343),#1354,.T.);
#1343 = FACE_BOUND('',#1344,.T.);
#1344 = EDGE_LOOP('',(#1345,#1351,#1352,#1353));
#1345 = ORIENTED_EDGE('',*,*,#1346,.T.);
#1346 = EDGE_CURVE('',#1082,#1199,#1347,.T.);
#1347 = LINE('',#1348,#1349);
#1348 = CARTESIAN_POINT('',(-0.5,-0.4,0.405));
#1349 = VECTOR('',#1350,1.);
#1350 = DIRECTION('',(0.,1.,0.));
#1351 = ORIENTED_EDGE('',*,*,#1198,.T.);
#1352 = ORIENTED_EDGE('',*,*,#1332,.F.);
#1353 = ORIENTED_EDGE('',*,*,#1081,.F.);
#1354 = CYLINDRICAL_SURFACE('',#1355,4.5E-02);
#1355 = AXIS2_PLACEMENT_3D('',#1356,#1357,#1358);
#1356 = CARTESIAN_POINT('',(-0.545,-0.4,0.405));
#1357 = DIRECTION('',(0.,1.,0.));
#1358 = DIRECTION('',(1.,0.,0.));
#1359 = ADVANCED_FACE('',(#1360),#1403,.T.);
#1360 = FACE_BOUND('',#1361,.T.);
#1361 = EDGE_LOOP('',(#1362,#1363,#1364,#1365,#1373,#1381,#1389,#1397));
#1362 = ORIENTED_EDGE('',*,*,#1223,.F.);
#1363 = ORIENTED_EDGE('',*,*,#1215,.T.);
#1364 = ORIENTED_EDGE('',*,*,#1207,.T.);
#1365 = ORIENTED_EDGE('',*,*,#1366,.T.);
#1366 = EDGE_CURVE('',#1199,#1367,#1369,.T.);
#1367 = VERTEX_POINT('',#1368);
#1368 = CARTESIAN_POINT('',(0.5,0.4,0.405));
#1369 = LINE('',#1370,#1371);
#1370 = CARTESIAN_POINT('',(-0.5,0.4,0.405));
#1371 = VECTOR('',#1372,1.);
#1372 = DIRECTION('',(1.,0.,0.));
#1373 = ORIENTED_EDGE('',*,*,#1374,.T.);
#1374 = EDGE_CURVE('',#1367,#1375,#1377,.T.);
#1375 = VERTEX_POINT('',#1376);
#1376 = CARTESIAN_POINT('',(0.755,0.4,0.405));
#1377 = LINE('',#1378,#1379);
#1378 = CARTESIAN_POINT('',(-0.755,0.4,0.405));
#1379 = VECTOR('',#1380,1.);
#1380 = DIRECTION('',(1.,0.,0.));
#1381 = ORIENTED_EDGE('',*,*,#1382,.F.);
#1382 = EDGE_CURVE('',#1383,#1375,#1385,.T.);
#1383 = VERTEX_POINT('',#1384);
#1384 = CARTESIAN_POINT('',(0.755,0.4,4.5E-02));
#1385 = LINE('',#1386,#1387);
#1386 = CARTESIAN_POINT('',(0.755,0.4,4.5E-02));
#1387 = VECTOR('',#1388,1.);
#1388 = DIRECTION('',(0.,0.,1.));
#1389 = ORIENTED_EDGE('',*,*,#1390,.F.);
#1390 = EDGE_CURVE('',#1391,#1383,#1393,.T.);
#1391 = VERTEX_POINT('',#1392);
#1392 = CARTESIAN_POINT('',(0.5,0.4,4.5E-02));
#1393 = LINE('',#1394,#1395);
#1394 = CARTESIAN_POINT('',(-0.755,0.4,4.5E-02));
#1395 = VECTOR('',#1396,1.);
#1396 = DIRECTION('',(1.,0.,0.));
#1397 = ORIENTED_EDGE('',*,*,#1398,.F.);
#1398 = EDGE_CURVE('',#1224,#1391,#1399,.T.);
#1399 = LINE('',#1400,#1401);
#1400 = CARTESIAN_POINT('',(-0.755,0.4,4.5E-02));
#1401 = VECTOR('',#1402,1.);
#1402 = DIRECTION('',(1.,0.,0.));
#1403 = PLANE('',#1404);
#1404 = AXIS2_PLACEMENT_3D('',#1405,#1406,#1407);
#1405 = CARTESIAN_POINT('',(-0.755,0.4,4.5E-02));
#1406 = DIRECTION('',(0.,1.,0.));
#1407 = DIRECTION('',(0.,-0.,1.));
#1408 = ADVANCED_FACE('',(#1409),#1420,.F.);
#1409 = FACE_BOUND('',#1410,.F.);
#1410 = EDGE_LOOP('',(#1411,#1412,#1413,#1419));
#1411 = ORIENTED_EDGE('',*,*,#1266,.F.);
#1412 = ORIENTED_EDGE('',*,*,#1315,.T.);
#1413 = ORIENTED_EDGE('',*,*,#1414,.T.);
#1414 = EDGE_CURVE('',#1308,#1391,#1415,.T.);
#1415 = LINE('',#1416,#1417);
#1416 = CARTESIAN_POINT('',(0.5,-0.4,4.5E-02));
#1417 = VECTOR('',#1418,1.);
#1418 = DIRECTION('',(0.,1.,0.));
#1419 = ORIENTED_EDGE('',*,*,#1398,.F.);
#1420 = PLANE('',#1421);
#1421 = AXIS2_PLACEMENT_3D('',#1422,#1423,#1424);
#1422 = CARTESIAN_POINT('',(-0.755,-0.4,4.5E-02));
#1423 = DIRECTION('',(0.,0.,1.));
#1424 = DIRECTION('',(1.,0.,-0.));
#1425 = ADVANCED_FACE('',(#1426),#1489,.F.);
#1426 = FACE_BOUND('',#1427,.F.);
#1427 = EDGE_LOOP('',(#1428,#1438,#1445,#1446,#1447,#1448,#1457,#1465,
    #1474,#1482));
#1428 = ORIENTED_EDGE('',*,*,#1429,.F.);
#1429 = EDGE_CURVE('',#1430,#1432,#1434,.T.);
#1430 = VERTEX_POINT('',#1431);
#1431 = CARTESIAN_POINT('',(0.545,-0.4,-2.775557561563E-17));
#1432 = VERTEX_POINT('',#1433);
#1433 = CARTESIAN_POINT('',(0.755,-0.4,-2.775557561563E-17));
#1434 = LINE('',#1435,#1436);
#1435 = CARTESIAN_POINT('',(0.5,-0.4,0.));
#1436 = VECTOR('',#1437,1.);
#1437 = DIRECTION('',(1.,0.,0.));
#1438 = ORIENTED_EDGE('',*,*,#1439,.F.);
#1439 = EDGE_CURVE('',#1308,#1430,#1440,.T.);
#1440 = CIRCLE('',#1441,4.5E-02);
#1441 = AXIS2_PLACEMENT_3D('',#1442,#1443,#1444);
#1442 = CARTESIAN_POINT('',(0.545,-0.4,4.5E-02));
#1443 = DIRECTION('',(0.,-1.,0.));
#1444 = DIRECTION('',(0.,0.,1.));
#1445 = ORIENTED_EDGE('',*,*,#1307,.T.);
#1446 = ORIENTED_EDGE('',*,*,#1299,.T.);
#1447 = ORIENTED_EDGE('',*,*,#1291,.F.);
#1448 = ORIENTED_EDGE('',*,*,#1449,.T.);
#1449 = EDGE_CURVE('',#1284,#1450,#1452,.T.);
#1450 = VERTEX_POINT('',#1451);
#1451 = CARTESIAN_POINT('',(0.545,-0.4,0.45));
#1452 = CIRCLE('',#1453,4.5E-02);
#1453 = AXIS2_PLACEMENT_3D('',#1454,#1455,#1456);
#1454 = CARTESIAN_POINT('',(0.545,-0.4,0.405));
#1455 = DIRECTION('',(0.,1.,0.));
#1456 = DIRECTION('',(0.,-0.,1.));
#1457 = ORIENTED_EDGE('',*,*,#1458,.T.);
#1458 = EDGE_CURVE('',#1450,#1459,#1461,.T.);
#1459 = VERTEX_POINT('',#1460);
#1460 = CARTESIAN_POINT('',(0.755,-0.4,0.45));
#1461 = LINE('',#1462,#1463);
#1462 = CARTESIAN_POINT('',(0.5,-0.4,0.45));
#1463 = VECTOR('',#1464,1.);
#1464 = DIRECTION('',(1.,0.,0.));
#1465 = ORIENTED_EDGE('',*,*,#1466,.F.);
#1466 = EDGE_CURVE('',#1467,#1459,#1469,.T.);
#1467 = VERTEX_POINT('',#1468);
#1468 = CARTESIAN_POINT('',(0.8,-0.4,0.405));
#1469 = CIRCLE('',#1470,4.5E-02);
#1470 = AXIS2_PLACEMENT_3D('',#1471,#1472,#1473);
#1471 = CARTESIAN_POINT('',(0.755,-0.4,0.405));
#1472 = DIRECTION('',(0.,-1.,0.));
#1473 = DIRECTION('',(0.,0.,1.));
#1474 = ORIENTED_EDGE('',*,*,#1475,.F.);
#1475 = EDGE_CURVE('',#1476,#1467,#1478,.T.);
#1476 = VERTEX_POINT('',#1477);
#1477 = CARTESIAN_POINT('',(0.8,-0.4,4.5E-02));
#1478 = LINE('',#1479,#1480);
#1479 = CARTESIAN_POINT('',(0.8,-0.4,0.));
#1480 = VECTOR('',#1481,1.);
#1481 = DIRECTION('',(0.,0.,1.));
#1482 = ORIENTED_EDGE('',*,*,#1483,.T.);
#1483 = EDGE_CURVE('',#1476,#1432,#1484,.T.);
#1484 = CIRCLE('',#1485,4.5E-02);
#1485 = AXIS2_PLACEMENT_3D('',#1486,#1487,#1488);
#1486 = CARTESIAN_POINT('',(0.755,-0.4,4.5E-02));
#1487 = DIRECTION('',(0.,1.,0.));
#1488 = DIRECTION('',(0.,-0.,1.));
#1489 = PLANE('',#1490);
#1490 = AXIS2_PLACEMENT_3D('',#1491,#1492,#1493);
#1491 = CARTESIAN_POINT('',(0.5,-0.4,0.));
#1492 = DIRECTION('',(0.,1.,0.));
#1493 = DIRECTION('',(0.,-0.,1.));
#1494 = ADVANCED_FACE('',(#1495),#1520,.F.);
#1495 = FACE_BOUND('',#1496,.F.);
#1496 = EDGE_LOOP('',(#1497,#1498,#1506,#1514));
#1497 = ORIENTED_EDGE('',*,*,#1283,.F.);
#1498 = ORIENTED_EDGE('',*,*,#1499,.T.);
#1499 = EDGE_CURVE('',#1082,#1500,#1502,.T.);
#1500 = VERTEX_POINT('',#1501);
#1501 = CARTESIAN_POINT('',(-0.5,-0.4,0.45));
#1502 = LINE('',#1503,#1504);
#1503 = CARTESIAN_POINT('',(-0.5,-0.4,0.405));
#1504 = VECTOR('',#1505,1.);
#1505 = DIRECTION('',(0.,0.,1.));
#1506 = ORIENTED_EDGE('',*,*,#1507,.T.);
#1507 = EDGE_CURVE('',#1500,#1508,#1510,.T.);
#1508 = VERTEX_POINT('',#1509);
#1509 = CARTESIAN_POINT('',(0.5,-0.4,0.45));
#1510 = LINE('',#1511,#1512);
#1511 = CARTESIAN_POINT('',(-0.5,-0.4,0.45));
#1512 = VECTOR('',#1513,1.);
#1513 = DIRECTION('',(1.,0.,0.));
#1514 = ORIENTED_EDGE('',*,*,#1515,.F.);
#1515 = EDGE_CURVE('',#1284,#1508,#1516,.T.);
#1516 = LINE('',#1517,#1518);
#1517 = CARTESIAN_POINT('',(0.5,-0.4,0.405));
#1518 = VECTOR('',#1519,1.);
#1519 = DIRECTION('',(0.,0.,1.));
#1520 = PLANE('',#1521);
#1521 = AXIS2_PLACEMENT_3D('',#1522,#1523,#1524);
#1522 = CARTESIAN_POINT('',(-0.5,-0.4,0.405));
#1523 = DIRECTION('',(0.,1.,0.));
#1524 = DIRECTION('',(0.,-0.,1.));
#1525 = ADVANCED_FACE('',(#1526),#1544,.F.);
#1526 = FACE_BOUND('',#1527,.F.);
#1527 = EDGE_LOOP('',(#1528,#1529,#1530,#1538));
#1528 = ORIENTED_EDGE('',*,*,#1499,.F.);
#1529 = ORIENTED_EDGE('',*,*,#1346,.T.);
#1530 = ORIENTED_EDGE('',*,*,#1531,.T.);
#1531 = EDGE_CURVE('',#1199,#1532,#1534,.T.);
#1532 = VERTEX_POINT('',#1533);
#1533 = CARTESIAN_POINT('',(-0.5,0.4,0.45));
#1534 = LINE('',#1535,#1536);
#1535 = CARTESIAN_POINT('',(-0.5,0.4,0.405));
#1536 = VECTOR('',#1537,1.);
#1537 = DIRECTION('',(0.,0.,1.));
#1538 = ORIENTED_EDGE('',*,*,#1539,.F.);
#1539 = EDGE_CURVE('',#1500,#1532,#1540,.T.);
#1540 = LINE('',#1541,#1542);
#1541 = CARTESIAN_POINT('',(-0.5,-0.4,0.45));
#1542 = VECTOR('',#1543,1.);
#1543 = DIRECTION('',(0.,1.,0.));
#1544 = PLANE('',#1545);
#1545 = AXIS2_PLACEMENT_3D('',#1546,#1547,#1548);
#1546 = CARTESIAN_POINT('',(-0.5,-0.4,0.405));
#1547 = DIRECTION('',(1.,0.,0.));
#1548 = DIRECTION('',(0.,0.,1.));
#1549 = ADVANCED_FACE('',(#1550),#1613,.T.);
#1550 = FACE_BOUND('',#1551,.T.);
#1551 = EDGE_LOOP('',(#1552,#1562,#1569,#1570,#1571,#1572,#1581,#1589,
    #1598,#1606));
#1552 = ORIENTED_EDGE('',*,*,#1553,.F.);
#1553 = EDGE_CURVE('',#1554,#1556,#1558,.T.);
#1554 = VERTEX_POINT('',#1555);
#1555 = CARTESIAN_POINT('',(0.545,0.4,-2.775557561563E-17));
#1556 = VERTEX_POINT('',#1557);
#1557 = CARTESIAN_POINT('',(0.755,0.4,-2.775557561563E-17));
#1558 = LINE('',#1559,#1560);
#1559 = CARTESIAN_POINT('',(0.5,0.4,0.));
#1560 = VECTOR('',#1561,1.);
#1561 = DIRECTION('',(1.,0.,0.));
#1562 = ORIENTED_EDGE('',*,*,#1563,.F.);
#1563 = EDGE_CURVE('',#1391,#1554,#1564,.T.);
#1564 = CIRCLE('',#1565,4.5E-02);
#1565 = AXIS2_PLACEMENT_3D('',#1566,#1567,#1568);
#1566 = CARTESIAN_POINT('',(0.545,0.4,4.5E-02));
#1567 = DIRECTION('',(0.,-1.,0.));
#1568 = DIRECTION('',(0.,0.,1.));
#1569 = ORIENTED_EDGE('',*,*,#1390,.T.);
#1570 = ORIENTED_EDGE('',*,*,#1382,.T.);
#1571 = ORIENTED_EDGE('',*,*,#1374,.F.);
#1572 = ORIENTED_EDGE('',*,*,#1573,.T.);
#1573 = EDGE_CURVE('',#1367,#1574,#1576,.T.);
#1574 = VERTEX_POINT('',#1575);
#1575 = CARTESIAN_POINT('',(0.545,0.4,0.45));
#1576 = CIRCLE('',#1577,4.5E-02);
#1577 = AXIS2_PLACEMENT_3D('',#1578,#1579,#1580);
#1578 = CARTESIAN_POINT('',(0.545,0.4,0.405));
#1579 = DIRECTION('',(0.,1.,0.));
#1580 = DIRECTION('',(0.,-0.,1.));
#1581 = ORIENTED_EDGE('',*,*,#1582,.T.);
#1582 = EDGE_CURVE('',#1574,#1583,#1585,.T.);
#1583 = VERTEX_POINT('',#1584);
#1584 = CARTESIAN_POINT('',(0.755,0.4,0.45));
#1585 = LINE('',#1586,#1587);
#1586 = CARTESIAN_POINT('',(0.5,0.4,0.45));
#1587 = VECTOR('',#1588,1.);
#1588 = DIRECTION('',(1.,0.,0.));
#1589 = ORIENTED_EDGE('',*,*,#1590,.F.);
#1590 = EDGE_CURVE('',#1591,#1583,#1593,.T.);
#1591 = VERTEX_POINT('',#1592);
#1592 = CARTESIAN_POINT('',(0.8,0.4,0.405));
#1593 = CIRCLE('',#1594,4.5E-02);
#1594 = AXIS2_PLACEMENT_3D('',#1595,#1596,#1597);
#1595 = CARTESIAN_POINT('',(0.755,0.4,0.405));
#1596 = DIRECTION('',(0.,-1.,0.));
#1597 = DIRECTION('',(0.,0.,1.));
#1598 = ORIENTED_EDGE('',*,*,#1599,.F.);
#1599 = EDGE_CURVE('',#1600,#1591,#1602,.T.);
#1600 = VERTEX_POINT('',#1601);
#1601 = CARTESIAN_POINT('',(0.8,0.4,4.5E-02));
#1602 = LINE('',#1603,#1604);
#1603 = CARTESIAN_POINT('',(0.8,0.4,0.));
#1604 = VECTOR('',#1605,1.);
#1605 = DIRECTION('',(0.,0.,1.));
#1606 = ORIENTED_EDGE('',*,*,#1607,.T.);
#1607 = EDGE_CURVE('',#1600,#1556,#1608,.T.);
#1608 = CIRCLE('',#1609,4.5E-02);
#1609 = AXIS2_PLACEMENT_3D('',#1610,#1611,#1612);
#1610 = CARTESIAN_POINT('',(0.755,0.4,4.5E-02));
#1611 = DIRECTION('',(0.,1.,0.));
#1612 = DIRECTION('',(0.,-0.,1.));
#1613 = PLANE('',#1614);
#1614 = AXIS2_PLACEMENT_3D('',#1615,#1616,#1617);
#1615 = CARTESIAN_POINT('',(0.5,0.4,0.));
#1616 = DIRECTION('',(0.,1.,0.));
#1617 = DIRECTION('',(0.,-0.,1.));
#1618 = ADVANCED_FACE('',(#1619),#1637,.T.);
#1619 = FACE_BOUND('',#1620,.T.);
#1620 = EDGE_LOOP('',(#1621,#1622,#1623,#1631));
#1621 = ORIENTED_EDGE('',*,*,#1366,.F.);
#1622 = ORIENTED_EDGE('',*,*,#1531,.T.);
#1623 = ORIENTED_EDGE('',*,*,#1624,.T.);
#1624 = EDGE_CURVE('',#1532,#1625,#1627,.T.);
#1625 = VERTEX_POINT('',#1626);
#1626 = CARTESIAN_POINT('',(0.5,0.4,0.45));
#1627 = LINE('',#1628,#1629);
#1628 = CARTESIAN_POINT('',(-0.5,0.4,0.45));
#1629 = VECTOR('',#1630,1.);
#1630 = DIRECTION('',(1.,0.,0.));
#1631 = ORIENTED_EDGE('',*,*,#1632,.F.);
#1632 = EDGE_CURVE('',#1367,#1625,#1633,.T.);
#1633 = LINE('',#1634,#1635);
#1634 = CARTESIAN_POINT('',(0.5,0.4,0.405));
#1635 = VECTOR('',#1636,1.);
#1636 = DIRECTION('',(0.,0.,1.));
#1637 = PLANE('',#1638);
#1638 = AXIS2_PLACEMENT_3D('',#1639,#1640,#1641);
#1639 = CARTESIAN_POINT('',(-0.5,0.4,0.405));
#1640 = DIRECTION('',(0.,1.,0.));
#1641 = DIRECTION('',(0.,-0.,1.));
#1642 = ADVANCED_FACE('',(#1643),#1654,.T.);
#1643 = FACE_BOUND('',#1644,.T.);
#1644 = EDGE_LOOP('',(#1645,#1646,#1647,#1653));
#1645 = ORIENTED_EDGE('',*,*,#1414,.T.);
#1646 = ORIENTED_EDGE('',*,*,#1563,.T.);
#1647 = ORIENTED_EDGE('',*,*,#1648,.F.);
#1648 = EDGE_CURVE('',#1430,#1554,#1649,.T.);
#1649 = LINE('',#1650,#1651);
#1650 = CARTESIAN_POINT('',(0.545,-0.4,-2.775557561563E-17));
#1651 = VECTOR('',#1652,1.);
#1652 = DIRECTION('',(0.,1.,0.));
#1653 = ORIENTED_EDGE('',*,*,#1439,.F.);
#1654 = CYLINDRICAL_SURFACE('',#1655,4.5E-02);
#1655 = AXIS2_PLACEMENT_3D('',#1656,#1657,#1658);
#1656 = CARTESIAN_POINT('',(0.545,-0.4,4.5E-02));
#1657 = DIRECTION('',(0.,1.,0.));
#1658 = DIRECTION('',(-1.,0.,0.));
#1659 = ADVANCED_FACE('',(#1660),#1671,.F.);
#1660 = FACE_BOUND('',#1661,.F.);
#1661 = EDGE_LOOP('',(#1662,#1663,#1664,#1665));
#1662 = ORIENTED_EDGE('',*,*,#1553,.F.);
#1663 = ORIENTED_EDGE('',*,*,#1648,.F.);
#1664 = ORIENTED_EDGE('',*,*,#1429,.T.);
#1665 = ORIENTED_EDGE('',*,*,#1666,.T.);
#1666 = EDGE_CURVE('',#1432,#1556,#1667,.T.);
#1667 = LINE('',#1668,#1669);
#1668 = CARTESIAN_POINT('',(0.755,-0.4,-2.775557561563E-17));
#1669 = VECTOR('',#1670,1.);
#1670 = DIRECTION('',(0.,1.,0.));
#1671 = PLANE('',#1672);
#1672 = AXIS2_PLACEMENT_3D('',#1673,#1674,#1675);
#1673 = CARTESIAN_POINT('',(0.5,-0.4,0.));
#1674 = DIRECTION('',(0.,0.,1.));
#1675 = DIRECTION('',(1.,0.,-0.));
#1676 = ADVANCED_FACE('',(#1677),#1688,.T.);
#1677 = FACE_BOUND('',#1678,.T.);
#1678 = EDGE_LOOP('',(#1679,#1680,#1681,#1682));
#1679 = ORIENTED_EDGE('',*,*,#1483,.T.);
#1680 = ORIENTED_EDGE('',*,*,#1666,.T.);
#1681 = ORIENTED_EDGE('',*,*,#1607,.F.);
#1682 = ORIENTED_EDGE('',*,*,#1683,.F.);
#1683 = EDGE_CURVE('',#1476,#1600,#1684,.T.);
#1684 = LINE('',#1685,#1686);
#1685 = CARTESIAN_POINT('',(0.8,-0.4,4.5E-02));
#1686 = VECTOR('',#1687,1.);
#1687 = DIRECTION('',(0.,1.,0.));
#1688 = CYLINDRICAL_SURFACE('',#1689,4.5E-02);
#1689 = AXIS2_PLACEMENT_3D('',#1690,#1691,#1692);
#1690 = CARTESIAN_POINT('',(0.755,-0.4,4.5E-02));
#1691 = DIRECTION('',(0.,1.,0.));
#1692 = DIRECTION('',(1.,0.,0.));
#1693 = ADVANCED_FACE('',(#1694),#1705,.T.);
#1694 = FACE_BOUND('',#1695,.T.);
#1695 = EDGE_LOOP('',(#1696,#1697,#1698,#1699));
#1696 = ORIENTED_EDGE('',*,*,#1475,.F.);
#1697 = ORIENTED_EDGE('',*,*,#1683,.T.);
#1698 = ORIENTED_EDGE('',*,*,#1599,.T.);
#1699 = ORIENTED_EDGE('',*,*,#1700,.F.);
#1700 = EDGE_CURVE('',#1467,#1591,#1701,.T.);
#1701 = LINE('',#1702,#1703);
#1702 = CARTESIAN_POINT('',(0.8,-0.4,0.405));
#1703 = VECTOR('',#1704,1.);
#1704 = DIRECTION('',(0.,1.,0.));
#1705 = PLANE('',#1706);
#1706 = AXIS2_PLACEMENT_3D('',#1707,#1708,#1709);
#1707 = CARTESIAN_POINT('',(0.8,-0.4,0.));
#1708 = DIRECTION('',(1.,0.,0.));
#1709 = DIRECTION('',(0.,0.,1.));
#1710 = ADVANCED_FACE('',(#1711),#1722,.T.);
#1711 = FACE_BOUND('',#1712,.T.);
#1712 = EDGE_LOOP('',(#1713,#1714,#1715,#1721));
#1713 = ORIENTED_EDGE('',*,*,#1700,.T.);
#1714 = ORIENTED_EDGE('',*,*,#1590,.T.);
#1715 = ORIENTED_EDGE('',*,*,#1716,.F.);
#1716 = EDGE_CURVE('',#1459,#1583,#1717,.T.);
#1717 = LINE('',#1718,#1719);
#1718 = CARTESIAN_POINT('',(0.755,-0.4,0.45));
#1719 = VECTOR('',#1720,1.);
#1720 = DIRECTION('',(0.,1.,0.));
#1721 = ORIENTED_EDGE('',*,*,#1466,.F.);
#1722 = CYLINDRICAL_SURFACE('',#1723,4.5E-02);
#1723 = AXIS2_PLACEMENT_3D('',#1724,#1725,#1726);
#1724 = CARTESIAN_POINT('',(0.755,-0.4,0.405));
#1725 = DIRECTION('',(0.,1.,0.));
#1726 = DIRECTION('',(1.,0.,0.));
#1727 = ADVANCED_FACE('',(#1728),#1739,.T.);
#1728 = FACE_BOUND('',#1729,.T.);
#1729 = EDGE_LOOP('',(#1730,#1731,#1737,#1738));
#1730 = ORIENTED_EDGE('',*,*,#1582,.F.);
#1731 = ORIENTED_EDGE('',*,*,#1732,.F.);
#1732 = EDGE_CURVE('',#1450,#1574,#1733,.T.);
#1733 = LINE('',#1734,#1735);
#1734 = CARTESIAN_POINT('',(0.545,-0.4,0.45));
#1735 = VECTOR('',#1736,1.);
#1736 = DIRECTION('',(0.,1.,0.));
#1737 = ORIENTED_EDGE('',*,*,#1458,.T.);
#1738 = ORIENTED_EDGE('',*,*,#1716,.T.);
#1739 = PLANE('',#1740);
#1740 = AXIS2_PLACEMENT_3D('',#1741,#1742,#1743);
#1741 = CARTESIAN_POINT('',(0.5,-0.4,0.45));
#1742 = DIRECTION('',(0.,0.,1.));
#1743 = DIRECTION('',(1.,0.,-0.));
#1744 = ADVANCED_FACE('',(#1745),#1756,.T.);
#1745 = FACE_BOUND('',#1746,.T.);
#1746 = EDGE_LOOP('',(#1747,#1748,#1749,#1750));
#1747 = ORIENTED_EDGE('',*,*,#1449,.T.);
#1748 = ORIENTED_EDGE('',*,*,#1732,.T.);
#1749 = ORIENTED_EDGE('',*,*,#1573,.F.);
#1750 = ORIENTED_EDGE('',*,*,#1751,.F.);
#1751 = EDGE_CURVE('',#1284,#1367,#1752,.T.);
#1752 = LINE('',#1753,#1754);
#1753 = CARTESIAN_POINT('',(0.5,-0.4,0.405));
#1754 = VECTOR('',#1755,1.);
#1755 = DIRECTION('',(0.,1.,0.));
#1756 = CYLINDRICAL_SURFACE('',#1757,4.5E-02);
#1757 = AXIS2_PLACEMENT_3D('',#1758,#1759,#1760);
#1758 = CARTESIAN_POINT('',(0.545,-0.4,0.405));
#1759 = DIRECTION('',(0.,1.,0.));
#1760 = DIRECTION('',(-1.,0.,0.));
#1761 = ADVANCED_FACE('',(#1762),#1773,.T.);
#1762 = FACE_BOUND('',#1763,.T.);
#1763 = EDGE_LOOP('',(#1764,#1765,#1766,#1767));
#1764 = ORIENTED_EDGE('',*,*,#1515,.F.);
#1765 = ORIENTED_EDGE('',*,*,#1751,.T.);
#1766 = ORIENTED_EDGE('',*,*,#1632,.T.);
#1767 = ORIENTED_EDGE('',*,*,#1768,.F.);
#1768 = EDGE_CURVE('',#1508,#1625,#1769,.T.);
#1769 = LINE('',#1770,#1771);
#1770 = CARTESIAN_POINT('',(0.5,-0.4,0.45));
#1771 = VECTOR('',#1772,1.);
#1772 = DIRECTION('',(0.,1.,0.));
#1773 = PLANE('',#1774);
#1774 = AXIS2_PLACEMENT_3D('',#1775,#1776,#1777);
#1775 = CARTESIAN_POINT('',(0.5,-0.4,0.405));
#1776 = DIRECTION('',(1.,0.,0.));
#1777 = DIRECTION('',(0.,0.,1.));
#1778 = ADVANCED_FACE('',(#1779),#1785,.T.);
#1779 = FACE_BOUND('',#1780,.T.);
#1780 = EDGE_LOOP('',(#1781,#1782,#1783,#1784));
#1781 = ORIENTED_EDGE('',*,*,#1539,.F.);
#1782 = ORIENTED_EDGE('',*,*,#1507,.T.);
#1783 = ORIENTED_EDGE('',*,*,#1768,.T.);
#1784 = ORIENTED_EDGE('',*,*,#1624,.F.);
#1785 = PLANE('',#1786);
#1786 = AXIS2_PLACEMENT_3D('',#1787,#1788,#1789);
#1787 = CARTESIAN_POINT('',(-0.5,-0.4,0.45));
#1788 = DIRECTION('',(0.,0.,1.));
#1789 = DIRECTION('',(1.,0.,-0.));
#1790 = ( GEOMETRIC_REPRESENTATION_CONTEXT(3) 
GLOBAL_UNCERTAINTY_ASSIGNED_CONTEXT((#1794)) 
GLOBAL_UNIT_ASSIGNED_CONTEXT((#1791,#1792,#1793)) REPRESENTATION_CONTEXT
('Context #1','3D Context with UNIT and UNCERTAINTY') );
#1791 = ( LENGTH_UNIT() NAMED_UNIT(*) SI_UNIT(.MILLI.,.METRE.) );
#1792 = ( NAMED_UNIT(*) PLANE_ANGLE_UNIT() SI_UNIT($,.RADIAN.) );
#1793 = ( NAMED_UNIT(*) SI_UNIT($,.STERADIAN.) SOLID_ANGLE_UNIT() );
#1794 = UNCERTAINTY_MEASURE_WITH_UNIT(LENGTH_MEASURE(1.E-07),#1791,
  'distance_accuracy_value','confusion accuracy');
#1795 = CONTEXT_DEPENDENT_SHAPE_REPRESENTATION(#1796,#1798);
#1796 = ( REPRESENTATION_RELATIONSHIP('','',#999,#976) 
REPRESENTATION_RELATIONSHIP_WITH_TRANSFORMATION(#1797) 
SHAPE_REPRESENTATION_RELATIONSHIP() );
#1797 = ITEM_DEFINED_TRANSFORMATION('','',#11,#977);
#1798 = PRODUCT_DEFINITION_SHAPE('Placement','Placement of an item',
  #1799);
#1799 = NEXT_ASSEMBLY_USAGE_OCCURRENCE('3','=>[0:1:1:5]','',#971,#994,$
  );
#1800 = PRODUCT_RELATED_PRODUCT_CATEGORY('part',$,(#996));
#1801 = CONTEXT_DEPENDENT_SHAPE_REPRESENTATION(#1802,#1804);
#1802 = ( REPRESENTATION_RELATIONSHIP('','',#976,#10) 
REPRESENTATION_RELATIONSHIP_WITH_TRANSFORMATION(#1803) 
SHAPE_REPRESENTATION_RELATIONSHIP() );
#1803 = ITEM_DEFINED_TRANSFORMATION('','',#11,#23);
#1804 = PRODUCT_DEFINITION_SHAPE('Placement','Placement of an item',
  #1805);
#1805 = NEXT_ASSEMBLY_USAGE_OCCURRENCE('5','R4','',#5,#971,$);
#1806 = SHAPE_DEFINITION_REPRESENTATION(#1807,#1813);
#1807 = PRODUCT_DEFINITION_SHAPE('','',#1808);
#1808 = PRODUCT_DEFINITION('design','',#1809,#1812);
#1809 = PRODUCT_DEFINITION_FORMATION('','',#1810);
#1810 = PRODUCT('C_0805_2012Metric','C_0805_2012Metric','',(#1811));
#1811 = PRODUCT_CONTEXT('',#2,'mechanical');
#1812 = PRODUCT_DEFINITION_CONTEXT('part definition',#2,'design');
#1813 = SHAPE_REPRESENTATION('',(#11,#1814),#1818);
#1814 = AXIS2_PLACEMENT_3D('',#1815,#1816,#1817);
#1815 = CARTESIAN_POINT('',(0.,0.,0.));
#1816 = DIRECTION('',(0.,0.,1.));
#1817 = DIRECTION('',(1.,0.,-0.));
#1818 = ( GEOMETRIC_REPRESENTATION_CONTEXT(3) 
GLOBAL_UNCERTAINTY_ASSIGNED_CONTEXT((#1822)) 
GLOBAL_UNIT_ASSIGNED_CONTEXT((#1819,#1820,#1821)) REPRESENTATION_CONTEXT
('Context #1','3D Context with UNIT and UNCERTAINTY') );
#1819 = ( LENGTH_UNIT() NAMED_UNIT(*) SI_UNIT(.MILLI.,.METRE.) );
#1820 = ( NAMED_UNIT(*) PLANE_ANGLE_UNIT() SI_UNIT($,.RADIAN.) );
#1821 = ( NAMED_UNIT(*) SI_UNIT($,.STERADIAN.) SOLID_ANGLE_UNIT() );
#1822 = UNCERTAINTY_MEASURE_WITH_UNIT(LENGTH_MEASURE(1.E-07),#1819,
  'distance_accuracy_value','confusion accuracy');
#1823 = CONTEXT_DEPENDENT_SHAPE_REPRESENTATION(#1824,#1826);
#1824 = ( REPRESENTATION_RELATIONSHIP('','',#1813,#10) 
REPRESENTATION_RELATIONSHIP_WITH_TRANSFORMATION(#1825) 
SHAPE_REPRESENTATION_RELATIONSHIP() );
#1825 = ITEM_DEFINED_TRANSFORMATION('','',#11,#27);
#1826 = PRODUCT_DEFINITION_SHAPE('Placement','Placement of an item',
  #1827);
#1827 = NEXT_ASSEMBLY_USAGE_OCCURRENCE('7','C10','',#5,#1808,$);
#1828 = PRODUCT_RELATED_PRODUCT_CATEGORY('part',$,(#1810));
#1829 = SHAPE_DEFINITION_REPRESENTATION(#1830,#1836);
#1830 = PRODUCT_DEFINITION_SHAPE('','',#1831);
#1831 = PRODUCT_DEFINITION('design','',#1832,#1835);
#1832 = PRODUCT_DEFINITION_FORMATION('','',#1833);
#1833 = PRODUCT('C_0805_2012Metric','C_0805_2012Metric','',(#1834));
#1834 = PRODUCT_CONTEXT('',#2,'mechanical');
#1835 = PRODUCT_DEFINITION_CONTEXT('part definition',#2,'design');
#1836 = ADVANCED_BREP_SHAPE_REPRESENTATION('',(#11,#1837),#2691);
#1837 = MANIFOLD_SOLID_BREP('',#1838);
#1838 = CLOSED_SHELL('',(#1839,#1915,#1946,#1971,#1996,#2020,#2044,#2069
    ,#2094,#2111,#2197,#2229,#2253,#2278,#2302,#2327,#2351,#2376,#2393,
    #2479,#2510,#2535,#2560,#2584,#2608,#2633,#2658,#2675));
#1839 = ADVANCED_FACE('',(#1840),#1910,.F.);
#1840 = FACE_BOUND('',#1841,.F.);
#1841 = EDGE_LOOP('',(#1842,#1852,#1861,#1869,#1878,#1886,#1895,#1903));
#1842 = ORIENTED_EDGE('',*,*,#1843,.F.);
#1843 = EDGE_CURVE('',#1844,#1846,#1848,.T.);
#1844 = VERTEX_POINT('',#1845);
#1845 = CARTESIAN_POINT('',(-1.,-0.625,4.E-02));
#1846 = VERTEX_POINT('',#1847);
#1847 = CARTESIAN_POINT('',(-1.,-0.625,1.21));
#1848 = LINE('',#1849,#1850);
#1849 = CARTESIAN_POINT('',(-1.,-0.625,0.));
#1850 = VECTOR('',#1851,1.);
#1851 = DIRECTION('',(0.,0.,1.));
#1852 = ORIENTED_EDGE('',*,*,#1853,.T.);
#1853 = EDGE_CURVE('',#1844,#1854,#1856,.T.);
#1854 = VERTEX_POINT('',#1855);
#1855 = CARTESIAN_POINT('',(-1.,-0.585,0.));
#1856 = CIRCLE('',#1857,4.E-02);
#1857 = AXIS2_PLACEMENT_3D('',#1858,#1859,#1860);
#1858 = CARTESIAN_POINT('',(-1.,-0.585,4.E-02));
#1859 = DIRECTION('',(1.,0.,-0.));
#1860 = DIRECTION('',(0.,0.,1.));
#1861 = ORIENTED_EDGE('',*,*,#1862,.T.);
#1862 = EDGE_CURVE('',#1854,#1863,#1865,.T.);
#1863 = VERTEX_POINT('',#1864);
#1864 = CARTESIAN_POINT('',(-1.,0.585,0.));
#1865 = LINE('',#1866,#1867);
#1866 = CARTESIAN_POINT('',(-1.,-0.625,0.));
#1867 = VECTOR('',#1868,1.);
#1868 = DIRECTION('',(0.,1.,0.));
#1869 = ORIENTED_EDGE('',*,*,#1870,.F.);
#1870 = EDGE_CURVE('',#1871,#1863,#1873,.T.);
#1871 = VERTEX_POINT('',#1872);
#1872 = CARTESIAN_POINT('',(-1.,0.625,4.E-02));
#1873 = CIRCLE('',#1874,4.E-02);
#1874 = AXIS2_PLACEMENT_3D('',#1875,#1876,#1877);
#1875 = CARTESIAN_POINT('',(-1.,0.585,4.E-02));
#1876 = DIRECTION('',(-1.,0.,0.));
#1877 = DIRECTION('',(0.,0.,1.));
#1878 = ORIENTED_EDGE('',*,*,#1879,.T.);
#1879 = EDGE_CURVE('',#1871,#1880,#1882,.T.);
#1880 = VERTEX_POINT('',#1881);
#1881 = CARTESIAN_POINT('',(-1.,0.625,1.21));
#1882 = LINE('',#1883,#1884);
#1883 = CARTESIAN_POINT('',(-1.,0.625,0.));
#1884 = VECTOR('',#1885,1.);
#1885 = DIRECTION('',(0.,0.,1.));
#1886 = ORIENTED_EDGE('',*,*,#1887,.T.);
#1887 = EDGE_CURVE('',#1880,#1888,#1890,.T.);
#1888 = VERTEX_POINT('',#1889);
#1889 = CARTESIAN_POINT('',(-1.,0.585,1.25));
#1890 = CIRCLE('',#1891,4.E-02);
#1891 = AXIS2_PLACEMENT_3D('',#1892,#1893,#1894);
#1892 = CARTESIAN_POINT('',(-1.,0.585,1.21));
#1893 = DIRECTION('',(1.,0.,-0.));
#1894 = DIRECTION('',(0.,0.,1.));
#1895 = ORIENTED_EDGE('',*,*,#1896,.F.);
#1896 = EDGE_CURVE('',#1897,#1888,#1899,.T.);
#1897 = VERTEX_POINT('',#1898);
#1898 = CARTESIAN_POINT('',(-1.,-0.585,1.25));
#1899 = LINE('',#1900,#1901);
#1900 = CARTESIAN_POINT('',(-1.,-0.625,1.25));
#1901 = VECTOR('',#1902,1.);
#1902 = DIRECTION('',(0.,1.,0.));
#1903 = ORIENTED_EDGE('',*,*,#1904,.F.);
#1904 = EDGE_CURVE('',#1846,#1897,#1905,.T.);
#1905 = CIRCLE('',#1906,4.E-02);
#1906 = AXIS2_PLACEMENT_3D('',#1907,#1908,#1909);
#1907 = CARTESIAN_POINT('',(-1.,-0.585,1.21));
#1908 = DIRECTION('',(-1.,0.,0.));
#1909 = DIRECTION('',(0.,0.,1.));
#1910 = PLANE('',#1911);
#1911 = AXIS2_PLACEMENT_3D('',#1912,#1913,#1914);
#1912 = CARTESIAN_POINT('',(-1.,-0.625,0.));
#1913 = DIRECTION('',(1.,0.,0.));
#1914 = DIRECTION('',(0.,0.,1.));
#1915 = ADVANCED_FACE('',(#1916),#1941,.F.);
#1916 = FACE_BOUND('',#1917,.F.);
#1917 = EDGE_LOOP('',(#1918,#1928,#1934,#1935));
#1918 = ORIENTED_EDGE('',*,*,#1919,.F.);
#1919 = EDGE_CURVE('',#1920,#1922,#1924,.T.);
#1920 = VERTEX_POINT('',#1921);
#1921 = CARTESIAN_POINT('',(-0.6,-0.625,4.E-02));
#1922 = VERTEX_POINT('',#1923);
#1923 = CARTESIAN_POINT('',(-0.6,-0.625,1.21));
#1924 = LINE('',#1925,#1926);
#1925 = CARTESIAN_POINT('',(-0.6,-0.625,0.));
#1926 = VECTOR('',#1927,1.);
#1927 = DIRECTION('',(0.,0.,1.));
#1928 = ORIENTED_EDGE('',*,*,#1929,.F.);
#1929 = EDGE_CURVE('',#1844,#1920,#1930,.T.);
#1930 = LINE('',#1931,#1932);
#1931 = CARTESIAN_POINT('',(-1.,-0.625,4.E-02));
#1932 = VECTOR('',#1933,1.);
#1933 = DIRECTION('',(1.,0.,0.));
#1934 = ORIENTED_EDGE('',*,*,#1843,.T.);
#1935 = ORIENTED_EDGE('',*,*,#1936,.T.);
#1936 = EDGE_CURVE('',#1846,#1922,#1937,.T.);
#1937 = LINE('',#1938,#1939);
#1938 = CARTESIAN_POINT('',(-1.,-0.625,1.21));
#1939 = VECTOR('',#1940,1.);
#1940 = DIRECTION('',(1.,0.,0.));
#1941 = PLANE('',#1942);
#1942 = AXIS2_PLACEMENT_3D('',#1943,#1944,#1945);
#1943 = CARTESIAN_POINT('',(-1.,-0.625,0.));
#1944 = DIRECTION('',(0.,1.,0.));
#1945 = DIRECTION('',(0.,-0.,1.));
#1946 = ADVANCED_FACE('',(#1947),#1966,.T.);
#1947 = FACE_BOUND('',#1948,.T.);
#1948 = EDGE_LOOP('',(#1949,#1950,#1958,#1965));
#1949 = ORIENTED_EDGE('',*,*,#1853,.T.);
#1950 = ORIENTED_EDGE('',*,*,#1951,.T.);
#1951 = EDGE_CURVE('',#1854,#1952,#1954,.T.);
#1952 = VERTEX_POINT('',#1953);
#1953 = CARTESIAN_POINT('',(-0.6,-0.585,0.));
#1954 = LINE('',#1955,#1956);
#1955 = CARTESIAN_POINT('',(-1.,-0.585,0.));
#1956 = VECTOR('',#1957,1.);
#1957 = DIRECTION('',(1.,0.,0.));
#1958 = ORIENTED_EDGE('',*,*,#1959,.F.);
#1959 = EDGE_CURVE('',#1920,#1952,#1960,.T.);
#1960 = CIRCLE('',#1961,4.E-02);
#1961 = AXIS2_PLACEMENT_3D('',#1962,#1963,#1964);
#1962 = CARTESIAN_POINT('',(-0.6,-0.585,4.E-02));
#1963 = DIRECTION('',(1.,0.,-0.));
#1964 = DIRECTION('',(0.,0.,1.));
#1965 = ORIENTED_EDGE('',*,*,#1929,.F.);
#1966 = CYLINDRICAL_SURFACE('',#1967,4.E-02);
#1967 = AXIS2_PLACEMENT_3D('',#1968,#1969,#1970);
#1968 = CARTESIAN_POINT('',(-1.,-0.585,4.E-02));
#1969 = DIRECTION('',(1.,0.,0.));
#1970 = DIRECTION('',(0.,-1.,0.));
#1971 = ADVANCED_FACE('',(#1972),#1991,.T.);
#1972 = FACE_BOUND('',#1973,.T.);
#1973 = EDGE_LOOP('',(#1974,#1975,#1984,#1990));
#1974 = ORIENTED_EDGE('',*,*,#1936,.T.);
#1975 = ORIENTED_EDGE('',*,*,#1976,.T.);
#1976 = EDGE_CURVE('',#1922,#1977,#1979,.T.);
#1977 = VERTEX_POINT('',#1978);
#1978 = CARTESIAN_POINT('',(-0.6,-0.585,1.25));
#1979 = CIRCLE('',#1980,4.E-02);
#1980 = AXIS2_PLACEMENT_3D('',#1981,#1982,#1983);
#1981 = CARTESIAN_POINT('',(-0.6,-0.585,1.21));
#1982 = DIRECTION('',(-1.,0.,0.));
#1983 = DIRECTION('',(0.,0.,1.));
#1984 = ORIENTED_EDGE('',*,*,#1985,.F.);
#1985 = EDGE_CURVE('',#1897,#1977,#1986,.T.);
#1986 = LINE('',#1987,#1988);
#1987 = CARTESIAN_POINT('',(-1.,-0.585,1.25));
#1988 = VECTOR('',#1989,1.);
#1989 = DIRECTION('',(1.,0.,0.));
#1990 = ORIENTED_EDGE('',*,*,#1904,.F.);
#1991 = CYLINDRICAL_SURFACE('',#1992,4.E-02);
#1992 = AXIS2_PLACEMENT_3D('',#1993,#1994,#1995);
#1993 = CARTESIAN_POINT('',(-1.,-0.585,1.21));
#1994 = DIRECTION('',(1.,0.,0.));
#1995 = DIRECTION('',(0.,-1.,0.));
#1996 = ADVANCED_FACE('',(#1997),#2015,.F.);
#1997 = FACE_BOUND('',#1998,.F.);
#1998 = EDGE_LOOP('',(#1999,#2000,#2001,#2009));
#1999 = ORIENTED_EDGE('',*,*,#1862,.F.);
#2000 = ORIENTED_EDGE('',*,*,#1951,.T.);
#2001 = ORIENTED_EDGE('',*,*,#2002,.T.);
#2002 = EDGE_CURVE('',#1952,#2003,#2005,.T.);
#2003 = VERTEX_POINT('',#2004);
#2004 = CARTESIAN_POINT('',(-0.6,0.585,0.));
#2005 = LINE('',#2006,#2007);
#2006 = CARTESIAN_POINT('',(-0.6,-0.625,0.));
#2007 = VECTOR('',#2008,1.);
#2008 = DIRECTION('',(0.,1.,0.));
#2009 = ORIENTED_EDGE('',*,*,#2010,.F.);
#2010 = EDGE_CURVE('',#1863,#2003,#2011,.T.);
#2011 = LINE('',#2012,#2013);
#2012 = CARTESIAN_POINT('',(-1.,0.585,0.));
#2013 = VECTOR('',#2014,1.);
#2014 = DIRECTION('',(1.,0.,0.));
#2015 = PLANE('',#2016);
#2016 = AXIS2_PLACEMENT_3D('',#2017,#2018,#2019);
#2017 = CARTESIAN_POINT('',(-1.,-0.625,0.));
#2018 = DIRECTION('',(0.,0.,1.));
#2019 = DIRECTION('',(1.,0.,-0.));
#2020 = ADVANCED_FACE('',(#2021),#2039,.T.);
#2021 = FACE_BOUND('',#2022,.T.);
#2022 = EDGE_LOOP('',(#2023,#2024,#2025,#2033));
#2023 = ORIENTED_EDGE('',*,*,#1896,.F.);
#2024 = ORIENTED_EDGE('',*,*,#1985,.T.);
#2025 = ORIENTED_EDGE('',*,*,#2026,.T.);
#2026 = EDGE_CURVE('',#1977,#2027,#2029,.T.);
#2027 = VERTEX_POINT('',#2028);
#2028 = CARTESIAN_POINT('',(-0.6,0.585,1.25));
#2029 = LINE('',#2030,#2031);
#2030 = CARTESIAN_POINT('',(-0.6,-0.625,1.25));
#2031 = VECTOR('',#2032,1.);
#2032 = DIRECTION('',(0.,1.,0.));
#2033 = ORIENTED_EDGE('',*,*,#2034,.F.);
#2034 = EDGE_CURVE('',#1888,#2027,#2035,.T.);
#2035 = LINE('',#2036,#2037);
#2036 = CARTESIAN_POINT('',(-1.,0.585,1.25));
#2037 = VECTOR('',#2038,1.);
#2038 = DIRECTION('',(1.,0.,0.));
#2039 = PLANE('',#2040);
#2040 = AXIS2_PLACEMENT_3D('',#2041,#2042,#2043);
#2041 = CARTESIAN_POINT('',(-1.,-0.625,1.25));
#2042 = DIRECTION('',(0.,0.,1.));
#2043 = DIRECTION('',(1.,0.,-0.));
#2044 = ADVANCED_FACE('',(#2045),#2064,.T.);
#2045 = FACE_BOUND('',#2046,.T.);
#2046 = EDGE_LOOP('',(#2047,#2055,#2062,#2063));
#2047 = ORIENTED_EDGE('',*,*,#2048,.T.);
#2048 = EDGE_CURVE('',#1871,#2049,#2051,.T.);
#2049 = VERTEX_POINT('',#2050);
#2050 = CARTESIAN_POINT('',(-0.6,0.625,4.E-02));
#2051 = LINE('',#2052,#2053);
#2052 = CARTESIAN_POINT('',(-1.,0.625,4.E-02));
#2053 = VECTOR('',#2054,1.);
#2054 = DIRECTION('',(1.,0.,0.));
#2055 = ORIENTED_EDGE('',*,*,#2056,.T.);
#2056 = EDGE_CURVE('',#2049,#2003,#2057,.T.);
#2057 = CIRCLE('',#2058,4.E-02);
#2058 = AXIS2_PLACEMENT_3D('',#2059,#2060,#2061);
#2059 = CARTESIAN_POINT('',(-0.6,0.585,4.E-02));
#2060 = DIRECTION('',(-1.,0.,0.));
#2061 = DIRECTION('',(0.,0.,1.));
#2062 = ORIENTED_EDGE('',*,*,#2010,.F.);
#2063 = ORIENTED_EDGE('',*,*,#1870,.F.);
#2064 = CYLINDRICAL_SURFACE('',#2065,4.E-02);
#2065 = AXIS2_PLACEMENT_3D('',#2066,#2067,#2068);
#2066 = CARTESIAN_POINT('',(-1.,0.585,4.E-02));
#2067 = DIRECTION('',(1.,0.,0.));
#2068 = DIRECTION('',(-0.,1.,0.));
#2069 = ADVANCED_FACE('',(#2070),#2089,.T.);
#2070 = FACE_BOUND('',#2071,.T.);
#2071 = EDGE_LOOP('',(#2072,#2073,#2074,#2083));
#2072 = ORIENTED_EDGE('',*,*,#1887,.T.);
#2073 = ORIENTED_EDGE('',*,*,#2034,.T.);
#2074 = ORIENTED_EDGE('',*,*,#2075,.F.);
#2075 = EDGE_CURVE('',#2076,#2027,#2078,.T.);
#2076 = VERTEX_POINT('',#2077);
#2077 = CARTESIAN_POINT('',(-0.6,0.625,1.21));
#2078 = CIRCLE('',#2079,4.E-02);
#2079 = AXIS2_PLACEMENT_3D('',#2080,#2081,#2082);
#2080 = CARTESIAN_POINT('',(-0.6,0.585,1.21));
#2081 = DIRECTION('',(1.,0.,-0.));
#2082 = DIRECTION('',(0.,0.,1.));
#2083 = ORIENTED_EDGE('',*,*,#2084,.F.);
#2084 = EDGE_CURVE('',#1880,#2076,#2085,.T.);
#2085 = LINE('',#2086,#2087);
#2086 = CARTESIAN_POINT('',(-1.,0.625,1.21));
#2087 = VECTOR('',#2088,1.);
#2088 = DIRECTION('',(1.,0.,0.));
#2089 = CYLINDRICAL_SURFACE('',#2090,4.E-02);
#2090 = AXIS2_PLACEMENT_3D('',#2091,#2092,#2093);
#2091 = CARTESIAN_POINT('',(-1.,0.585,1.21));
#2092 = DIRECTION('',(1.,0.,0.));
#2093 = DIRECTION('',(-0.,1.,0.));
#2094 = ADVANCED_FACE('',(#2095),#2106,.T.);
#2095 = FACE_BOUND('',#2096,.T.);
#2096 = EDGE_LOOP('',(#2097,#2103,#2104,#2105));
#2097 = ORIENTED_EDGE('',*,*,#2098,.F.);
#2098 = EDGE_CURVE('',#2049,#2076,#2099,.T.);
#2099 = LINE('',#2100,#2101);
#2100 = CARTESIAN_POINT('',(-0.6,0.625,0.));
#2101 = VECTOR('',#2102,1.);
#2102 = DIRECTION('',(0.,0.,1.));
#2103 = ORIENTED_EDGE('',*,*,#2048,.F.);
#2104 = ORIENTED_EDGE('',*,*,#1879,.T.);
#2105 = ORIENTED_EDGE('',*,*,#2084,.T.);
#2106 = PLANE('',#2107);
#2107 = AXIS2_PLACEMENT_3D('',#2108,#2109,#2110);
#2108 = CARTESIAN_POINT('',(-1.,0.625,0.));
#2109 = DIRECTION('',(0.,1.,0.));
#2110 = DIRECTION('',(0.,-0.,1.));
#2111 = ADVANCED_FACE('',(#2112,#2122),#2192,.T.);
#2112 = FACE_BOUND('',#2113,.T.);
#2113 = EDGE_LOOP('',(#2114,#2115,#2116,#2117,#2118,#2119,#2120,#2121));
#2114 = ORIENTED_EDGE('',*,*,#1919,.F.);
#2115 = ORIENTED_EDGE('',*,*,#1959,.T.);
#2116 = ORIENTED_EDGE('',*,*,#2002,.T.);
#2117 = ORIENTED_EDGE('',*,*,#2056,.F.);
#2118 = ORIENTED_EDGE('',*,*,#2098,.T.);
#2119 = ORIENTED_EDGE('',*,*,#2075,.T.);
#2120 = ORIENTED_EDGE('',*,*,#2026,.F.);
#2121 = ORIENTED_EDGE('',*,*,#1976,.F.);
#2122 = FACE_BOUND('',#2123,.T.);
#2123 = EDGE_LOOP('',(#2124,#2135,#2143,#2152,#2160,#2169,#2177,#2186));
#2124 = ORIENTED_EDGE('',*,*,#2125,.F.);
#2125 = EDGE_CURVE('',#2126,#2128,#2130,.T.);
#2126 = VERTEX_POINT('',#2127);
#2127 = CARTESIAN_POINT('',(-0.6,-0.585,8.E-02));
#2128 = VERTEX_POINT('',#2129);
#2129 = CARTESIAN_POINT('',(-0.6,-0.545,4.E-02));
#2130 = CIRCLE('',#2131,4.E-02);
#2131 = AXIS2_PLACEMENT_3D('',#2132,#2133,#2134);
#2132 = CARTESIAN_POINT('',(-0.6,-0.545,8.E-02));
#2133 = DIRECTION('',(1.,0.,-0.));
#2134 = DIRECTION('',(0.,0.,1.));
#2135 = ORIENTED_EDGE('',*,*,#2136,.T.);
#2136 = EDGE_CURVE('',#2126,#2137,#2139,.T.);
#2137 = VERTEX_POINT('',#2138);
#2138 = CARTESIAN_POINT('',(-0.6,-0.585,1.17));
#2139 = LINE('',#2140,#2141);
#2140 = CARTESIAN_POINT('',(-0.6,-0.585,4.E-02));
#2141 = VECTOR('',#2142,1.);
#2142 = DIRECTION('',(0.,0.,1.));
#2143 = ORIENTED_EDGE('',*,*,#2144,.T.);
#2144 = EDGE_CURVE('',#2137,#2145,#2147,.T.);
#2145 = VERTEX_POINT('',#2146);
#2146 = CARTESIAN_POINT('',(-0.6,-0.545,1.21));
#2147 = CIRCLE('',#2148,4.E-02);
#2148 = AXIS2_PLACEMENT_3D('',#2149,#2150,#2151);
#2149 = CARTESIAN_POINT('',(-0.6,-0.545,1.17));
#2150 = DIRECTION('',(-1.,0.,0.));
#2151 = DIRECTION('',(0.,0.,1.));
#2152 = ORIENTED_EDGE('',*,*,#2153,.T.);
#2153 = EDGE_CURVE('',#2145,#2154,#2156,.T.);
#2154 = VERTEX_POINT('',#2155);
#2155 = CARTESIAN_POINT('',(-0.6,0.545,1.21));
#2156 = LINE('',#2157,#2158);
#2157 = CARTESIAN_POINT('',(-0.6,-0.585,1.21));
#2158 = VECTOR('',#2159,1.);
#2159 = DIRECTION('',(0.,1.,0.));
#2160 = ORIENTED_EDGE('',*,*,#2161,.F.);
#2161 = EDGE_CURVE('',#2162,#2154,#2164,.T.);
#2162 = VERTEX_POINT('',#2163);
#2163 = CARTESIAN_POINT('',(-0.6,0.585,1.17));
#2164 = CIRCLE('',#2165,4.E-02);
#2165 = AXIS2_PLACEMENT_3D('',#2166,#2167,#2168);
#2166 = CARTESIAN_POINT('',(-0.6,0.545,1.17));
#2167 = DIRECTION('',(1.,0.,-0.));
#2168 = DIRECTION('',(0.,0.,1.));
#2169 = ORIENTED_EDGE('',*,*,#2170,.F.);
#2170 = EDGE_CURVE('',#2171,#2162,#2173,.T.);
#2171 = VERTEX_POINT('',#2172);
#2172 = CARTESIAN_POINT('',(-0.6,0.585,8.E-02));
#2173 = LINE('',#2174,#2175);
#2174 = CARTESIAN_POINT('',(-0.6,0.585,4.E-02));
#2175 = VECTOR('',#2176,1.);
#2176 = DIRECTION('',(0.,0.,1.));
#2177 = ORIENTED_EDGE('',*,*,#2178,.T.);
#2178 = EDGE_CURVE('',#2171,#2179,#2181,.T.);
#2179 = VERTEX_POINT('',#2180);
#2180 = CARTESIAN_POINT('',(-0.6,0.545,4.E-02));
#2181 = CIRCLE('',#2182,4.E-02);
#2182 = AXIS2_PLACEMENT_3D('',#2183,#2184,#2185);
#2183 = CARTESIAN_POINT('',(-0.6,0.545,8.E-02));
#2184 = DIRECTION('',(-1.,0.,0.));
#2185 = DIRECTION('',(0.,0.,1.));
#2186 = ORIENTED_EDGE('',*,*,#2187,.F.);
#2187 = EDGE_CURVE('',#2128,#2179,#2188,.T.);
#2188 = LINE('',#2189,#2190);
#2189 = CARTESIAN_POINT('',(-0.6,-0.585,4.E-02));
#2190 = VECTOR('',#2191,1.);
#2191 = DIRECTION('',(0.,1.,0.));
#2192 = PLANE('',#2193);
#2193 = AXIS2_PLACEMENT_3D('',#2194,#2195,#2196);
#2194 = CARTESIAN_POINT('',(-0.6,-0.625,0.));
#2195 = DIRECTION('',(1.,0.,0.));
#2196 = DIRECTION('',(0.,0.,1.));
#2197 = ADVANCED_FACE('',(#2198),#2224,.T.);
#2198 = FACE_BOUND('',#2199,.T.);
#2199 = EDGE_LOOP('',(#2200,#2201,#2209,#2218));
#2200 = ORIENTED_EDGE('',*,*,#2125,.T.);
#2201 = ORIENTED_EDGE('',*,*,#2202,.T.);
#2202 = EDGE_CURVE('',#2128,#2203,#2205,.T.);
#2203 = VERTEX_POINT('',#2204);
#2204 = CARTESIAN_POINT('',(0.6,-0.545,4.E-02));
#2205 = LINE('',#2206,#2207);
#2206 = CARTESIAN_POINT('',(-0.6,-0.545,4.E-02));
#2207 = VECTOR('',#2208,1.);
#2208 = DIRECTION('',(1.,0.,0.));
#2209 = ORIENTED_EDGE('',*,*,#2210,.F.);
#2210 = EDGE_CURVE('',#2211,#2203,#2213,.T.);
#2211 = VERTEX_POINT('',#2212);
#2212 = CARTESIAN_POINT('',(0.6,-0.585,8.E-02));
#2213 = CIRCLE('',#2214,4.E-02);
#2214 = AXIS2_PLACEMENT_3D('',#2215,#2216,#2217);
#2215 = CARTESIAN_POINT('',(0.6,-0.545,8.E-02));
#2216 = DIRECTION('',(1.,0.,-0.));
#2217 = DIRECTION('',(0.,0.,1.));
#2218 = ORIENTED_EDGE('',*,*,#2219,.F.);
#2219 = EDGE_CURVE('',#2126,#2211,#2220,.T.);
#2220 = LINE('',#2221,#2222);
#2221 = CARTESIAN_POINT('',(-0.6,-0.585,8.E-02));
#2222 = VECTOR('',#2223,1.);
#2223 = DIRECTION('',(1.,0.,0.));
#2224 = CYLINDRICAL_SURFACE('',#2225,4.E-02);
#2225 = AXIS2_PLACEMENT_3D('',#2226,#2227,#2228);
#2226 = CARTESIAN_POINT('',(-0.6,-0.545,8.E-02));
#2227 = DIRECTION('',(1.,0.,0.));
#2228 = DIRECTION('',(0.,-1.,0.));
#2229 = ADVANCED_FACE('',(#2230),#2248,.F.);
#2230 = FACE_BOUND('',#2231,.F.);
#2231 = EDGE_LOOP('',(#2232,#2233,#2234,#2242));
#2232 = ORIENTED_EDGE('',*,*,#2187,.F.);
#2233 = ORIENTED_EDGE('',*,*,#2202,.T.);
#2234 = ORIENTED_EDGE('',*,*,#2235,.T.);
#2235 = EDGE_CURVE('',#2203,#2236,#2238,.T.);
#2236 = VERTEX_POINT('',#2237);
#2237 = CARTESIAN_POINT('',(0.6,0.545,4.E-02));
#2238 = LINE('',#2239,#2240);
#2239 = CARTESIAN_POINT('',(0.6,-0.585,4.E-02));
#2240 = VECTOR('',#2241,1.);
#2241 = DIRECTION('',(0.,1.,0.));
#2242 = ORIENTED_EDGE('',*,*,#2243,.F.);
#2243 = EDGE_CURVE('',#2179,#2236,#2244,.T.);
#2244 = LINE('',#2245,#2246);
#2245 = CARTESIAN_POINT('',(-0.6,0.545,4.E-02));
#2246 = VECTOR('',#2247,1.);
#2247 = DIRECTION('',(1.,0.,0.));
#2248 = PLANE('',#2249);
#2249 = AXIS2_PLACEMENT_3D('',#2250,#2251,#2252);
#2250 = CARTESIAN_POINT('',(-0.6,-0.585,4.E-02));
#2251 = DIRECTION('',(0.,0.,1.));
#2252 = DIRECTION('',(1.,0.,-0.));
#2253 = ADVANCED_FACE('',(#2254),#2273,.T.);
#2254 = FACE_BOUND('',#2255,.T.);
#2255 = EDGE_LOOP('',(#2256,#2264,#2271,#2272));
#2256 = ORIENTED_EDGE('',*,*,#2257,.T.);
#2257 = EDGE_CURVE('',#2171,#2258,#2260,.T.);
#2258 = VERTEX_POINT('',#2259);
#2259 = CARTESIAN_POINT('',(0.6,0.585,8.E-02));
#2260 = LINE('',#2261,#2262);
#2261 = CARTESIAN_POINT('',(-0.6,0.585,8.E-02));
#2262 = VECTOR('',#2263,1.);
#2263 = DIRECTION('',(1.,0.,0.));
#2264 = ORIENTED_EDGE('',*,*,#2265,.T.);
#2265 = EDGE_CURVE('',#2258,#2236,#2266,.T.);
#2266 = CIRCLE('',#2267,4.E-02);
#2267 = AXIS2_PLACEMENT_3D('',#2268,#2269,#2270);
#2268 = CARTESIAN_POINT('',(0.6,0.545,8.E-02));
#2269 = DIRECTION('',(-1.,0.,0.));
#2270 = DIRECTION('',(0.,0.,1.));
#2271 = ORIENTED_EDGE('',*,*,#2243,.F.);
#2272 = ORIENTED_EDGE('',*,*,#2178,.F.);
#2273 = CYLINDRICAL_SURFACE('',#2274,4.E-02);
#2274 = AXIS2_PLACEMENT_3D('',#2275,#2276,#2277);
#2275 = CARTESIAN_POINT('',(-0.6,0.545,8.E-02));
#2276 = DIRECTION('',(1.,0.,0.));
#2277 = DIRECTION('',(-0.,1.,0.));
#2278 = ADVANCED_FACE('',(#2279),#2297,.T.);
#2279 = FACE_BOUND('',#2280,.T.);
#2280 = EDGE_LOOP('',(#2281,#2289,#2290,#2291));
#2281 = ORIENTED_EDGE('',*,*,#2282,.F.);
#2282 = EDGE_CURVE('',#2258,#2283,#2285,.T.);
#2283 = VERTEX_POINT('',#2284);
#2284 = CARTESIAN_POINT('',(0.6,0.585,1.17));
#2285 = LINE('',#2286,#2287);
#2286 = CARTESIAN_POINT('',(0.6,0.585,4.E-02));
#2287 = VECTOR('',#2288,1.);
#2288 = DIRECTION('',(0.,0.,1.));
#2289 = ORIENTED_EDGE('',*,*,#2257,.F.);
#2290 = ORIENTED_EDGE('',*,*,#2170,.T.);
#2291 = ORIENTED_EDGE('',*,*,#2292,.T.);
#2292 = EDGE_CURVE('',#2162,#2283,#2293,.T.);
#2293 = LINE('',#2294,#2295);
#2294 = CARTESIAN_POINT('',(-0.6,0.585,1.17));
#2295 = VECTOR('',#2296,1.);
#2296 = DIRECTION('',(1.,0.,0.));
#2297 = PLANE('',#2298);
#2298 = AXIS2_PLACEMENT_3D('',#2299,#2300,#2301);
#2299 = CARTESIAN_POINT('',(-0.6,0.585,4.E-02));
#2300 = DIRECTION('',(0.,1.,0.));
#2301 = DIRECTION('',(0.,-0.,1.));
#2302 = ADVANCED_FACE('',(#2303),#2322,.T.);
#2303 = FACE_BOUND('',#2304,.T.);
#2304 = EDGE_LOOP('',(#2305,#2306,#2314,#2321));
#2305 = ORIENTED_EDGE('',*,*,#2161,.T.);
#2306 = ORIENTED_EDGE('',*,*,#2307,.T.);
#2307 = EDGE_CURVE('',#2154,#2308,#2310,.T.);
#2308 = VERTEX_POINT('',#2309);
#2309 = CARTESIAN_POINT('',(0.6,0.545,1.21));
#2310 = LINE('',#2311,#2312);
#2311 = CARTESIAN_POINT('',(-0.6,0.545,1.21));
#2312 = VECTOR('',#2313,1.);
#2313 = DIRECTION('',(1.,0.,0.));
#2314 = ORIENTED_EDGE('',*,*,#2315,.F.);
#2315 = EDGE_CURVE('',#2283,#2308,#2316,.T.);
#2316 = CIRCLE('',#2317,4.E-02);
#2317 = AXIS2_PLACEMENT_3D('',#2318,#2319,#2320);
#2318 = CARTESIAN_POINT('',(0.6,0.545,1.17));
#2319 = DIRECTION('',(1.,0.,-0.));
#2320 = DIRECTION('',(0.,0.,1.));
#2321 = ORIENTED_EDGE('',*,*,#2292,.F.);
#2322 = CYLINDRICAL_SURFACE('',#2323,4.E-02);
#2323 = AXIS2_PLACEMENT_3D('',#2324,#2325,#2326);
#2324 = CARTESIAN_POINT('',(-0.6,0.545,1.17));
#2325 = DIRECTION('',(1.,0.,0.));
#2326 = DIRECTION('',(-0.,1.,0.));
#2327 = ADVANCED_FACE('',(#2328),#2346,.T.);
#2328 = FACE_BOUND('',#2329,.T.);
#2329 = EDGE_LOOP('',(#2330,#2331,#2339,#2345));
#2330 = ORIENTED_EDGE('',*,*,#2153,.F.);
#2331 = ORIENTED_EDGE('',*,*,#2332,.T.);
#2332 = EDGE_CURVE('',#2145,#2333,#2335,.T.);
#2333 = VERTEX_POINT('',#2334);
#2334 = CARTESIAN_POINT('',(0.6,-0.545,1.21));
#2335 = LINE('',#2336,#2337);
#2336 = CARTESIAN_POINT('',(-0.6,-0.545,1.21));
#2337 = VECTOR('',#2338,1.);
#2338 = DIRECTION('',(1.,0.,0.));
#2339 = ORIENTED_EDGE('',*,*,#2340,.T.);
#2340 = EDGE_CURVE('',#2333,#2308,#2341,.T.);
#2341 = LINE('',#2342,#2343);
#2342 = CARTESIAN_POINT('',(0.6,-0.585,1.21));
#2343 = VECTOR('',#2344,1.);
#2344 = DIRECTION('',(0.,1.,0.));
#2345 = ORIENTED_EDGE('',*,*,#2307,.F.);
#2346 = PLANE('',#2347);
#2347 = AXIS2_PLACEMENT_3D('',#2348,#2349,#2350);
#2348 = CARTESIAN_POINT('',(-0.6,-0.585,1.21));
#2349 = DIRECTION('',(0.,0.,1.));
#2350 = DIRECTION('',(1.,0.,-0.));
#2351 = ADVANCED_FACE('',(#2352),#2371,.T.);
#2352 = FACE_BOUND('',#2353,.T.);
#2353 = EDGE_LOOP('',(#2354,#2362,#2369,#2370));
#2354 = ORIENTED_EDGE('',*,*,#2355,.T.);
#2355 = EDGE_CURVE('',#2137,#2356,#2358,.T.);
#2356 = VERTEX_POINT('',#2357);
#2357 = CARTESIAN_POINT('',(0.6,-0.585,1.17));
#2358 = LINE('',#2359,#2360);
#2359 = CARTESIAN_POINT('',(-0.6,-0.585,1.17));
#2360 = VECTOR('',#2361,1.);
#2361 = DIRECTION('',(1.,0.,0.));
#2362 = ORIENTED_EDGE('',*,*,#2363,.T.);
#2363 = EDGE_CURVE('',#2356,#2333,#2364,.T.);
#2364 = CIRCLE('',#2365,4.E-02);
#2365 = AXIS2_PLACEMENT_3D('',#2366,#2367,#2368);
#2366 = CARTESIAN_POINT('',(0.6,-0.545,1.17));
#2367 = DIRECTION('',(-1.,0.,0.));
#2368 = DIRECTION('',(0.,0.,1.));
#2369 = ORIENTED_EDGE('',*,*,#2332,.F.);
#2370 = ORIENTED_EDGE('',*,*,#2144,.F.);
#2371 = CYLINDRICAL_SURFACE('',#2372,4.E-02);
#2372 = AXIS2_PLACEMENT_3D('',#2373,#2374,#2375);
#2373 = CARTESIAN_POINT('',(-0.6,-0.545,1.17));
#2374 = DIRECTION('',(1.,0.,0.));
#2375 = DIRECTION('',(0.,-1.,0.));
#2376 = ADVANCED_FACE('',(#2377),#2388,.F.);
#2377 = FACE_BOUND('',#2378,.F.);
#2378 = EDGE_LOOP('',(#2379,#2385,#2386,#2387));
#2379 = ORIENTED_EDGE('',*,*,#2380,.F.);
#2380 = EDGE_CURVE('',#2211,#2356,#2381,.T.);
#2381 = LINE('',#2382,#2383);
#2382 = CARTESIAN_POINT('',(0.6,-0.585,4.E-02));
#2383 = VECTOR('',#2384,1.);
#2384 = DIRECTION('',(0.,0.,1.));
#2385 = ORIENTED_EDGE('',*,*,#2219,.F.);
#2386 = ORIENTED_EDGE('',*,*,#2136,.T.);
#2387 = ORIENTED_EDGE('',*,*,#2355,.T.);
#2388 = PLANE('',#2389);
#2389 = AXIS2_PLACEMENT_3D('',#2390,#2391,#2392);
#2390 = CARTESIAN_POINT('',(-0.6,-0.585,4.E-02));
#2391 = DIRECTION('',(0.,1.,0.));
#2392 = DIRECTION('',(0.,-0.,1.));
#2393 = ADVANCED_FACE('',(#2394,#2464),#2474,.F.);
#2394 = FACE_BOUND('',#2395,.F.);
#2395 = EDGE_LOOP('',(#2396,#2406,#2415,#2423,#2432,#2440,#2449,#2457));
#2396 = ORIENTED_EDGE('',*,*,#2397,.F.);
#2397 = EDGE_CURVE('',#2398,#2400,#2402,.T.);
#2398 = VERTEX_POINT('',#2399);
#2399 = CARTESIAN_POINT('',(0.6,-0.625,4.E-02));
#2400 = VERTEX_POINT('',#2401);
#2401 = CARTESIAN_POINT('',(0.6,-0.625,1.21));
#2402 = LINE('',#2403,#2404);
#2403 = CARTESIAN_POINT('',(0.6,-0.625,0.));
#2404 = VECTOR('',#2405,1.);
#2405 = DIRECTION('',(0.,0.,1.));
#2406 = ORIENTED_EDGE('',*,*,#2407,.T.);
#2407 = EDGE_CURVE('',#2398,#2408,#2410,.T.);
#2408 = VERTEX_POINT('',#2409);
#2409 = CARTESIAN_POINT('',(0.6,-0.585,0.));
#2410 = CIRCLE('',#2411,4.E-02);
#2411 = AXIS2_PLACEMENT_3D('',#2412,#2413,#2414);
#2412 = CARTESIAN_POINT('',(0.6,-0.585,4.E-02));
#2413 = DIRECTION('',(1.,0.,-0.));
#2414 = DIRECTION('',(0.,0.,1.));
#2415 = ORIENTED_EDGE('',*,*,#2416,.T.);
#2416 = EDGE_CURVE('',#2408,#2417,#2419,.T.);
#2417 = VERTEX_POINT('',#2418);
#2418 = CARTESIAN_POINT('',(0.6,0.585,0.));
#2419 = LINE('',#2420,#2421);
#2420 = CARTESIAN_POINT('',(0.6,-0.625,0.));
#2421 = VECTOR('',#2422,1.);
#2422 = DIRECTION('',(0.,1.,0.));
#2423 = ORIENTED_EDGE('',*,*,#2424,.F.);
#2424 = EDGE_CURVE('',#2425,#2417,#2427,.T.);
#2425 = VERTEX_POINT('',#2426);
#2426 = CARTESIAN_POINT('',(0.6,0.625,4.E-02));
#2427 = CIRCLE('',#2428,4.E-02);
#2428 = AXIS2_PLACEMENT_3D('',#2429,#2430,#2431);
#2429 = CARTESIAN_POINT('',(0.6,0.585,4.E-02));
#2430 = DIRECTION('',(-1.,0.,0.));
#2431 = DIRECTION('',(0.,0.,1.));
#2432 = ORIENTED_EDGE('',*,*,#2433,.T.);
#2433 = EDGE_CURVE('',#2425,#2434,#2436,.T.);
#2434 = VERTEX_POINT('',#2435);
#2435 = CARTESIAN_POINT('',(0.6,0.625,1.21));
#2436 = LINE('',#2437,#2438);
#2437 = CARTESIAN_POINT('',(0.6,0.625,0.));
#2438 = VECTOR('',#2439,1.);
#2439 = DIRECTION('',(0.,0.,1.));
#2440 = ORIENTED_EDGE('',*,*,#2441,.T.);
#2441 = EDGE_CURVE('',#2434,#2442,#2444,.T.);
#2442 = VERTEX_POINT('',#2443);
#2443 = CARTESIAN_POINT('',(0.6,0.585,1.25));
#2444 = CIRCLE('',#2445,4.E-02);
#2445 = AXIS2_PLACEMENT_3D('',#2446,#2447,#2448);
#2446 = CARTESIAN_POINT('',(0.6,0.585,1.21));
#2447 = DIRECTION('',(1.,0.,-0.));
#2448 = DIRECTION('',(0.,0.,1.));
#2449 = ORIENTED_EDGE('',*,*,#2450,.F.);
#2450 = EDGE_CURVE('',#2451,#2442,#2453,.T.);
#2451 = VERTEX_POINT('',#2452);
#2452 = CARTESIAN_POINT('',(0.6,-0.585,1.25));
#2453 = LINE('',#2454,#2455);
#2454 = CARTESIAN_POINT('',(0.6,-0.625,1.25));
#2455 = VECTOR('',#2456,1.);
#2456 = DIRECTION('',(0.,1.,0.));
#2457 = ORIENTED_EDGE('',*,*,#2458,.F.);
#2458 = EDGE_CURVE('',#2400,#2451,#2459,.T.);
#2459 = CIRCLE('',#2460,4.E-02);
#2460 = AXIS2_PLACEMENT_3D('',#2461,#2462,#2463);
#2461 = CARTESIAN_POINT('',(0.6,-0.585,1.21));
#2462 = DIRECTION('',(-1.,0.,0.));
#2463 = DIRECTION('',(0.,0.,1.));
#2464 = FACE_BOUND('',#2465,.F.);
#2465 = EDGE_LOOP('',(#2466,#2467,#2468,#2469,#2470,#2471,#2472,#2473));
#2466 = ORIENTED_EDGE('',*,*,#2210,.F.);
#2467 = ORIENTED_EDGE('',*,*,#2380,.T.);
#2468 = ORIENTED_EDGE('',*,*,#2363,.T.);
#2469 = ORIENTED_EDGE('',*,*,#2340,.T.);
#2470 = ORIENTED_EDGE('',*,*,#2315,.F.);
#2471 = ORIENTED_EDGE('',*,*,#2282,.F.);
#2472 = ORIENTED_EDGE('',*,*,#2265,.T.);
#2473 = ORIENTED_EDGE('',*,*,#2235,.F.);
#2474 = PLANE('',#2475);
#2475 = AXIS2_PLACEMENT_3D('',#2476,#2477,#2478);
#2476 = CARTESIAN_POINT('',(0.6,-0.625,0.));
#2477 = DIRECTION('',(1.,0.,0.));
#2478 = DIRECTION('',(0.,0.,1.));
#2479 = ADVANCED_FACE('',(#2480),#2505,.F.);
#2480 = FACE_BOUND('',#2481,.F.);
#2481 = EDGE_LOOP('',(#2482,#2492,#2498,#2499));
#2482 = ORIENTED_EDGE('',*,*,#2483,.F.);
#2483 = EDGE_CURVE('',#2484,#2486,#2488,.T.);
#2484 = VERTEX_POINT('',#2485);
#2485 = CARTESIAN_POINT('',(1.,-0.625,4.E-02));
#2486 = VERTEX_POINT('',#2487);
#2487 = CARTESIAN_POINT('',(1.,-0.625,1.21));
#2488 = LINE('',#2489,#2490);
#2489 = CARTESIAN_POINT('',(1.,-0.625,0.));
#2490 = VECTOR('',#2491,1.);
#2491 = DIRECTION('',(0.,0.,1.));
#2492 = ORIENTED_EDGE('',*,*,#2493,.F.);
#2493 = EDGE_CURVE('',#2398,#2484,#2494,.T.);
#2494 = LINE('',#2495,#2496);
#2495 = CARTESIAN_POINT('',(0.6,-0.625,4.E-02));
#2496 = VECTOR('',#2497,1.);
#2497 = DIRECTION('',(1.,0.,0.));
#2498 = ORIENTED_EDGE('',*,*,#2397,.T.);
#2499 = ORIENTED_EDGE('',*,*,#2500,.T.);
#2500 = EDGE_CURVE('',#2400,#2486,#2501,.T.);
#2501 = LINE('',#2502,#2503);
#2502 = CARTESIAN_POINT('',(0.6,-0.625,1.21));
#2503 = VECTOR('',#2504,1.);
#2504 = DIRECTION('',(1.,0.,0.));
#2505 = PLANE('',#2506);
#2506 = AXIS2_PLACEMENT_3D('',#2507,#2508,#2509);
#2507 = CARTESIAN_POINT('',(0.6,-0.625,0.));
#2508 = DIRECTION('',(0.,1.,0.));
#2509 = DIRECTION('',(0.,-0.,1.));
#2510 = ADVANCED_FACE('',(#2511),#2530,.T.);
#2511 = FACE_BOUND('',#2512,.T.);
#2512 = EDGE_LOOP('',(#2513,#2514,#2522,#2529));
#2513 = ORIENTED_EDGE('',*,*,#2407,.T.);
#2514 = ORIENTED_EDGE('',*,*,#2515,.T.);
#2515 = EDGE_CURVE('',#2408,#2516,#2518,.T.);
#2516 = VERTEX_POINT('',#2517);
#2517 = CARTESIAN_POINT('',(1.,-0.585,0.));
#2518 = LINE('',#2519,#2520);
#2519 = CARTESIAN_POINT('',(0.6,-0.585,0.));
#2520 = VECTOR('',#2521,1.);
#2521 = DIRECTION('',(1.,0.,0.));
#2522 = ORIENTED_EDGE('',*,*,#2523,.F.);
#2523 = EDGE_CURVE('',#2484,#2516,#2524,.T.);
#2524 = CIRCLE('',#2525,4.E-02);
#2525 = AXIS2_PLACEMENT_3D('',#2526,#2527,#2528);
#2526 = CARTESIAN_POINT('',(1.,-0.585,4.E-02));
#2527 = DIRECTION('',(1.,0.,-0.));
#2528 = DIRECTION('',(0.,0.,1.));
#2529 = ORIENTED_EDGE('',*,*,#2493,.F.);
#2530 = CYLINDRICAL_SURFACE('',#2531,4.E-02);
#2531 = AXIS2_PLACEMENT_3D('',#2532,#2533,#2534);
#2532 = CARTESIAN_POINT('',(0.6,-0.585,4.E-02));
#2533 = DIRECTION('',(1.,0.,0.));
#2534 = DIRECTION('',(0.,-1.,0.));
#2535 = ADVANCED_FACE('',(#2536),#2555,.T.);
#2536 = FACE_BOUND('',#2537,.T.);
#2537 = EDGE_LOOP('',(#2538,#2539,#2548,#2554));
#2538 = ORIENTED_EDGE('',*,*,#2500,.T.);
#2539 = ORIENTED_EDGE('',*,*,#2540,.T.);
#2540 = EDGE_CURVE('',#2486,#2541,#2543,.T.);
#2541 = VERTEX_POINT('',#2542);
#2542 = CARTESIAN_POINT('',(1.,-0.585,1.25));
#2543 = CIRCLE('',#2544,4.E-02);
#2544 = AXIS2_PLACEMENT_3D('',#2545,#2546,#2547);
#2545 = CARTESIAN_POINT('',(1.,-0.585,1.21));
#2546 = DIRECTION('',(-1.,0.,0.));
#2547 = DIRECTION('',(0.,0.,1.));
#2548 = ORIENTED_EDGE('',*,*,#2549,.F.);
#2549 = EDGE_CURVE('',#2451,#2541,#2550,.T.);
#2550 = LINE('',#2551,#2552);
#2551 = CARTESIAN_POINT('',(0.6,-0.585,1.25));
#2552 = VECTOR('',#2553,1.);
#2553 = DIRECTION('',(1.,0.,0.));
#2554 = ORIENTED_EDGE('',*,*,#2458,.F.);
#2555 = CYLINDRICAL_SURFACE('',#2556,4.E-02);
#2556 = AXIS2_PLACEMENT_3D('',#2557,#2558,#2559);
#2557 = CARTESIAN_POINT('',(0.6,-0.585,1.21));
#2558 = DIRECTION('',(1.,0.,0.));
#2559 = DIRECTION('',(0.,-1.,0.));
#2560 = ADVANCED_FACE('',(#2561),#2579,.F.);
#2561 = FACE_BOUND('',#2562,.F.);
#2562 = EDGE_LOOP('',(#2563,#2564,#2565,#2573));
#2563 = ORIENTED_EDGE('',*,*,#2416,.F.);
#2564 = ORIENTED_EDGE('',*,*,#2515,.T.);
#2565 = ORIENTED_EDGE('',*,*,#2566,.T.);
#2566 = EDGE_CURVE('',#2516,#2567,#2569,.T.);
#2567 = VERTEX_POINT('',#2568);
#2568 = CARTESIAN_POINT('',(1.,0.585,0.));
#2569 = LINE('',#2570,#2571);
#2570 = CARTESIAN_POINT('',(1.,-0.625,0.));
#2571 = VECTOR('',#2572,1.);
#2572 = DIRECTION('',(0.,1.,0.));
#2573 = ORIENTED_EDGE('',*,*,#2574,.F.);
#2574 = EDGE_CURVE('',#2417,#2567,#2575,.T.);
#2575 = LINE('',#2576,#2577);
#2576 = CARTESIAN_POINT('',(0.6,0.585,0.));
#2577 = VECTOR('',#2578,1.);
#2578 = DIRECTION('',(1.,0.,0.));
#2579 = PLANE('',#2580);
#2580 = AXIS2_PLACEMENT_3D('',#2581,#2582,#2583);
#2581 = CARTESIAN_POINT('',(0.6,-0.625,0.));
#2582 = DIRECTION('',(0.,0.,1.));
#2583 = DIRECTION('',(1.,0.,-0.));
#2584 = ADVANCED_FACE('',(#2585),#2603,.T.);
#2585 = FACE_BOUND('',#2586,.T.);
#2586 = EDGE_LOOP('',(#2587,#2588,#2589,#2597));
#2587 = ORIENTED_EDGE('',*,*,#2450,.F.);
#2588 = ORIENTED_EDGE('',*,*,#2549,.T.);
#2589 = ORIENTED_EDGE('',*,*,#2590,.T.);
#2590 = EDGE_CURVE('',#2541,#2591,#2593,.T.);
#2591 = VERTEX_POINT('',#2592);
#2592 = CARTESIAN_POINT('',(1.,0.585,1.25));
#2593 = LINE('',#2594,#2595);
#2594 = CARTESIAN_POINT('',(1.,-0.625,1.25));
#2595 = VECTOR('',#2596,1.);
#2596 = DIRECTION('',(0.,1.,0.));
#2597 = ORIENTED_EDGE('',*,*,#2598,.F.);
#2598 = EDGE_CURVE('',#2442,#2591,#2599,.T.);
#2599 = LINE('',#2600,#2601);
#2600 = CARTESIAN_POINT('',(0.6,0.585,1.25));
#2601 = VECTOR('',#2602,1.);
#2602 = DIRECTION('',(1.,0.,0.));
#2603 = PLANE('',#2604);
#2604 = AXIS2_PLACEMENT_3D('',#2605,#2606,#2607);
#2605 = CARTESIAN_POINT('',(0.6,-0.625,1.25));
#2606 = DIRECTION('',(0.,0.,1.));
#2607 = DIRECTION('',(1.,0.,-0.));
#2608 = ADVANCED_FACE('',(#2609),#2628,.T.);
#2609 = FACE_BOUND('',#2610,.T.);
#2610 = EDGE_LOOP('',(#2611,#2619,#2626,#2627));
#2611 = ORIENTED_EDGE('',*,*,#2612,.T.);
#2612 = EDGE_CURVE('',#2425,#2613,#2615,.T.);
#2613 = VERTEX_POINT('',#2614);
#2614 = CARTESIAN_POINT('',(1.,0.625,4.E-02));
#2615 = LINE('',#2616,#2617);
#2616 = CARTESIAN_POINT('',(0.6,0.625,4.E-02));
#2617 = VECTOR('',#2618,1.);
#2618 = DIRECTION('',(1.,0.,0.));
#2619 = ORIENTED_EDGE('',*,*,#2620,.T.);
#2620 = EDGE_CURVE('',#2613,#2567,#2621,.T.);
#2621 = CIRCLE('',#2622,4.E-02);
#2622 = AXIS2_PLACEMENT_3D('',#2623,#2624,#2625);
#2623 = CARTESIAN_POINT('',(1.,0.585,4.E-02));
#2624 = DIRECTION('',(-1.,0.,0.));
#2625 = DIRECTION('',(0.,0.,1.));
#2626 = ORIENTED_EDGE('',*,*,#2574,.F.);
#2627 = ORIENTED_EDGE('',*,*,#2424,.F.);
#2628 = CYLINDRICAL_SURFACE('',#2629,4.E-02);
#2629 = AXIS2_PLACEMENT_3D('',#2630,#2631,#2632);
#2630 = CARTESIAN_POINT('',(0.6,0.585,4.E-02));
#2631 = DIRECTION('',(1.,0.,0.));
#2632 = DIRECTION('',(-0.,1.,0.));
#2633 = ADVANCED_FACE('',(#2634),#2653,.T.);
#2634 = FACE_BOUND('',#2635,.T.);
#2635 = EDGE_LOOP('',(#2636,#2637,#2638,#2647));
#2636 = ORIENTED_EDGE('',*,*,#2441,.T.);
#2637 = ORIENTED_EDGE('',*,*,#2598,.T.);
#2638 = ORIENTED_EDGE('',*,*,#2639,.F.);
#2639 = EDGE_CURVE('',#2640,#2591,#2642,.T.);
#2640 = VERTEX_POINT('',#2641);
#2641 = CARTESIAN_POINT('',(1.,0.625,1.21));
#2642 = CIRCLE('',#2643,4.E-02);
#2643 = AXIS2_PLACEMENT_3D('',#2644,#2645,#2646);
#2644 = CARTESIAN_POINT('',(1.,0.585,1.21));
#2645 = DIRECTION('',(1.,0.,-0.));
#2646 = DIRECTION('',(0.,0.,1.));
#2647 = ORIENTED_EDGE('',*,*,#2648,.F.);
#2648 = EDGE_CURVE('',#2434,#2640,#2649,.T.);
#2649 = LINE('',#2650,#2651);
#2650 = CARTESIAN_POINT('',(0.6,0.625,1.21));
#2651 = VECTOR('',#2652,1.);
#2652 = DIRECTION('',(1.,0.,0.));
#2653 = CYLINDRICAL_SURFACE('',#2654,4.E-02);
#2654 = AXIS2_PLACEMENT_3D('',#2655,#2656,#2657);
#2655 = CARTESIAN_POINT('',(0.6,0.585,1.21));
#2656 = DIRECTION('',(1.,0.,0.));
#2657 = DIRECTION('',(-0.,1.,0.));
#2658 = ADVANCED_FACE('',(#2659),#2670,.T.);
#2659 = FACE_BOUND('',#2660,.T.);
#2660 = EDGE_LOOP('',(#2661,#2667,#2668,#2669));
#2661 = ORIENTED_EDGE('',*,*,#2662,.F.);
#2662 = EDGE_CURVE('',#2613,#2640,#2663,.T.);
#2663 = LINE('',#2664,#2665);
#2664 = CARTESIAN_POINT('',(1.,0.625,0.));
#2665 = VECTOR('',#2666,1.);
#2666 = DIRECTION('',(0.,0.,1.));
#2667 = ORIENTED_EDGE('',*,*,#2612,.F.);
#2668 = ORIENTED_EDGE('',*,*,#2433,.T.);
#2669 = ORIENTED_EDGE('',*,*,#2648,.T.);
#2670 = PLANE('',#2671);
#2671 = AXIS2_PLACEMENT_3D('',#2672,#2673,#2674);
#2672 = CARTESIAN_POINT('',(0.6,0.625,0.));
#2673 = DIRECTION('',(0.,1.,0.));
#2674 = DIRECTION('',(0.,-0.,1.));
#2675 = ADVANCED_FACE('',(#2676),#2686,.T.);
#2676 = FACE_BOUND('',#2677,.T.);
#2677 = EDGE_LOOP('',(#2678,#2679,#2680,#2681,#2682,#2683,#2684,#2685));
#2678 = ORIENTED_EDGE('',*,*,#2483,.F.);
#2679 = ORIENTED_EDGE('',*,*,#2523,.T.);
#2680 = ORIENTED_EDGE('',*,*,#2566,.T.);
#2681 = ORIENTED_EDGE('',*,*,#2620,.F.);
#2682 = ORIENTED_EDGE('',*,*,#2662,.T.);
#2683 = ORIENTED_EDGE('',*,*,#2639,.T.);
#2684 = ORIENTED_EDGE('',*,*,#2590,.F.);
#2685 = ORIENTED_EDGE('',*,*,#2540,.F.);
#2686 = PLANE('',#2687);
#2687 = AXIS2_PLACEMENT_3D('',#2688,#2689,#2690);
#2688 = CARTESIAN_POINT('',(1.,-0.625,0.));
#2689 = DIRECTION('',(1.,0.,0.));
#2690 = DIRECTION('',(0.,0.,1.));
#2691 = ( GEOMETRIC_REPRESENTATION_CONTEXT(3) 
GLOBAL_UNCERTAINTY_ASSIGNED_CONTEXT((#2695)) 
GLOBAL_UNIT_ASSIGNED_CONTEXT((#2692,#2693,#2694)) REPRESENTATION_CONTEXT
('Context #1','3D Context with UNIT and UNCERTAINTY') );
#2692 = ( LENGTH_UNIT() NAMED_UNIT(*) SI_UNIT(.MILLI.,.METRE.) );
#2693 = ( NAMED_UNIT(*) PLANE_ANGLE_UNIT() SI_UNIT($,.RADIAN.) );
#2694 = ( NAMED_UNIT(*) SI_UNIT($,.STERADIAN.) SOLID_ANGLE_UNIT() );
#2695 = UNCERTAINTY_MEASURE_WITH_UNIT(LENGTH_MEASURE(1.E-07),#2692,
  'distance_accuracy_value','confusion accuracy');
#2696 = CONTEXT_DEPENDENT_SHAPE_REPRESENTATION(#2697,#2699);
#2697 = ( REPRESENTATION_RELATIONSHIP('','',#1836,#1813) 
REPRESENTATION_RELATIONSHIP_WITH_TRANSFORMATION(#2698) 
SHAPE_REPRESENTATION_RELATIONSHIP() );
#2698 = ITEM_DEFINED_TRANSFORMATION('','',#11,#1814);
#2699 = PRODUCT_DEFINITION_SHAPE('Placement','Placement of an item',
  #2700);
#2700 = NEXT_ASSEMBLY_USAGE_OCCURRENCE('6','=>[0:1:1:7]','',#1808,#1831,
  $);
#2701 = PRODUCT_RELATED_PRODUCT_CATEGORY('part',$,(#1833));
#2702 = CONTEXT_DEPENDENT_SHAPE_REPRESENTATION(#2703,#2705);
#2703 = ( REPRESENTATION_RELATIONSHIP('','',#1813,#10) 
REPRESENTATION_RELATIONSHIP_WITH_TRANSFORMATION(#2704) 
SHAPE_REPRESENTATION_RELATIONSHIP() );
#2704 = ITEM_DEFINED_TRANSFORMATION('','',#11,#31);
#2705 = PRODUCT_DEFINITION_SHAPE('Placement','Placement of an item',
  #2706);
#2706 = NEXT_ASSEMBLY_USAGE_OCCURRENCE('8','C21','',#5,#1808,$);
#2707 = SHAPE_DEFINITION_REPRESENTATION(#2708,#2714);
#2708 = PRODUCT_DEFINITION_SHAPE('','',#2709);
#2709 = PRODUCT_DEFINITION('design','',#2710,#2713);
#2710 = PRODUCT_DEFINITION_FORMATION('','',#2711);
#2711 = PRODUCT('SOT-23-5','SOT-23-5','',(#2712));
#2712 = PRODUCT_CONTEXT('',#2,'mechanical');
#2713 = PRODUCT_DEFINITION_CONTEXT('part definition',#2,'design');
#2714 = SHAPE_REPRESENTATION('',(#11,#2715),#2719);
#2715 = AXIS2_PLACEMENT_3D('',#2716,#2717,#2718);
#2716 = CARTESIAN_POINT('',(0.,0.,0.));
#2717 = DIRECTION('',(0.,0.,1.));
#2718 = DIRECTION('',(1.,0.,-0.));
#2719 = ( GEOMETRIC_REPRESENTATION_CONTEXT(3) 
GLOBAL_UNCERTAINTY_ASSIGNED_CONTEXT((#2723)) 
GLOBAL_UNIT_ASSIGNED_CONTEXT((#2720,#2721,#2722)) REPRESENTATION_CONTEXT
('Context #1','3D Context with UNIT and UNCERTAINTY') );
#2720 = ( LENGTH_UNIT() NAMED_UNIT(*) SI_UNIT(.MILLI.,.METRE.) );
#2721 = ( NAMED_UNIT(*) PLANE_ANGLE_UNIT() SI_UNIT($,.RADIAN.) );
#2722 = ( NAMED_UNIT(*) SI_UNIT($,.STERADIAN.) SOLID_ANGLE_UNIT() );
#2723 = UNCERTAINTY_MEASURE_WITH_UNIT(LENGTH_MEASURE(1.E-07),#2720,
  'distance_accuracy_value','confusion accuracy');
#2724 = CONTEXT_DEPENDENT_SHAPE_REPRESENTATION(#2725,#2727);
#2725 = ( REPRESENTATION_RELATIONSHIP('','',#2714,#10) 
REPRESENTATION_RELATIONSHIP_WITH_TRANSFORMATION(#2726) 
SHAPE_REPRESENTATION_RELATIONSHIP() );
#2726 = ITEM_DEFINED_TRANSFORMATION('','',#11,#35);
#2727 = PRODUCT_DEFINITION_SHAPE('Placement','Placement of an item',
  #2728);
#2728 = NEXT_ASSEMBLY_USAGE_OCCURRENCE('10','U1','',#5,#2709,$);
#2729 = PRODUCT_RELATED_PRODUCT_CATEGORY('part',$,(#2711));
#2730 = SHAPE_DEFINITION_REPRESENTATION(#2731,#2737);
#2731 = PRODUCT_DEFINITION_SHAPE('','',#2732);
#2732 = PRODUCT_DEFINITION('design','',#2733,#2736);
#2733 = PRODUCT_DEFINITION_FORMATION('','',#2734);
#2734 = PRODUCT('SOT-23-5','SOT-23-5','',(#2735));
#2735 = PRODUCT_CONTEXT('',#2,'mechanical');
#2736 = PRODUCT_DEFINITION_CONTEXT('part definition',#2,'design');
#2737 = ADVANCED_BREP_SHAPE_REPRESENTATION('',(#11,#2738),#5807);
#2738 = MANIFOLD_SOLID_BREP('',#2739);
#2739 = CLOSED_SHELL('',(#2740,#2778,#2841,#2864,#2893,#2916,#2987,#3042
    ,#3065,#3088,#3105,#3128,#3216,#3232,#3262,#3293,#3324,#3355,#3386,
    #3417,#3434,#3451,#3482,#3513,#3544,#3574,#3597,#3620,#3637,#3682,
    #3752,#3775,#3798,#3821,#3876,#3914,#3963,#4055,#4080,#4164,#4186,
    #4278,#4303,#4387,#4404,#4489,#4514,#4591,#4676,#4701,#4778,#4795,
    #4887,#4912,#4996,#5013,#5032,#5051,#5097,#5113,#5132,#5148,#5165,
    #5177,#5194,#5211,#5228,#5245,#5262,#5279,#5296,#5308,#5325,#5342,
    #5359,#5376,#5393,#5410,#5427,#5439,#5456,#5473,#5490,#5507,#5524,
    #5541,#5553,#5570,#5587,#5604,#5621,#5638,#5655,#5667,#5684,#5701,
    #5718,#5735,#5752,#5769,#5786,#5798));
#2740 = ADVANCED_FACE('',(#2741),#2773,.F.);
#2741 = FACE_BOUND('',#2742,.F.);
#2742 = EDGE_LOOP('',(#2743,#2753,#2760,#2768));
#2743 = ORIENTED_EDGE('',*,*,#2744,.T.);
#2744 = EDGE_CURVE('',#2745,#2747,#2749,.T.);
#2745 = VERTEX_POINT('',#2746);
#2746 = CARTESIAN_POINT('',(-0.659324228722,1.358648457443,0.1));
#2747 = VERTEX_POINT('',#2748);
#2748 = CARTESIAN_POINT('',(0.659324228722,1.358648457443,0.1));
#2749 = LINE('',#2750,#2751);
#2750 = CARTESIAN_POINT('',(-0.659324228722,1.358648457443,0.1));
#2751 = VECTOR('',#2752,1.);
#2752 = DIRECTION('',(1.,1.110223024625E-16,0.));
#2753 = ORIENTED_EDGE('',*,*,#2754,.T.);
#2754 = EDGE_CURVE('',#2747,#2755,#2757,.T.);
#2755 = VERTEX_POINT('',#2756);
#2756 = CARTESIAN_POINT('',(0.705,1.45,0.75));
#2757 = B_SPLINE_CURVE_WITH_KNOTS('',1,(#2758,#2759),.UNSPECIFIED.,.F.,
  .F.,(2,2),(0.,1.),.PIECEWISE_BEZIER_KNOTS.);
#2758 = CARTESIAN_POINT('',(0.659324228722,1.358648457443,0.1));
#2759 = CARTESIAN_POINT('',(0.705,1.45,0.75));
#2760 = ORIENTED_EDGE('',*,*,#2761,.F.);
#2761 = EDGE_CURVE('',#2762,#2755,#2764,.T.);
#2762 = VERTEX_POINT('',#2763);
#2763 = CARTESIAN_POINT('',(-0.705,1.45,0.75));
#2764 = LINE('',#2765,#2766);
#2765 = CARTESIAN_POINT('',(-0.705,1.45,0.75));
#2766 = VECTOR('',#2767,1.);
#2767 = DIRECTION('',(1.,1.110223024625E-16,0.));
#2768 = ORIENTED_EDGE('',*,*,#2769,.F.);
#2769 = EDGE_CURVE('',#2745,#2762,#2770,.T.);
#2770 = B_SPLINE_CURVE_WITH_KNOTS('',1,(#2771,#2772),.UNSPECIFIED.,.F.,
  .F.,(2,2),(0.,1.),.PIECEWISE_BEZIER_KNOTS.);
#2771 = CARTESIAN_POINT('',(-0.659324228722,1.358648457443,0.1));
#2772 = CARTESIAN_POINT('',(-0.705,1.45,0.75));
#2773 = B_SPLINE_SURFACE_WITH_KNOTS('',1,1,(
    (#2774,#2775)
    ,(#2776,#2777
    )),.UNSPECIFIED.,.F.,.F.,.F.,(2,2),(2,2),(0.,1.41),(0.,1.),
  .PIECEWISE_BEZIER_KNOTS.);
#2774 = CARTESIAN_POINT('',(-0.659324228722,1.358648457443,0.1));
#2775 = CARTESIAN_POINT('',(-0.705,1.45,0.75));
#2776 = CARTESIAN_POINT('',(0.659324228722,1.358648457443,0.1));
#2777 = CARTESIAN_POINT('',(0.705,1.45,0.75));
#2778 = ADVANCED_FACE('',(#2779),#2836,.F.);
#2779 = FACE_BOUND('',#2780,.T.);
#2780 = EDGE_LOOP('',(#2781,#2782,#2790,#2798,#2806,#2814,#2822,#2830));
#2781 = ORIENTED_EDGE('',*,*,#2744,.T.);
#2782 = ORIENTED_EDGE('',*,*,#2783,.T.);
#2783 = EDGE_CURVE('',#2747,#2784,#2786,.T.);
#2784 = VERTEX_POINT('',#2785);
#2785 = CARTESIAN_POINT('',(0.708648457443,1.309324228722,0.1));
#2786 = LINE('',#2787,#2788);
#2787 = CARTESIAN_POINT('',(0.659324228722,1.358648457443,0.1));
#2788 = VECTOR('',#2789,1.);
#2789 = DIRECTION('',(0.707106781187,-0.707106781187,0.));
#2790 = ORIENTED_EDGE('',*,*,#2791,.T.);
#2791 = EDGE_CURVE('',#2784,#2792,#2794,.T.);
#2792 = VERTEX_POINT('',#2793);
#2793 = CARTESIAN_POINT('',(0.708648457443,-1.309324228722,0.1));
#2794 = LINE('',#2795,#2796);
#2795 = CARTESIAN_POINT('',(0.708648457443,1.309324228722,0.1));
#2796 = VECTOR('',#2797,1.);
#2797 = DIRECTION('',(1.110223024625E-16,-1.,0.));
#2798 = ORIENTED_EDGE('',*,*,#2799,.T.);
#2799 = EDGE_CURVE('',#2792,#2800,#2802,.T.);
#2800 = VERTEX_POINT('',#2801);
#2801 = CARTESIAN_POINT('',(0.659324228722,-1.358648457443,0.1));
#2802 = LINE('',#2803,#2804);
#2803 = CARTESIAN_POINT('',(0.708648457443,-1.309324228722,0.1));
#2804 = VECTOR('',#2805,1.);
#2805 = DIRECTION('',(-0.707106781187,-0.707106781187,0.));
#2806 = ORIENTED_EDGE('',*,*,#2807,.T.);
#2807 = EDGE_CURVE('',#2800,#2808,#2810,.T.);
#2808 = VERTEX_POINT('',#2809);
#2809 = CARTESIAN_POINT('',(-0.659324228722,-1.358648457443,0.1));
#2810 = LINE('',#2811,#2812);
#2811 = CARTESIAN_POINT('',(0.659324228722,-1.358648457443,0.1));
#2812 = VECTOR('',#2813,1.);
#2813 = DIRECTION('',(-1.,-1.110223024625E-16,0.));
#2814 = ORIENTED_EDGE('',*,*,#2815,.T.);
#2815 = EDGE_CURVE('',#2808,#2816,#2818,.T.);
#2816 = VERTEX_POINT('',#2817);
#2817 = CARTESIAN_POINT('',(-0.708648457443,-1.309324228722,0.1));
#2818 = LINE('',#2819,#2820);
#2819 = CARTESIAN_POINT('',(-0.659324228722,-1.358648457443,0.1));
#2820 = VECTOR('',#2821,1.);
#2821 = DIRECTION('',(-0.707106781187,0.707106781187,0.));
#2822 = ORIENTED_EDGE('',*,*,#2823,.T.);
#2823 = EDGE_CURVE('',#2816,#2824,#2826,.T.);
#2824 = VERTEX_POINT('',#2825);
#2825 = CARTESIAN_POINT('',(-0.708648457443,1.309324228722,0.1));
#2826 = LINE('',#2827,#2828);
#2827 = CARTESIAN_POINT('',(-0.708648457443,-1.309324228722,0.1));
#2828 = VECTOR('',#2829,1.);
#2829 = DIRECTION('',(-1.110223024625E-16,1.,0.));
#2830 = ORIENTED_EDGE('',*,*,#2831,.T.);
#2831 = EDGE_CURVE('',#2824,#2745,#2832,.T.);
#2832 = LINE('',#2833,#2834);
#2833 = CARTESIAN_POINT('',(-0.708648457443,1.309324228722,0.1));
#2834 = VECTOR('',#2835,1.);
#2835 = DIRECTION('',(0.707106781187,0.707106781187,0.));
#2836 = PLANE('',#2837);
#2837 = AXIS2_PLACEMENT_3D('',#2838,#2839,#2840);
#2838 = CARTESIAN_POINT('',(-0.659324228722,1.358648457443,0.1));
#2839 = DIRECTION('',(0.,0.,1.));
#2840 = DIRECTION('',(0.436587433964,-0.899661832304,0.));
#2841 = ADVANCED_FACE('',(#2842),#2859,.F.);
#2842 = FACE_BOUND('',#2843,.F.);
#2843 = EDGE_LOOP('',(#2844,#2845,#2852,#2858));
#2844 = ORIENTED_EDGE('',*,*,#2783,.T.);
#2845 = ORIENTED_EDGE('',*,*,#2846,.T.);
#2846 = EDGE_CURVE('',#2784,#2847,#2849,.T.);
#2847 = VERTEX_POINT('',#2848);
#2848 = CARTESIAN_POINT('',(0.8,1.355,0.75));
#2849 = B_SPLINE_CURVE_WITH_KNOTS('',1,(#2850,#2851),.UNSPECIFIED.,.F.,
  .F.,(2,2),(0.,1.),.PIECEWISE_BEZIER_KNOTS.);
#2850 = CARTESIAN_POINT('',(0.708648457443,1.309324228722,0.1));
#2851 = CARTESIAN_POINT('',(0.8,1.355,0.75));
#2852 = ORIENTED_EDGE('',*,*,#2853,.F.);
#2853 = EDGE_CURVE('',#2755,#2847,#2854,.T.);
#2854 = LINE('',#2855,#2856);
#2855 = CARTESIAN_POINT('',(0.705,1.45,0.75));
#2856 = VECTOR('',#2857,1.);
#2857 = DIRECTION('',(0.707106781187,-0.707106781187,0.));
#2858 = ORIENTED_EDGE('',*,*,#2754,.F.);
#2859 = B_SPLINE_SURFACE_WITH_KNOTS('',1,1,(
    (#2860,#2861)
    ,(#2862,#2863
    )),.UNSPECIFIED.,.F.,.F.,.F.,(2,2),(2,2),(0.,0.134350288425),(0.,1.)
  ,.PIECEWISE_BEZIER_KNOTS.);
#2860 = CARTESIAN_POINT('',(0.659324228722,1.358648457443,0.1));
#2861 = CARTESIAN_POINT('',(0.705,1.45,0.75));
#2862 = CARTESIAN_POINT('',(0.708648457443,1.309324228722,0.1));
#2863 = CARTESIAN_POINT('',(0.8,1.355,0.75));
#2864 = ADVANCED_FACE('',(#2865),#2888,.F.);
#2865 = FACE_BOUND('',#2866,.F.);
#2866 = EDGE_LOOP('',(#2867,#2868,#2875,#2883));
#2867 = ORIENTED_EDGE('',*,*,#2761,.T.);
#2868 = ORIENTED_EDGE('',*,*,#2869,.T.);
#2869 = EDGE_CURVE('',#2755,#2870,#2872,.T.);
#2870 = VERTEX_POINT('',#2871);
#2871 = CARTESIAN_POINT('',(0.705,1.45,0.9));
#2872 = B_SPLINE_CURVE_WITH_KNOTS('',1,(#2873,#2874),.UNSPECIFIED.,.F.,
  .F.,(2,2),(0.,1.),.PIECEWISE_BEZIER_KNOTS.);
#2873 = CARTESIAN_POINT('',(0.705,1.45,0.75));
#2874 = CARTESIAN_POINT('',(0.705,1.45,0.9));
#2875 = ORIENTED_EDGE('',*,*,#2876,.F.);
#2876 = EDGE_CURVE('',#2877,#2870,#2879,.T.);
#2877 = VERTEX_POINT('',#2878);
#2878 = CARTESIAN_POINT('',(-0.705,1.45,0.9));
#2879 = LINE('',#2880,#2881);
#2880 = CARTESIAN_POINT('',(-0.705,1.45,0.9));
#2881 = VECTOR('',#2882,1.);
#2882 = DIRECTION('',(1.,1.110223024625E-16,0.));
#2883 = ORIENTED_EDGE('',*,*,#2884,.F.);
#2884 = EDGE_CURVE('',#2762,#2877,#2885,.T.);
#2885 = B_SPLINE_CURVE_WITH_KNOTS('',1,(#2886,#2887),.UNSPECIFIED.,.F.,
  .F.,(2,2),(0.,1.),.PIECEWISE_BEZIER_KNOTS.);
#2886 = CARTESIAN_POINT('',(-0.705,1.45,0.75));
#2887 = CARTESIAN_POINT('',(-0.705,1.45,0.9));
#2888 = PLANE('',#2889);
#2889 = AXIS2_PLACEMENT_3D('',#2890,#2891,#2892);
#2890 = CARTESIAN_POINT('',(-0.705,1.45,0.9));
#2891 = DIRECTION('',(1.110223024625E-16,-1.,0.));
#2892 = DIRECTION('',(1.,1.110223024625E-16,0.));
#2893 = ADVANCED_FACE('',(#2894),#2911,.F.);
#2894 = FACE_BOUND('',#2895,.F.);
#2895 = EDGE_LOOP('',(#2896,#2897,#2898,#2906));
#2896 = ORIENTED_EDGE('',*,*,#2831,.T.);
#2897 = ORIENTED_EDGE('',*,*,#2769,.T.);
#2898 = ORIENTED_EDGE('',*,*,#2899,.F.);
#2899 = EDGE_CURVE('',#2900,#2762,#2902,.T.);
#2900 = VERTEX_POINT('',#2901);
#2901 = CARTESIAN_POINT('',(-0.8,1.355,0.75));
#2902 = LINE('',#2903,#2904);
#2903 = CARTESIAN_POINT('',(-0.8,1.355,0.75));
#2904 = VECTOR('',#2905,1.);
#2905 = DIRECTION('',(0.707106781187,0.707106781187,0.));
#2906 = ORIENTED_EDGE('',*,*,#2907,.F.);
#2907 = EDGE_CURVE('',#2824,#2900,#2908,.T.);
#2908 = B_SPLINE_CURVE_WITH_KNOTS('',1,(#2909,#2910),.UNSPECIFIED.,.F.,
  .F.,(2,2),(0.,1.),.PIECEWISE_BEZIER_KNOTS.);
#2909 = CARTESIAN_POINT('',(-0.708648457443,1.309324228722,0.1));
#2910 = CARTESIAN_POINT('',(-0.8,1.355,0.75));
#2911 = B_SPLINE_SURFACE_WITH_KNOTS('',1,1,(
    (#2912,#2913)
    ,(#2914,#2915
    )),.UNSPECIFIED.,.F.,.F.,.F.,(2,2),(2,2),(0.,0.134350288425),(0.,1.)
  ,.PIECEWISE_BEZIER_KNOTS.);
#2912 = CARTESIAN_POINT('',(-0.708648457443,1.309324228722,0.1));
#2913 = CARTESIAN_POINT('',(-0.8,1.355,0.75));
#2914 = CARTESIAN_POINT('',(-0.659324228722,1.358648457443,0.1));
#2915 = CARTESIAN_POINT('',(-0.705,1.45,0.75));
#2916 = ADVANCED_FACE('',(#2917),#2982,.F.);
#2917 = FACE_BOUND('',#2918,.F.);
#2918 = EDGE_LOOP('',(#2919,#2920,#2921,#2929,#2937,#2945,#2953,#2961,
    #2969,#2977));
#2919 = ORIENTED_EDGE('',*,*,#2823,.T.);
#2920 = ORIENTED_EDGE('',*,*,#2907,.T.);
#2921 = ORIENTED_EDGE('',*,*,#2922,.F.);
#2922 = EDGE_CURVE('',#2923,#2900,#2925,.T.);
#2923 = VERTEX_POINT('',#2924);
#2924 = CARTESIAN_POINT('',(-0.8,1.2,0.75));
#2925 = LINE('',#2926,#2927);
#2926 = CARTESIAN_POINT('',(-0.8,-1.355,0.75));
#2927 = VECTOR('',#2928,1.);
#2928 = DIRECTION('',(-1.110223024625E-16,1.,0.));
#2929 = ORIENTED_EDGE('',*,*,#2930,.F.);
#2930 = EDGE_CURVE('',#2931,#2923,#2933,.T.);
#2931 = VERTEX_POINT('',#2932);
#2932 = CARTESIAN_POINT('',(-0.8,0.7,0.75));
#2933 = LINE('',#2934,#2935);
#2934 = CARTESIAN_POINT('',(-0.8,-1.355,0.75));
#2935 = VECTOR('',#2936,1.);
#2936 = DIRECTION('',(-1.110223024625E-16,1.,0.));
#2937 = ORIENTED_EDGE('',*,*,#2938,.F.);
#2938 = EDGE_CURVE('',#2939,#2931,#2941,.T.);
#2939 = VERTEX_POINT('',#2940);
#2940 = CARTESIAN_POINT('',(-0.8,0.25,0.75));
#2941 = LINE('',#2942,#2943);
#2942 = CARTESIAN_POINT('',(-0.8,-1.355,0.75));
#2943 = VECTOR('',#2944,1.);
#2944 = DIRECTION('',(-1.110223024625E-16,1.,0.));
#2945 = ORIENTED_EDGE('',*,*,#2946,.F.);
#2946 = EDGE_CURVE('',#2947,#2939,#2949,.T.);
#2947 = VERTEX_POINT('',#2948);
#2948 = CARTESIAN_POINT('',(-0.8,-0.25,0.75));
#2949 = LINE('',#2950,#2951);
#2950 = CARTESIAN_POINT('',(-0.8,-1.355,0.75));
#2951 = VECTOR('',#2952,1.);
#2952 = DIRECTION('',(-1.110223024625E-16,1.,0.));
#2953 = ORIENTED_EDGE('',*,*,#2954,.F.);
#2954 = EDGE_CURVE('',#2955,#2947,#2957,.T.);
#2955 = VERTEX_POINT('',#2956);
#2956 = CARTESIAN_POINT('',(-0.8,-0.7,0.75));
#2957 = LINE('',#2958,#2959);
#2958 = CARTESIAN_POINT('',(-0.8,-1.355,0.75));
#2959 = VECTOR('',#2960,1.);
#2960 = DIRECTION('',(-1.110223024625E-16,1.,0.));
#2961 = ORIENTED_EDGE('',*,*,#2962,.F.);
#2962 = EDGE_CURVE('',#2963,#2955,#2965,.T.);
#2963 = VERTEX_POINT('',#2964);
#2964 = CARTESIAN_POINT('',(-0.8,-1.2,0.75));
#2965 = LINE('',#2966,#2967);
#2966 = CARTESIAN_POINT('',(-0.8,-1.355,0.75));
#2967 = VECTOR('',#2968,1.);
#2968 = DIRECTION('',(-1.110223024625E-16,1.,0.));
#2969 = ORIENTED_EDGE('',*,*,#2970,.F.);
#2970 = EDGE_CURVE('',#2971,#2963,#2973,.T.);
#2971 = VERTEX_POINT('',#2972);
#2972 = CARTESIAN_POINT('',(-0.8,-1.355,0.75));
#2973 = LINE('',#2974,#2975);
#2974 = CARTESIAN_POINT('',(-0.8,-1.355,0.75));
#2975 = VECTOR('',#2976,1.);
#2976 = DIRECTION('',(-1.110223024625E-16,1.,0.));
#2977 = ORIENTED_EDGE('',*,*,#2978,.F.);
#2978 = EDGE_CURVE('',#2816,#2971,#2979,.T.);
#2979 = B_SPLINE_CURVE_WITH_KNOTS('',1,(#2980,#2981),.UNSPECIFIED.,.F.,
  .F.,(2,2),(0.,1.),.PIECEWISE_BEZIER_KNOTS.);
#2980 = CARTESIAN_POINT('',(-0.708648457443,-1.309324228722,0.1));
#2981 = CARTESIAN_POINT('',(-0.8,-1.355,0.75));
#2982 = B_SPLINE_SURFACE_WITH_KNOTS('',1,1,(
    (#2983,#2984)
    ,(#2985,#2986
    )),.UNSPECIFIED.,.F.,.F.,.F.,(2,2),(2,2),(0.,2.71),(0.,1.),
  .PIECEWISE_BEZIER_KNOTS.);
#2983 = CARTESIAN_POINT('',(-0.708648457443,-1.309324228722,0.1));
#2984 = CARTESIAN_POINT('',(-0.8,-1.355,0.75));
#2985 = CARTESIAN_POINT('',(-0.708648457443,1.309324228722,0.1));
#2986 = CARTESIAN_POINT('',(-0.8,1.355,0.75));
#2987 = ADVANCED_FACE('',(#2988),#3037,.F.);
#2988 = FACE_BOUND('',#2989,.F.);
#2989 = EDGE_LOOP('',(#2990,#2991,#2998,#3006,#3014,#3022,#3030,#3036));
#2990 = ORIENTED_EDGE('',*,*,#2791,.T.);
#2991 = ORIENTED_EDGE('',*,*,#2992,.T.);
#2992 = EDGE_CURVE('',#2792,#2993,#2995,.T.);
#2993 = VERTEX_POINT('',#2994);
#2994 = CARTESIAN_POINT('',(0.8,-1.355,0.75));
#2995 = B_SPLINE_CURVE_WITH_KNOTS('',1,(#2996,#2997),.UNSPECIFIED.,.F.,
  .F.,(2,2),(0.,1.),.PIECEWISE_BEZIER_KNOTS.);
#2996 = CARTESIAN_POINT('',(0.708648457443,-1.309324228722,0.1));
#2997 = CARTESIAN_POINT('',(0.8,-1.355,0.75));
#2998 = ORIENTED_EDGE('',*,*,#2999,.F.);
#2999 = EDGE_CURVE('',#3000,#2993,#3002,.T.);
#3000 = VERTEX_POINT('',#3001);
#3001 = CARTESIAN_POINT('',(0.8,-1.2,0.75));
#3002 = LINE('',#3003,#3004);
#3003 = CARTESIAN_POINT('',(0.8,1.355,0.75));
#3004 = VECTOR('',#3005,1.);
#3005 = DIRECTION('',(1.110223024625E-16,-1.,0.));
#3006 = ORIENTED_EDGE('',*,*,#3007,.F.);
#3007 = EDGE_CURVE('',#3008,#3000,#3010,.T.);
#3008 = VERTEX_POINT('',#3009);
#3009 = CARTESIAN_POINT('',(0.8,-0.7,0.75));
#3010 = LINE('',#3011,#3012);
#3011 = CARTESIAN_POINT('',(0.8,1.355,0.75));
#3012 = VECTOR('',#3013,1.);
#3013 = DIRECTION('',(1.110223024625E-16,-1.,0.));
#3014 = ORIENTED_EDGE('',*,*,#3015,.F.);
#3015 = EDGE_CURVE('',#3016,#3008,#3018,.T.);
#3016 = VERTEX_POINT('',#3017);
#3017 = CARTESIAN_POINT('',(0.8,0.7,0.75));
#3018 = LINE('',#3019,#3020);
#3019 = CARTESIAN_POINT('',(0.8,1.355,0.75));
#3020 = VECTOR('',#3021,1.);
#3021 = DIRECTION('',(1.110223024625E-16,-1.,0.));
#3022 = ORIENTED_EDGE('',*,*,#3023,.F.);
#3023 = EDGE_CURVE('',#3024,#3016,#3026,.T.);
#3024 = VERTEX_POINT('',#3025);
#3025 = CARTESIAN_POINT('',(0.8,1.2,0.75));
#3026 = LINE('',#3027,#3028);
#3027 = CARTESIAN_POINT('',(0.8,1.355,0.75));
#3028 = VECTOR('',#3029,1.);
#3029 = DIRECTION('',(1.110223024625E-16,-1.,0.));
#3030 = ORIENTED_EDGE('',*,*,#3031,.F.);
#3031 = EDGE_CURVE('',#2847,#3024,#3032,.T.);
#3032 = LINE('',#3033,#3034);
#3033 = CARTESIAN_POINT('',(0.8,1.355,0.75));
#3034 = VECTOR('',#3035,1.);
#3035 = DIRECTION('',(1.110223024625E-16,-1.,0.));
#3036 = ORIENTED_EDGE('',*,*,#2846,.F.);
#3037 = B_SPLINE_SURFACE_WITH_KNOTS('',1,1,(
    (#3038,#3039)
    ,(#3040,#3041
    )),.UNSPECIFIED.,.F.,.F.,.F.,(2,2),(2,2),(0.,2.71),(0.,1.),
  .PIECEWISE_BEZIER_KNOTS.);
#3038 = CARTESIAN_POINT('',(0.708648457443,1.309324228722,0.1));
#3039 = CARTESIAN_POINT('',(0.8,1.355,0.75));
#3040 = CARTESIAN_POINT('',(0.708648457443,-1.309324228722,0.1));
#3041 = CARTESIAN_POINT('',(0.8,-1.355,0.75));
#3042 = ADVANCED_FACE('',(#3043),#3060,.F.);
#3043 = FACE_BOUND('',#3044,.F.);
#3044 = EDGE_LOOP('',(#3045,#3046,#3047,#3055));
#3045 = ORIENTED_EDGE('',*,*,#2815,.T.);
#3046 = ORIENTED_EDGE('',*,*,#2978,.T.);
#3047 = ORIENTED_EDGE('',*,*,#3048,.F.);
#3048 = EDGE_CURVE('',#3049,#2971,#3051,.T.);
#3049 = VERTEX_POINT('',#3050);
#3050 = CARTESIAN_POINT('',(-0.705,-1.45,0.75));
#3051 = LINE('',#3052,#3053);
#3052 = CARTESIAN_POINT('',(-0.705,-1.45,0.75));
#3053 = VECTOR('',#3054,1.);
#3054 = DIRECTION('',(-0.707106781187,0.707106781187,0.));
#3055 = ORIENTED_EDGE('',*,*,#3056,.F.);
#3056 = EDGE_CURVE('',#2808,#3049,#3057,.T.);
#3057 = B_SPLINE_CURVE_WITH_KNOTS('',1,(#3058,#3059),.UNSPECIFIED.,.F.,
  .F.,(2,2),(0.,1.),.PIECEWISE_BEZIER_KNOTS.);
#3058 = CARTESIAN_POINT('',(-0.659324228722,-1.358648457443,0.1));
#3059 = CARTESIAN_POINT('',(-0.705,-1.45,0.75));
#3060 = B_SPLINE_SURFACE_WITH_KNOTS('',1,1,(
    (#3061,#3062)
    ,(#3063,#3064
    )),.UNSPECIFIED.,.F.,.F.,.F.,(2,2),(2,2),(0.,0.134350288425),(0.,1.)
  ,.PIECEWISE_BEZIER_KNOTS.);
#3061 = CARTESIAN_POINT('',(-0.659324228722,-1.358648457443,0.1));
#3062 = CARTESIAN_POINT('',(-0.705,-1.45,0.75));
#3063 = CARTESIAN_POINT('',(-0.708648457443,-1.309324228722,0.1));
#3064 = CARTESIAN_POINT('',(-0.8,-1.355,0.75));
#3065 = ADVANCED_FACE('',(#3066),#3083,.F.);
#3066 = FACE_BOUND('',#3067,.F.);
#3067 = EDGE_LOOP('',(#3068,#3069,#3076,#3082));
#3068 = ORIENTED_EDGE('',*,*,#2799,.T.);
#3069 = ORIENTED_EDGE('',*,*,#3070,.T.);
#3070 = EDGE_CURVE('',#2800,#3071,#3073,.T.);
#3071 = VERTEX_POINT('',#3072);
#3072 = CARTESIAN_POINT('',(0.705,-1.45,0.75));
#3073 = B_SPLINE_CURVE_WITH_KNOTS('',1,(#3074,#3075),.UNSPECIFIED.,.F.,
  .F.,(2,2),(0.,1.),.PIECEWISE_BEZIER_KNOTS.);
#3074 = CARTESIAN_POINT('',(0.659324228722,-1.358648457443,0.1));
#3075 = CARTESIAN_POINT('',(0.705,-1.45,0.75));
#3076 = ORIENTED_EDGE('',*,*,#3077,.F.);
#3077 = EDGE_CURVE('',#2993,#3071,#3078,.T.);
#3078 = LINE('',#3079,#3080);
#3079 = CARTESIAN_POINT('',(0.8,-1.355,0.75));
#3080 = VECTOR('',#3081,1.);
#3081 = DIRECTION('',(-0.707106781187,-0.707106781187,0.));
#3082 = ORIENTED_EDGE('',*,*,#2992,.F.);
#3083 = B_SPLINE_SURFACE_WITH_KNOTS('',1,1,(
    (#3084,#3085)
    ,(#3086,#3087
    )),.UNSPECIFIED.,.F.,.F.,.F.,(2,2),(2,2),(0.,0.134350288425),(0.,1.)
  ,.PIECEWISE_BEZIER_KNOTS.);
#3084 = CARTESIAN_POINT('',(0.708648457443,-1.309324228722,0.1));
#3085 = CARTESIAN_POINT('',(0.8,-1.355,0.75));
#3086 = CARTESIAN_POINT('',(0.659324228722,-1.358648457443,0.1));
#3087 = CARTESIAN_POINT('',(0.705,-1.45,0.75));
#3088 = ADVANCED_FACE('',(#3089),#3100,.F.);
#3089 = FACE_BOUND('',#3090,.F.);
#3090 = EDGE_LOOP('',(#3091,#3092,#3093,#3099));
#3091 = ORIENTED_EDGE('',*,*,#2807,.T.);
#3092 = ORIENTED_EDGE('',*,*,#3056,.T.);
#3093 = ORIENTED_EDGE('',*,*,#3094,.F.);
#3094 = EDGE_CURVE('',#3071,#3049,#3095,.T.);
#3095 = LINE('',#3096,#3097);
#3096 = CARTESIAN_POINT('',(0.705,-1.45,0.75));
#3097 = VECTOR('',#3098,1.);
#3098 = DIRECTION('',(-1.,-1.110223024625E-16,0.));
#3099 = ORIENTED_EDGE('',*,*,#3070,.F.);
#3100 = B_SPLINE_SURFACE_WITH_KNOTS('',1,1,(
    (#3101,#3102)
    ,(#3103,#3104
    )),.UNSPECIFIED.,.F.,.F.,.F.,(2,2),(2,2),(0.,1.41),(0.,1.),
  .PIECEWISE_BEZIER_KNOTS.);
#3101 = CARTESIAN_POINT('',(0.659324228722,-1.358648457443,0.1));
#3102 = CARTESIAN_POINT('',(0.705,-1.45,0.75));
#3103 = CARTESIAN_POINT('',(-0.659324228722,-1.358648457443,0.1));
#3104 = CARTESIAN_POINT('',(-0.705,-1.45,0.75));
#3105 = ADVANCED_FACE('',(#3106),#3123,.F.);
#3106 = FACE_BOUND('',#3107,.F.);
#3107 = EDGE_LOOP('',(#3108,#3109,#3116,#3122));
#3108 = ORIENTED_EDGE('',*,*,#2853,.T.);
#3109 = ORIENTED_EDGE('',*,*,#3110,.T.);
#3110 = EDGE_CURVE('',#2847,#3111,#3113,.T.);
#3111 = VERTEX_POINT('',#3112);
#3112 = CARTESIAN_POINT('',(0.8,1.355,0.9));
#3113 = B_SPLINE_CURVE_WITH_KNOTS('',1,(#3114,#3115),.UNSPECIFIED.,.F.,
  .F.,(2,2),(0.,1.),.PIECEWISE_BEZIER_KNOTS.);
#3114 = CARTESIAN_POINT('',(0.8,1.355,0.75));
#3115 = CARTESIAN_POINT('',(0.8,1.355,0.9));
#3116 = ORIENTED_EDGE('',*,*,#3117,.F.);
#3117 = EDGE_CURVE('',#2870,#3111,#3118,.T.);
#3118 = LINE('',#3119,#3120);
#3119 = CARTESIAN_POINT('',(0.705,1.45,0.9));
#3120 = VECTOR('',#3121,1.);
#3121 = DIRECTION('',(0.707106781187,-0.707106781187,0.));
#3122 = ORIENTED_EDGE('',*,*,#2869,.F.);
#3123 = PLANE('',#3124);
#3124 = AXIS2_PLACEMENT_3D('',#3125,#3126,#3127);
#3125 = CARTESIAN_POINT('',(0.705,1.45,0.9));
#3126 = DIRECTION('',(-0.707106781187,-0.707106781187,0.));
#3127 = DIRECTION('',(0.707106781187,-0.707106781187,0.));
#3128 = ADVANCED_FACE('',(#3129),#3211,.F.);
#3129 = FACE_BOUND('',#3130,.F.);
#3130 = EDGE_LOOP('',(#3131,#3139,#3140,#3141,#3149,#3157,#3165,#3173,
    #3181,#3189,#3197,#3205));
#3131 = ORIENTED_EDGE('',*,*,#3132,.T.);
#3132 = EDGE_CURVE('',#3133,#2877,#3135,.T.);
#3133 = VERTEX_POINT('',#3134);
#3134 = CARTESIAN_POINT('',(-0.8,1.355,0.9));
#3135 = LINE('',#3136,#3137);
#3136 = CARTESIAN_POINT('',(-0.8,1.355,0.9));
#3137 = VECTOR('',#3138,1.);
#3138 = DIRECTION('',(0.707106781187,0.707106781187,0.));
#3139 = ORIENTED_EDGE('',*,*,#2876,.T.);
#3140 = ORIENTED_EDGE('',*,*,#3117,.T.);
#3141 = ORIENTED_EDGE('',*,*,#3142,.T.);
#3142 = EDGE_CURVE('',#3111,#3143,#3145,.T.);
#3143 = VERTEX_POINT('',#3144);
#3144 = CARTESIAN_POINT('',(0.8,1.2,0.9));
#3145 = LINE('',#3146,#3147);
#3146 = CARTESIAN_POINT('',(0.8,1.355,0.9));
#3147 = VECTOR('',#3148,1.);
#3148 = DIRECTION('',(1.110223024625E-16,-1.,0.));
#3149 = ORIENTED_EDGE('',*,*,#3150,.T.);
#3150 = EDGE_CURVE('',#3143,#3151,#3153,.T.);
#3151 = VERTEX_POINT('',#3152);
#3152 = CARTESIAN_POINT('',(0.775,1.2,0.9));
#3153 = LINE('',#3154,#3155);
#3154 = CARTESIAN_POINT('',(0.85,1.2,0.9));
#3155 = VECTOR('',#3156,1.);
#3156 = DIRECTION('',(-1.,-1.110223024625E-16,0.));
#3157 = ORIENTED_EDGE('',*,*,#3158,.F.);
#3158 = EDGE_CURVE('',#3159,#3151,#3161,.T.);
#3159 = VERTEX_POINT('',#3160);
#3160 = CARTESIAN_POINT('',(0.775,1.3425,0.9));
#3161 = LINE('',#3162,#3163);
#3162 = CARTESIAN_POINT('',(0.775,1.3425,0.9));
#3163 = VECTOR('',#3164,1.);
#3164 = DIRECTION('',(1.110223024625E-16,-1.,0.));
#3165 = ORIENTED_EDGE('',*,*,#3166,.F.);
#3166 = EDGE_CURVE('',#3167,#3159,#3169,.T.);
#3167 = VERTEX_POINT('',#3168);
#3168 = CARTESIAN_POINT('',(0.6925,1.425,0.9));
#3169 = LINE('',#3170,#3171);
#3170 = CARTESIAN_POINT('',(0.6925,1.425,0.9));
#3171 = VECTOR('',#3172,1.);
#3172 = DIRECTION('',(0.707106781187,-0.707106781187,0.));
#3173 = ORIENTED_EDGE('',*,*,#3174,.F.);
#3174 = EDGE_CURVE('',#3175,#3167,#3177,.T.);
#3175 = VERTEX_POINT('',#3176);
#3176 = CARTESIAN_POINT('',(-0.6925,1.425,0.9));
#3177 = LINE('',#3178,#3179);
#3178 = CARTESIAN_POINT('',(-0.6925,1.425,0.9));
#3179 = VECTOR('',#3180,1.);
#3180 = DIRECTION('',(1.,1.110223024625E-16,0.));
#3181 = ORIENTED_EDGE('',*,*,#3182,.F.);
#3182 = EDGE_CURVE('',#3183,#3175,#3185,.T.);
#3183 = VERTEX_POINT('',#3184);
#3184 = CARTESIAN_POINT('',(-0.775,1.3425,0.9));
#3185 = LINE('',#3186,#3187);
#3186 = CARTESIAN_POINT('',(-0.775,1.3425,0.9));
#3187 = VECTOR('',#3188,1.);
#3188 = DIRECTION('',(0.707106781187,0.707106781187,0.));
#3189 = ORIENTED_EDGE('',*,*,#3190,.F.);
#3190 = EDGE_CURVE('',#3191,#3183,#3193,.T.);
#3191 = VERTEX_POINT('',#3192);
#3192 = CARTESIAN_POINT('',(-0.775,1.2,0.9));
#3193 = LINE('',#3194,#3195);
#3194 = CARTESIAN_POINT('',(-0.775,-1.3425,0.9));
#3195 = VECTOR('',#3196,1.);
#3196 = DIRECTION('',(-1.110223024625E-16,1.,0.));
#3197 = ORIENTED_EDGE('',*,*,#3198,.F.);
#3198 = EDGE_CURVE('',#3199,#3191,#3201,.T.);
#3199 = VERTEX_POINT('',#3200);
#3200 = CARTESIAN_POINT('',(-0.8,1.2,0.9));
#3201 = LINE('',#3202,#3203);
#3202 = CARTESIAN_POINT('',(-0.85,1.2,0.9));
#3203 = VECTOR('',#3204,1.);
#3204 = DIRECTION('',(1.,-1.144237745222E-17,0.));
#3205 = ORIENTED_EDGE('',*,*,#3206,.T.);
#3206 = EDGE_CURVE('',#3199,#3133,#3207,.T.);
#3207 = LINE('',#3208,#3209);
#3208 = CARTESIAN_POINT('',(-0.8,-1.355,0.9));
#3209 = VECTOR('',#3210,1.);
#3210 = DIRECTION('',(-1.110223024625E-16,1.,0.));
#3211 = PLANE('',#3212);
#3212 = AXIS2_PLACEMENT_3D('',#3213,#3214,#3215);
#3213 = CARTESIAN_POINT('',(-2.091417030376E-16,1.4375,0.9));
#3214 = DIRECTION('',(4.595758349624E-18,6.551522493592E-27,-1.));
#3215 = DIRECTION('',(1.,1.51922136901E-16,4.595758349624E-18));
#3216 = ADVANCED_FACE('',(#3217),#3227,.F.);
#3217 = FACE_BOUND('',#3218,.F.);
#3218 = EDGE_LOOP('',(#3219,#3220,#3221,#3222));
#3219 = ORIENTED_EDGE('',*,*,#2899,.T.);
#3220 = ORIENTED_EDGE('',*,*,#2884,.T.);
#3221 = ORIENTED_EDGE('',*,*,#3132,.F.);
#3222 = ORIENTED_EDGE('',*,*,#3223,.F.);
#3223 = EDGE_CURVE('',#2900,#3133,#3224,.T.);
#3224 = B_SPLINE_CURVE_WITH_KNOTS('',1,(#3225,#3226),.UNSPECIFIED.,.F.,
  .F.,(2,2),(0.,1.),.PIECEWISE_BEZIER_KNOTS.);
#3225 = CARTESIAN_POINT('',(-0.8,1.355,0.75));
#3226 = CARTESIAN_POINT('',(-0.8,1.355,0.9));
#3227 = PLANE('',#3228);
#3228 = AXIS2_PLACEMENT_3D('',#3229,#3230,#3231);
#3229 = CARTESIAN_POINT('',(-0.8,1.355,0.9));
#3230 = DIRECTION('',(0.707106781187,-0.707106781187,0.));
#3231 = DIRECTION('',(0.707106781187,0.707106781187,0.));
#3232 = ADVANCED_FACE('',(#3233),#3257,.F.);
#3233 = FACE_BOUND('',#3234,.F.);
#3234 = EDGE_LOOP('',(#3235,#3242,#3243,#3251));
#3235 = ORIENTED_EDGE('',*,*,#3236,.F.);
#3236 = EDGE_CURVE('',#2971,#3237,#3239,.T.);
#3237 = VERTEX_POINT('',#3238);
#3238 = CARTESIAN_POINT('',(-0.8,-1.355,0.9));
#3239 = B_SPLINE_CURVE_WITH_KNOTS('',1,(#3240,#3241),.UNSPECIFIED.,.F.,
  .F.,(2,2),(0.,1.),.PIECEWISE_BEZIER_KNOTS.);
#3240 = CARTESIAN_POINT('',(-0.8,-1.355,0.75));
#3241 = CARTESIAN_POINT('',(-0.8,-1.355,0.9));
#3242 = ORIENTED_EDGE('',*,*,#2970,.T.);
#3243 = ORIENTED_EDGE('',*,*,#3244,.T.);
#3244 = EDGE_CURVE('',#2963,#3245,#3247,.T.);
#3245 = VERTEX_POINT('',#3246);
#3246 = CARTESIAN_POINT('',(-0.8,-1.2,0.9));
#3247 = LINE('',#3248,#3249);
#3248 = CARTESIAN_POINT('',(-0.8,-1.2,0.670847817658));
#3249 = VECTOR('',#3250,1.);
#3250 = DIRECTION('',(0.,0.,1.));
#3251 = ORIENTED_EDGE('',*,*,#3252,.F.);
#3252 = EDGE_CURVE('',#3237,#3245,#3253,.T.);
#3253 = LINE('',#3254,#3255);
#3254 = CARTESIAN_POINT('',(-0.8,-1.355,0.9));
#3255 = VECTOR('',#3256,1.);
#3256 = DIRECTION('',(-1.110223024625E-16,1.,0.));
#3257 = PLANE('',#3258);
#3258 = AXIS2_PLACEMENT_3D('',#3259,#3260,#3261);
#3259 = CARTESIAN_POINT('',(-0.8,-1.355,0.9));
#3260 = DIRECTION('',(1.,1.110223024625E-16,0.));
#3261 = DIRECTION('',(-1.110223024625E-16,1.,0.));
#3262 = ADVANCED_FACE('',(#3263),#3288,.F.);
#3263 = FACE_BOUND('',#3264,.F.);
#3264 = EDGE_LOOP('',(#3265,#3273,#3274,#3282));
#3265 = ORIENTED_EDGE('',*,*,#3266,.F.);
#3266 = EDGE_CURVE('',#2963,#3267,#3269,.T.);
#3267 = VERTEX_POINT('',#3268);
#3268 = CARTESIAN_POINT('',(-0.85,-1.2,0.75));
#3269 = LINE('',#3270,#3271);
#3270 = CARTESIAN_POINT('',(-0.75,-1.2,0.75));
#3271 = VECTOR('',#3272,1.);
#3272 = DIRECTION('',(-1.,1.144237745222E-17,0.));
#3273 = ORIENTED_EDGE('',*,*,#2962,.T.);
#3274 = ORIENTED_EDGE('',*,*,#3275,.T.);
#3275 = EDGE_CURVE('',#2955,#3276,#3278,.T.);
#3276 = VERTEX_POINT('',#3277);
#3277 = CARTESIAN_POINT('',(-0.85,-0.7,0.75));
#3278 = LINE('',#3279,#3280);
#3279 = CARTESIAN_POINT('',(-0.75,-0.7,0.75));
#3280 = VECTOR('',#3281,1.);
#3281 = DIRECTION('',(-1.,1.144237745222E-17,0.));
#3282 = ORIENTED_EDGE('',*,*,#3283,.F.);
#3283 = EDGE_CURVE('',#3267,#3276,#3284,.T.);
#3284 = LINE('',#3285,#3286);
#3285 = CARTESIAN_POINT('',(-0.85,-1.2,0.75));
#3286 = VECTOR('',#3287,1.);
#3287 = DIRECTION('',(1.144237745222E-17,1.,0.));
#3288 = PLANE('',#3289);
#3289 = AXIS2_PLACEMENT_3D('',#3290,#3291,#3292);
#3290 = CARTESIAN_POINT('',(-0.75,-1.2,0.75));
#3291 = DIRECTION('',(0.,0.,1.));
#3292 = DIRECTION('',(-1.,1.144237745222E-17,0.));
#3293 = ADVANCED_FACE('',(#3294),#3319,.F.);
#3294 = FACE_BOUND('',#3295,.F.);
#3295 = EDGE_LOOP('',(#3296,#3304,#3305,#3313));
#3296 = ORIENTED_EDGE('',*,*,#3297,.F.);
#3297 = EDGE_CURVE('',#2955,#3298,#3300,.T.);
#3298 = VERTEX_POINT('',#3299);
#3299 = CARTESIAN_POINT('',(-0.8,-0.7,0.9));
#3300 = LINE('',#3301,#3302);
#3301 = CARTESIAN_POINT('',(-0.8,-0.7,0.670847817658));
#3302 = VECTOR('',#3303,1.);
#3303 = DIRECTION('',(0.,0.,1.));
#3304 = ORIENTED_EDGE('',*,*,#2954,.T.);
#3305 = ORIENTED_EDGE('',*,*,#3306,.T.);
#3306 = EDGE_CURVE('',#2947,#3307,#3309,.T.);
#3307 = VERTEX_POINT('',#3308);
#3308 = CARTESIAN_POINT('',(-0.8,-0.25,0.9));
#3309 = LINE('',#3310,#3311);
#3310 = CARTESIAN_POINT('',(-0.8,-0.25,0.670847817658));
#3311 = VECTOR('',#3312,1.);
#3312 = DIRECTION('',(0.,0.,1.));
#3313 = ORIENTED_EDGE('',*,*,#3314,.F.);
#3314 = EDGE_CURVE('',#3298,#3307,#3315,.T.);
#3315 = LINE('',#3316,#3317);
#3316 = CARTESIAN_POINT('',(-0.8,-1.355,0.9));
#3317 = VECTOR('',#3318,1.);
#3318 = DIRECTION('',(-1.110223024625E-16,1.,0.));
#3319 = PLANE('',#3320);
#3320 = AXIS2_PLACEMENT_3D('',#3321,#3322,#3323);
#3321 = CARTESIAN_POINT('',(-0.8,-1.355,0.9));
#3322 = DIRECTION('',(1.,1.110223024625E-16,0.));
#3323 = DIRECTION('',(-1.110223024625E-16,1.,0.));
#3324 = ADVANCED_FACE('',(#3325),#3350,.F.);
#3325 = FACE_BOUND('',#3326,.F.);
#3326 = EDGE_LOOP('',(#3327,#3335,#3336,#3344));
#3327 = ORIENTED_EDGE('',*,*,#3328,.F.);
#3328 = EDGE_CURVE('',#2947,#3329,#3331,.T.);
#3329 = VERTEX_POINT('',#3330);
#3330 = CARTESIAN_POINT('',(-0.85,-0.25,0.75));
#3331 = LINE('',#3332,#3333);
#3332 = CARTESIAN_POINT('',(-0.75,-0.25,0.75));
#3333 = VECTOR('',#3334,1.);
#3334 = DIRECTION('',(-1.,1.144237745222E-17,0.));
#3335 = ORIENTED_EDGE('',*,*,#2946,.T.);
#3336 = ORIENTED_EDGE('',*,*,#3337,.T.);
#3337 = EDGE_CURVE('',#2939,#3338,#3340,.T.);
#3338 = VERTEX_POINT('',#3339);
#3339 = CARTESIAN_POINT('',(-0.85,0.25,0.75));
#3340 = LINE('',#3341,#3342);
#3341 = CARTESIAN_POINT('',(-0.75,0.25,0.75));
#3342 = VECTOR('',#3343,1.);
#3343 = DIRECTION('',(-1.,1.144237745222E-17,0.));
#3344 = ORIENTED_EDGE('',*,*,#3345,.F.);
#3345 = EDGE_CURVE('',#3329,#3338,#3346,.T.);
#3346 = LINE('',#3347,#3348);
#3347 = CARTESIAN_POINT('',(-0.85,-0.25,0.75));
#3348 = VECTOR('',#3349,1.);
#3349 = DIRECTION('',(1.144237745222E-17,1.,0.));
#3350 = PLANE('',#3351);
#3351 = AXIS2_PLACEMENT_3D('',#3352,#3353,#3354);
#3352 = CARTESIAN_POINT('',(-0.75,-0.25,0.75));
#3353 = DIRECTION('',(0.,0.,1.));
#3354 = DIRECTION('',(-1.,1.144237745222E-17,0.));
#3355 = ADVANCED_FACE('',(#3356),#3381,.F.);
#3356 = FACE_BOUND('',#3357,.F.);
#3357 = EDGE_LOOP('',(#3358,#3366,#3367,#3375));
#3358 = ORIENTED_EDGE('',*,*,#3359,.F.);
#3359 = EDGE_CURVE('',#2939,#3360,#3362,.T.);
#3360 = VERTEX_POINT('',#3361);
#3361 = CARTESIAN_POINT('',(-0.8,0.25,0.9));
#3362 = LINE('',#3363,#3364);
#3363 = CARTESIAN_POINT('',(-0.8,0.25,0.670847817658));
#3364 = VECTOR('',#3365,1.);
#3365 = DIRECTION('',(0.,0.,1.));
#3366 = ORIENTED_EDGE('',*,*,#2938,.T.);
#3367 = ORIENTED_EDGE('',*,*,#3368,.T.);
#3368 = EDGE_CURVE('',#2931,#3369,#3371,.T.);
#3369 = VERTEX_POINT('',#3370);
#3370 = CARTESIAN_POINT('',(-0.8,0.7,0.9));
#3371 = LINE('',#3372,#3373);
#3372 = CARTESIAN_POINT('',(-0.8,0.7,0.670847817658));
#3373 = VECTOR('',#3374,1.);
#3374 = DIRECTION('',(0.,0.,1.));
#3375 = ORIENTED_EDGE('',*,*,#3376,.F.);
#3376 = EDGE_CURVE('',#3360,#3369,#3377,.T.);
#3377 = LINE('',#3378,#3379);
#3378 = CARTESIAN_POINT('',(-0.8,-1.355,0.9));
#3379 = VECTOR('',#3380,1.);
#3380 = DIRECTION('',(-1.110223024625E-16,1.,0.));
#3381 = PLANE('',#3382);
#3382 = AXIS2_PLACEMENT_3D('',#3383,#3384,#3385);
#3383 = CARTESIAN_POINT('',(-0.8,-1.355,0.9));
#3384 = DIRECTION('',(1.,1.110223024625E-16,0.));
#3385 = DIRECTION('',(-1.110223024625E-16,1.,0.));
#3386 = ADVANCED_FACE('',(#3387),#3412,.F.);
#3387 = FACE_BOUND('',#3388,.F.);
#3388 = EDGE_LOOP('',(#3389,#3397,#3398,#3406));
#3389 = ORIENTED_EDGE('',*,*,#3390,.F.);
#3390 = EDGE_CURVE('',#2931,#3391,#3393,.T.);
#3391 = VERTEX_POINT('',#3392);
#3392 = CARTESIAN_POINT('',(-0.85,0.7,0.75));
#3393 = LINE('',#3394,#3395);
#3394 = CARTESIAN_POINT('',(-0.75,0.7,0.75));
#3395 = VECTOR('',#3396,1.);
#3396 = DIRECTION('',(-1.,1.144237745222E-17,0.));
#3397 = ORIENTED_EDGE('',*,*,#2930,.T.);
#3398 = ORIENTED_EDGE('',*,*,#3399,.T.);
#3399 = EDGE_CURVE('',#2923,#3400,#3402,.T.);
#3400 = VERTEX_POINT('',#3401);
#3401 = CARTESIAN_POINT('',(-0.85,1.2,0.75));
#3402 = LINE('',#3403,#3404);
#3403 = CARTESIAN_POINT('',(-0.75,1.2,0.75));
#3404 = VECTOR('',#3405,1.);
#3405 = DIRECTION('',(-1.,1.144237745222E-17,0.));
#3406 = ORIENTED_EDGE('',*,*,#3407,.F.);
#3407 = EDGE_CURVE('',#3391,#3400,#3408,.T.);
#3408 = LINE('',#3409,#3410);
#3409 = CARTESIAN_POINT('',(-0.85,0.7,0.75));
#3410 = VECTOR('',#3411,1.);
#3411 = DIRECTION('',(1.144237745222E-17,1.,0.));
#3412 = PLANE('',#3413);
#3413 = AXIS2_PLACEMENT_3D('',#3414,#3415,#3416);
#3414 = CARTESIAN_POINT('',(-0.75,0.7,0.75));
#3415 = DIRECTION('',(0.,0.,1.));
#3416 = DIRECTION('',(-1.,1.144237745222E-17,0.));
#3417 = ADVANCED_FACE('',(#3418),#3429,.F.);
#3418 = FACE_BOUND('',#3419,.F.);
#3419 = EDGE_LOOP('',(#3420,#3426,#3427,#3428));
#3420 = ORIENTED_EDGE('',*,*,#3421,.F.);
#3421 = EDGE_CURVE('',#2923,#3199,#3422,.T.);
#3422 = LINE('',#3423,#3424);
#3423 = CARTESIAN_POINT('',(-0.8,1.2,0.670847817658));
#3424 = VECTOR('',#3425,1.);
#3425 = DIRECTION('',(0.,0.,1.));
#3426 = ORIENTED_EDGE('',*,*,#2922,.T.);
#3427 = ORIENTED_EDGE('',*,*,#3223,.T.);
#3428 = ORIENTED_EDGE('',*,*,#3206,.F.);
#3429 = PLANE('',#3430);
#3430 = AXIS2_PLACEMENT_3D('',#3431,#3432,#3433);
#3431 = CARTESIAN_POINT('',(-0.8,-1.355,0.9));
#3432 = DIRECTION('',(1.,1.110223024625E-16,0.));
#3433 = DIRECTION('',(-1.110223024625E-16,1.,0.));
#3434 = ADVANCED_FACE('',(#3435),#3446,.F.);
#3435 = FACE_BOUND('',#3436,.F.);
#3436 = EDGE_LOOP('',(#3437,#3438,#3439,#3445));
#3437 = ORIENTED_EDGE('',*,*,#3110,.F.);
#3438 = ORIENTED_EDGE('',*,*,#3031,.T.);
#3439 = ORIENTED_EDGE('',*,*,#3440,.T.);
#3440 = EDGE_CURVE('',#3024,#3143,#3441,.T.);
#3441 = LINE('',#3442,#3443);
#3442 = CARTESIAN_POINT('',(0.8,1.2,0.670847817658));
#3443 = VECTOR('',#3444,1.);
#3444 = DIRECTION('',(0.,0.,1.));
#3445 = ORIENTED_EDGE('',*,*,#3142,.F.);
#3446 = PLANE('',#3447);
#3447 = AXIS2_PLACEMENT_3D('',#3448,#3449,#3450);
#3448 = CARTESIAN_POINT('',(0.8,1.355,0.9));
#3449 = DIRECTION('',(-1.,-1.110223024625E-16,0.));
#3450 = DIRECTION('',(1.110223024625E-16,-1.,0.));
#3451 = ADVANCED_FACE('',(#3452),#3477,.F.);
#3452 = FACE_BOUND('',#3453,.F.);
#3453 = EDGE_LOOP('',(#3454,#3462,#3463,#3471));
#3454 = ORIENTED_EDGE('',*,*,#3455,.F.);
#3455 = EDGE_CURVE('',#3024,#3456,#3458,.T.);
#3456 = VERTEX_POINT('',#3457);
#3457 = CARTESIAN_POINT('',(0.85,1.2,0.75));
#3458 = LINE('',#3459,#3460);
#3459 = CARTESIAN_POINT('',(0.75,1.2,0.75));
#3460 = VECTOR('',#3461,1.);
#3461 = DIRECTION('',(1.,1.110223024625E-16,0.));
#3462 = ORIENTED_EDGE('',*,*,#3023,.T.);
#3463 = ORIENTED_EDGE('',*,*,#3464,.T.);
#3464 = EDGE_CURVE('',#3016,#3465,#3467,.T.);
#3465 = VERTEX_POINT('',#3466);
#3466 = CARTESIAN_POINT('',(0.85,0.7,0.75));
#3467 = LINE('',#3468,#3469);
#3468 = CARTESIAN_POINT('',(0.75,0.7,0.75));
#3469 = VECTOR('',#3470,1.);
#3470 = DIRECTION('',(1.,1.110223024625E-16,0.));
#3471 = ORIENTED_EDGE('',*,*,#3472,.F.);
#3472 = EDGE_CURVE('',#3456,#3465,#3473,.T.);
#3473 = LINE('',#3474,#3475);
#3474 = CARTESIAN_POINT('',(0.85,1.2,0.75));
#3475 = VECTOR('',#3476,1.);
#3476 = DIRECTION('',(1.110223024625E-16,-1.,0.));
#3477 = PLANE('',#3478);
#3478 = AXIS2_PLACEMENT_3D('',#3479,#3480,#3481);
#3479 = CARTESIAN_POINT('',(0.75,1.2,0.75));
#3480 = DIRECTION('',(0.,0.,1.));
#3481 = DIRECTION('',(1.,1.110223024625E-16,-0.));
#3482 = ADVANCED_FACE('',(#3483),#3508,.F.);
#3483 = FACE_BOUND('',#3484,.F.);
#3484 = EDGE_LOOP('',(#3485,#3493,#3494,#3502));
#3485 = ORIENTED_EDGE('',*,*,#3486,.F.);
#3486 = EDGE_CURVE('',#3016,#3487,#3489,.T.);
#3487 = VERTEX_POINT('',#3488);
#3488 = CARTESIAN_POINT('',(0.8,0.7,0.9));
#3489 = LINE('',#3490,#3491);
#3490 = CARTESIAN_POINT('',(0.8,0.7,0.670847817658));
#3491 = VECTOR('',#3492,1.);
#3492 = DIRECTION('',(0.,0.,1.));
#3493 = ORIENTED_EDGE('',*,*,#3015,.T.);
#3494 = ORIENTED_EDGE('',*,*,#3495,.T.);
#3495 = EDGE_CURVE('',#3008,#3496,#3498,.T.);
#3496 = VERTEX_POINT('',#3497);
#3497 = CARTESIAN_POINT('',(0.8,-0.7,0.9));
#3498 = LINE('',#3499,#3500);
#3499 = CARTESIAN_POINT('',(0.8,-0.7,0.670847817658));
#3500 = VECTOR('',#3501,1.);
#3501 = DIRECTION('',(0.,0.,1.));
#3502 = ORIENTED_EDGE('',*,*,#3503,.F.);
#3503 = EDGE_CURVE('',#3487,#3496,#3504,.T.);
#3504 = LINE('',#3505,#3506);
#3505 = CARTESIAN_POINT('',(0.8,1.355,0.9));
#3506 = VECTOR('',#3507,1.);
#3507 = DIRECTION('',(1.110223024625E-16,-1.,0.));
#3508 = PLANE('',#3509);
#3509 = AXIS2_PLACEMENT_3D('',#3510,#3511,#3512);
#3510 = CARTESIAN_POINT('',(0.8,1.355,0.9));
#3511 = DIRECTION('',(-1.,-1.110223024625E-16,0.));
#3512 = DIRECTION('',(1.110223024625E-16,-1.,0.));
#3513 = ADVANCED_FACE('',(#3514),#3539,.F.);
#3514 = FACE_BOUND('',#3515,.F.);
#3515 = EDGE_LOOP('',(#3516,#3524,#3525,#3533));
#3516 = ORIENTED_EDGE('',*,*,#3517,.F.);
#3517 = EDGE_CURVE('',#3008,#3518,#3520,.T.);
#3518 = VERTEX_POINT('',#3519);
#3519 = CARTESIAN_POINT('',(0.85,-0.7,0.75));
#3520 = LINE('',#3521,#3522);
#3521 = CARTESIAN_POINT('',(0.75,-0.7,0.75));
#3522 = VECTOR('',#3523,1.);
#3523 = DIRECTION('',(1.,1.110223024625E-16,0.));
#3524 = ORIENTED_EDGE('',*,*,#3007,.T.);
#3525 = ORIENTED_EDGE('',*,*,#3526,.T.);
#3526 = EDGE_CURVE('',#3000,#3527,#3529,.T.);
#3527 = VERTEX_POINT('',#3528);
#3528 = CARTESIAN_POINT('',(0.85,-1.2,0.75));
#3529 = LINE('',#3530,#3531);
#3530 = CARTESIAN_POINT('',(0.75,-1.2,0.75));
#3531 = VECTOR('',#3532,1.);
#3532 = DIRECTION('',(1.,1.110223024625E-16,0.));
#3533 = ORIENTED_EDGE('',*,*,#3534,.F.);
#3534 = EDGE_CURVE('',#3518,#3527,#3535,.T.);
#3535 = LINE('',#3536,#3537);
#3536 = CARTESIAN_POINT('',(0.85,-0.7,0.75));
#3537 = VECTOR('',#3538,1.);
#3538 = DIRECTION('',(1.110223024625E-16,-1.,0.));
#3539 = PLANE('',#3540);
#3540 = AXIS2_PLACEMENT_3D('',#3541,#3542,#3543);
#3541 = CARTESIAN_POINT('',(0.75,-0.7,0.75));
#3542 = DIRECTION('',(0.,0.,1.));
#3543 = DIRECTION('',(1.,1.110223024625E-16,-0.));
#3544 = ADVANCED_FACE('',(#3545),#3569,.F.);
#3545 = FACE_BOUND('',#3546,.F.);
#3546 = EDGE_LOOP('',(#3547,#3555,#3556,#3563));
#3547 = ORIENTED_EDGE('',*,*,#3548,.F.);
#3548 = EDGE_CURVE('',#3000,#3549,#3551,.T.);
#3549 = VERTEX_POINT('',#3550);
#3550 = CARTESIAN_POINT('',(0.8,-1.2,0.9));
#3551 = LINE('',#3552,#3553);
#3552 = CARTESIAN_POINT('',(0.8,-1.2,0.670847817658));
#3553 = VECTOR('',#3554,1.);
#3554 = DIRECTION('',(0.,0.,1.));
#3555 = ORIENTED_EDGE('',*,*,#2999,.T.);
#3556 = ORIENTED_EDGE('',*,*,#3557,.T.);
#3557 = EDGE_CURVE('',#2993,#3558,#3560,.T.);
#3558 = VERTEX_POINT('',#3559);
#3559 = CARTESIAN_POINT('',(0.8,-1.355,0.9));
#3560 = B_SPLINE_CURVE_WITH_KNOTS('',1,(#3561,#3562),.UNSPECIFIED.,.F.,
  .F.,(2,2),(0.,1.),.PIECEWISE_BEZIER_KNOTS.);
#3561 = CARTESIAN_POINT('',(0.8,-1.355,0.75));
#3562 = CARTESIAN_POINT('',(0.8,-1.355,0.9));
#3563 = ORIENTED_EDGE('',*,*,#3564,.F.);
#3564 = EDGE_CURVE('',#3549,#3558,#3565,.T.);
#3565 = LINE('',#3566,#3567);
#3566 = CARTESIAN_POINT('',(0.8,1.355,0.9));
#3567 = VECTOR('',#3568,1.);
#3568 = DIRECTION('',(1.110223024625E-16,-1.,0.));
#3569 = PLANE('',#3570);
#3570 = AXIS2_PLACEMENT_3D('',#3571,#3572,#3573);
#3571 = CARTESIAN_POINT('',(0.8,1.355,0.9));
#3572 = DIRECTION('',(-1.,-1.110223024625E-16,0.));
#3573 = DIRECTION('',(1.110223024625E-16,-1.,0.));
#3574 = ADVANCED_FACE('',(#3575),#3592,.F.);
#3575 = FACE_BOUND('',#3576,.F.);
#3576 = EDGE_LOOP('',(#3577,#3578,#3579,#3587));
#3577 = ORIENTED_EDGE('',*,*,#3048,.T.);
#3578 = ORIENTED_EDGE('',*,*,#3236,.T.);
#3579 = ORIENTED_EDGE('',*,*,#3580,.F.);
#3580 = EDGE_CURVE('',#3581,#3237,#3583,.T.);
#3581 = VERTEX_POINT('',#3582);
#3582 = CARTESIAN_POINT('',(-0.705,-1.45,0.9));
#3583 = LINE('',#3584,#3585);
#3584 = CARTESIAN_POINT('',(-0.705,-1.45,0.9));
#3585 = VECTOR('',#3586,1.);
#3586 = DIRECTION('',(-0.707106781187,0.707106781187,0.));
#3587 = ORIENTED_EDGE('',*,*,#3588,.F.);
#3588 = EDGE_CURVE('',#3049,#3581,#3589,.T.);
#3589 = B_SPLINE_CURVE_WITH_KNOTS('',1,(#3590,#3591),.UNSPECIFIED.,.F.,
  .F.,(2,2),(0.,1.),.PIECEWISE_BEZIER_KNOTS.);
#3590 = CARTESIAN_POINT('',(-0.705,-1.45,0.75));
#3591 = CARTESIAN_POINT('',(-0.705,-1.45,0.9));
#3592 = PLANE('',#3593);
#3593 = AXIS2_PLACEMENT_3D('',#3594,#3595,#3596);
#3594 = CARTESIAN_POINT('',(-0.705,-1.45,0.9));
#3595 = DIRECTION('',(0.707106781187,0.707106781187,0.));
#3596 = DIRECTION('',(-0.707106781187,0.707106781187,0.));
#3597 = ADVANCED_FACE('',(#3598),#3615,.F.);
#3598 = FACE_BOUND('',#3599,.F.);
#3599 = EDGE_LOOP('',(#3600,#3601,#3608,#3614));
#3600 = ORIENTED_EDGE('',*,*,#3077,.T.);
#3601 = ORIENTED_EDGE('',*,*,#3602,.T.);
#3602 = EDGE_CURVE('',#3071,#3603,#3605,.T.);
#3603 = VERTEX_POINT('',#3604);
#3604 = CARTESIAN_POINT('',(0.705,-1.45,0.9));
#3605 = B_SPLINE_CURVE_WITH_KNOTS('',1,(#3606,#3607),.UNSPECIFIED.,.F.,
  .F.,(2,2),(0.,1.),.PIECEWISE_BEZIER_KNOTS.);
#3606 = CARTESIAN_POINT('',(0.705,-1.45,0.75));
#3607 = CARTESIAN_POINT('',(0.705,-1.45,0.9));
#3608 = ORIENTED_EDGE('',*,*,#3609,.F.);
#3609 = EDGE_CURVE('',#3558,#3603,#3610,.T.);
#3610 = LINE('',#3611,#3612);
#3611 = CARTESIAN_POINT('',(0.8,-1.355,0.9));
#3612 = VECTOR('',#3613,1.);
#3613 = DIRECTION('',(-0.707106781187,-0.707106781187,0.));
#3614 = ORIENTED_EDGE('',*,*,#3557,.F.);
#3615 = PLANE('',#3616);
#3616 = AXIS2_PLACEMENT_3D('',#3617,#3618,#3619);
#3617 = CARTESIAN_POINT('',(0.8,-1.355,0.9));
#3618 = DIRECTION('',(-0.707106781187,0.707106781187,0.));
#3619 = DIRECTION('',(-0.707106781187,-0.707106781187,0.));
#3620 = ADVANCED_FACE('',(#3621),#3632,.F.);
#3621 = FACE_BOUND('',#3622,.F.);
#3622 = EDGE_LOOP('',(#3623,#3624,#3625,#3631));
#3623 = ORIENTED_EDGE('',*,*,#3094,.T.);
#3624 = ORIENTED_EDGE('',*,*,#3588,.T.);
#3625 = ORIENTED_EDGE('',*,*,#3626,.F.);
#3626 = EDGE_CURVE('',#3603,#3581,#3627,.T.);
#3627 = LINE('',#3628,#3629);
#3628 = CARTESIAN_POINT('',(0.705,-1.45,0.9));
#3629 = VECTOR('',#3630,1.);
#3630 = DIRECTION('',(-1.,-1.110223024625E-16,0.));
#3631 = ORIENTED_EDGE('',*,*,#3602,.F.);
#3632 = PLANE('',#3633);
#3633 = AXIS2_PLACEMENT_3D('',#3634,#3635,#3636);
#3634 = CARTESIAN_POINT('',(0.705,-1.45,0.9));
#3635 = DIRECTION('',(-1.110223024625E-16,1.,0.));
#3636 = DIRECTION('',(-1.,-1.110223024625E-16,0.));
#3637 = ADVANCED_FACE('',(#3638),#3677,.F.);
#3638 = FACE_BOUND('',#3639,.F.);
#3639 = EDGE_LOOP('',(#3640,#3648,#3656,#3662,#3663,#3671));
#3640 = ORIENTED_EDGE('',*,*,#3641,.F.);
#3641 = EDGE_CURVE('',#3642,#3369,#3644,.T.);
#3642 = VERTEX_POINT('',#3643);
#3643 = CARTESIAN_POINT('',(-0.85,0.7,0.9));
#3644 = LINE('',#3645,#3646);
#3645 = CARTESIAN_POINT('',(-0.85,0.7,0.9));
#3646 = VECTOR('',#3647,1.);
#3647 = DIRECTION('',(1.,-1.144237745222E-17,0.));
#3648 = ORIENTED_EDGE('',*,*,#3649,.T.);
#3649 = EDGE_CURVE('',#3642,#3650,#3652,.T.);
#3650 = VERTEX_POINT('',#3651);
#3651 = CARTESIAN_POINT('',(-0.85,1.2,0.9));
#3652 = LINE('',#3653,#3654);
#3653 = CARTESIAN_POINT('',(-0.85,0.7,0.9));
#3654 = VECTOR('',#3655,1.);
#3655 = DIRECTION('',(1.144237745222E-17,1.,0.));
#3656 = ORIENTED_EDGE('',*,*,#3657,.T.);
#3657 = EDGE_CURVE('',#3650,#3199,#3658,.T.);
#3658 = LINE('',#3659,#3660);
#3659 = CARTESIAN_POINT('',(-0.85,1.2,0.9));
#3660 = VECTOR('',#3661,1.);
#3661 = DIRECTION('',(1.,-1.144237745222E-17,0.));
#3662 = ORIENTED_EDGE('',*,*,#3198,.T.);
#3663 = ORIENTED_EDGE('',*,*,#3664,.F.);
#3664 = EDGE_CURVE('',#3665,#3191,#3667,.T.);
#3665 = VERTEX_POINT('',#3666);
#3666 = CARTESIAN_POINT('',(-0.775,0.7,0.9));
#3667 = LINE('',#3668,#3669);
#3668 = CARTESIAN_POINT('',(-0.775,-1.3425,0.9));
#3669 = VECTOR('',#3670,1.);
#3670 = DIRECTION('',(-1.110223024625E-16,1.,0.));
#3671 = ORIENTED_EDGE('',*,*,#3672,.F.);
#3672 = EDGE_CURVE('',#3369,#3665,#3673,.T.);
#3673 = LINE('',#3674,#3675);
#3674 = CARTESIAN_POINT('',(-0.85,0.7,0.9));
#3675 = VECTOR('',#3676,1.);
#3676 = DIRECTION('',(1.,-1.144237745222E-17,0.));
#3677 = PLANE('',#3678);
#3678 = AXIS2_PLACEMENT_3D('',#3679,#3680,#3681);
#3679 = CARTESIAN_POINT('',(-0.85,0.7,0.9));
#3680 = DIRECTION('',(0.,0.,-1.));
#3681 = DIRECTION('',(1.,-1.144237745222E-17,0.));
#3682 = ADVANCED_FACE('',(#3683),#3747,.F.);
#3683 = FACE_BOUND('',#3684,.F.);
#3684 = EDGE_LOOP('',(#3685,#3695,#3703,#3711,#3719,#3725,#3726,#3727,
    #3734,#3742));
#3685 = ORIENTED_EDGE('',*,*,#3686,.T.);
#3686 = EDGE_CURVE('',#3687,#3689,#3691,.T.);
#3687 = VERTEX_POINT('',#3688);
#3688 = CARTESIAN_POINT('',(-0.775,-1.3425,0.9));
#3689 = VERTEX_POINT('',#3690);
#3690 = CARTESIAN_POINT('',(-0.775,-1.2,0.9));
#3691 = LINE('',#3692,#3693);
#3692 = CARTESIAN_POINT('',(-0.775,-1.3425,0.9));
#3693 = VECTOR('',#3694,1.);
#3694 = DIRECTION('',(-1.110223024625E-16,1.,0.));
#3695 = ORIENTED_EDGE('',*,*,#3696,.T.);
#3696 = EDGE_CURVE('',#3689,#3697,#3699,.T.);
#3697 = VERTEX_POINT('',#3698);
#3698 = CARTESIAN_POINT('',(-0.775,-0.7,0.9));
#3699 = LINE('',#3700,#3701);
#3700 = CARTESIAN_POINT('',(-0.775,-1.3425,0.9));
#3701 = VECTOR('',#3702,1.);
#3702 = DIRECTION('',(-1.110223024625E-16,1.,0.));
#3703 = ORIENTED_EDGE('',*,*,#3704,.T.);
#3704 = EDGE_CURVE('',#3697,#3705,#3707,.T.);
#3705 = VERTEX_POINT('',#3706);
#3706 = CARTESIAN_POINT('',(-0.775,-0.25,0.9));
#3707 = LINE('',#3708,#3709);
#3708 = CARTESIAN_POINT('',(-0.775,-1.3425,0.9));
#3709 = VECTOR('',#3710,1.);
#3710 = DIRECTION('',(-1.110223024625E-16,1.,0.));
#3711 = ORIENTED_EDGE('',*,*,#3712,.T.);
#3712 = EDGE_CURVE('',#3705,#3713,#3715,.T.);
#3713 = VERTEX_POINT('',#3714);
#3714 = CARTESIAN_POINT('',(-0.775,0.25,0.9));
#3715 = LINE('',#3716,#3717);
#3716 = CARTESIAN_POINT('',(-0.775,-1.3425,0.9));
#3717 = VECTOR('',#3718,1.);
#3718 = DIRECTION('',(-1.110223024625E-16,1.,0.));
#3719 = ORIENTED_EDGE('',*,*,#3720,.T.);
#3720 = EDGE_CURVE('',#3713,#3665,#3721,.T.);
#3721 = LINE('',#3722,#3723);
#3722 = CARTESIAN_POINT('',(-0.775,-1.3425,0.9));
#3723 = VECTOR('',#3724,1.);
#3724 = DIRECTION('',(-1.110223024625E-16,1.,0.));
#3725 = ORIENTED_EDGE('',*,*,#3664,.T.);
#3726 = ORIENTED_EDGE('',*,*,#3190,.T.);
#3727 = ORIENTED_EDGE('',*,*,#3728,.T.);
#3728 = EDGE_CURVE('',#3183,#3729,#3731,.T.);
#3729 = VERTEX_POINT('',#3730);
#3730 = CARTESIAN_POINT('',(-0.683648457443,1.296824228722,1.55));
#3731 = B_SPLINE_CURVE_WITH_KNOTS('',1,(#3732,#3733),.UNSPECIFIED.,.F.,
  .F.,(2,2),(0.,1.),.PIECEWISE_BEZIER_KNOTS.);
#3732 = CARTESIAN_POINT('',(-0.775,1.3425,0.9));
#3733 = CARTESIAN_POINT('',(-0.683648457443,1.296824228722,1.55));
#3734 = ORIENTED_EDGE('',*,*,#3735,.F.);
#3735 = EDGE_CURVE('',#3736,#3729,#3738,.T.);
#3736 = VERTEX_POINT('',#3737);
#3737 = CARTESIAN_POINT('',(-0.683648457443,-1.296824228722,1.55));
#3738 = LINE('',#3739,#3740);
#3739 = CARTESIAN_POINT('',(-0.683648457443,-1.296824228722,1.55));
#3740 = VECTOR('',#3741,1.);
#3741 = DIRECTION('',(-1.110223024625E-16,1.,0.));
#3742 = ORIENTED_EDGE('',*,*,#3743,.F.);
#3743 = EDGE_CURVE('',#3687,#3736,#3744,.T.);
#3744 = B_SPLINE_CURVE_WITH_KNOTS('',1,(#3745,#3746),.UNSPECIFIED.,.F.,
  .F.,(2,2),(0.,1.),.PIECEWISE_BEZIER_KNOTS.);
#3745 = CARTESIAN_POINT('',(-0.775,-1.3425,0.9));
#3746 = CARTESIAN_POINT('',(-0.683648457443,-1.296824228722,1.55));
#3747 = B_SPLINE_SURFACE_WITH_KNOTS('',1,1,(
    (#3748,#3749)
    ,(#3750,#3751
    )),.UNSPECIFIED.,.F.,.F.,.F.,(2,2),(2,2),(0.,2.685),(0.,1.),
  .PIECEWISE_BEZIER_KNOTS.);
#3748 = CARTESIAN_POINT('',(-0.775,-1.3425,0.9));
#3749 = CARTESIAN_POINT('',(-0.683648457443,-1.296824228722,1.55));
#3750 = CARTESIAN_POINT('',(-0.775,1.3425,0.9));
#3751 = CARTESIAN_POINT('',(-0.683648457443,1.296824228722,1.55));
#3752 = ADVANCED_FACE('',(#3753),#3770,.F.);
#3753 = FACE_BOUND('',#3754,.F.);
#3754 = EDGE_LOOP('',(#3755,#3756,#3763,#3769));
#3755 = ORIENTED_EDGE('',*,*,#3182,.T.);
#3756 = ORIENTED_EDGE('',*,*,#3757,.T.);
#3757 = EDGE_CURVE('',#3175,#3758,#3760,.T.);
#3758 = VERTEX_POINT('',#3759);
#3759 = CARTESIAN_POINT('',(-0.646824228722,1.333648457443,1.55));
#3760 = B_SPLINE_CURVE_WITH_KNOTS('',1,(#3761,#3762),.UNSPECIFIED.,.F.,
  .F.,(2,2),(0.,1.),.PIECEWISE_BEZIER_KNOTS.);
#3761 = CARTESIAN_POINT('',(-0.6925,1.425,0.9));
#3762 = CARTESIAN_POINT('',(-0.646824228722,1.333648457443,1.55));
#3763 = ORIENTED_EDGE('',*,*,#3764,.F.);
#3764 = EDGE_CURVE('',#3729,#3758,#3765,.T.);
#3765 = LINE('',#3766,#3767);
#3766 = CARTESIAN_POINT('',(-0.683648457443,1.296824228722,1.55));
#3767 = VECTOR('',#3768,1.);
#3768 = DIRECTION('',(0.707106781187,0.707106781187,0.));
#3769 = ORIENTED_EDGE('',*,*,#3728,.F.);
#3770 = B_SPLINE_SURFACE_WITH_KNOTS('',1,1,(
    (#3771,#3772)
    ,(#3773,#3774
    )),.UNSPECIFIED.,.F.,.F.,.F.,(2,2),(2,2),(0.,0.116672618896),(0.,1.)
  ,.PIECEWISE_BEZIER_KNOTS.);
#3771 = CARTESIAN_POINT('',(-0.775,1.3425,0.9));
#3772 = CARTESIAN_POINT('',(-0.683648457443,1.296824228722,1.55));
#3773 = CARTESIAN_POINT('',(-0.6925,1.425,0.9));
#3774 = CARTESIAN_POINT('',(-0.646824228722,1.333648457443,1.55));
#3775 = ADVANCED_FACE('',(#3776),#3793,.F.);
#3776 = FACE_BOUND('',#3777,.F.);
#3777 = EDGE_LOOP('',(#3778,#3779,#3786,#3792));
#3778 = ORIENTED_EDGE('',*,*,#3174,.T.);
#3779 = ORIENTED_EDGE('',*,*,#3780,.T.);
#3780 = EDGE_CURVE('',#3167,#3781,#3783,.T.);
#3781 = VERTEX_POINT('',#3782);
#3782 = CARTESIAN_POINT('',(0.646824228722,1.333648457443,1.55));
#3783 = B_SPLINE_CURVE_WITH_KNOTS('',1,(#3784,#3785),.UNSPECIFIED.,.F.,
  .F.,(2,2),(0.,1.),.PIECEWISE_BEZIER_KNOTS.);
#3784 = CARTESIAN_POINT('',(0.6925,1.425,0.9));
#3785 = CARTESIAN_POINT('',(0.646824228722,1.333648457443,1.55));
#3786 = ORIENTED_EDGE('',*,*,#3787,.F.);
#3787 = EDGE_CURVE('',#3758,#3781,#3788,.T.);
#3788 = LINE('',#3789,#3790);
#3789 = CARTESIAN_POINT('',(-0.646824228722,1.333648457443,1.55));
#3790 = VECTOR('',#3791,1.);
#3791 = DIRECTION('',(1.,1.110223024625E-16,0.));
#3792 = ORIENTED_EDGE('',*,*,#3757,.F.);
#3793 = B_SPLINE_SURFACE_WITH_KNOTS('',1,1,(
    (#3794,#3795)
    ,(#3796,#3797
    )),.UNSPECIFIED.,.F.,.F.,.F.,(2,2),(2,2),(0.,1.385),(0.,1.),
  .PIECEWISE_BEZIER_KNOTS.);
#3794 = CARTESIAN_POINT('',(-0.6925,1.425,0.9));
#3795 = CARTESIAN_POINT('',(-0.646824228722,1.333648457443,1.55));
#3796 = CARTESIAN_POINT('',(0.6925,1.425,0.9));
#3797 = CARTESIAN_POINT('',(0.646824228722,1.333648457443,1.55));
#3798 = ADVANCED_FACE('',(#3799),#3816,.F.);
#3799 = FACE_BOUND('',#3800,.F.);
#3800 = EDGE_LOOP('',(#3801,#3802,#3809,#3815));
#3801 = ORIENTED_EDGE('',*,*,#3166,.T.);
#3802 = ORIENTED_EDGE('',*,*,#3803,.T.);
#3803 = EDGE_CURVE('',#3159,#3804,#3806,.T.);
#3804 = VERTEX_POINT('',#3805);
#3805 = CARTESIAN_POINT('',(0.683648457443,1.296824228722,1.55));
#3806 = B_SPLINE_CURVE_WITH_KNOTS('',1,(#3807,#3808),.UNSPECIFIED.,.F.,
  .F.,(2,2),(0.,1.),.PIECEWISE_BEZIER_KNOTS.);
#3807 = CARTESIAN_POINT('',(0.775,1.3425,0.9));
#3808 = CARTESIAN_POINT('',(0.683648457443,1.296824228722,1.55));
#3809 = ORIENTED_EDGE('',*,*,#3810,.F.);
#3810 = EDGE_CURVE('',#3781,#3804,#3811,.T.);
#3811 = LINE('',#3812,#3813);
#3812 = CARTESIAN_POINT('',(0.646824228722,1.333648457443,1.55));
#3813 = VECTOR('',#3814,1.);
#3814 = DIRECTION('',(0.707106781187,-0.707106781187,0.));
#3815 = ORIENTED_EDGE('',*,*,#3780,.F.);
#3816 = B_SPLINE_SURFACE_WITH_KNOTS('',1,1,(
    (#3817,#3818)
    ,(#3819,#3820
    )),.UNSPECIFIED.,.F.,.F.,.F.,(2,2),(2,2),(0.,0.116672618896),(0.,1.)
  ,.PIECEWISE_BEZIER_KNOTS.);
#3817 = CARTESIAN_POINT('',(0.6925,1.425,0.9));
#3818 = CARTESIAN_POINT('',(0.646824228722,1.333648457443,1.55));
#3819 = CARTESIAN_POINT('',(0.775,1.3425,0.9));
#3820 = CARTESIAN_POINT('',(0.683648457443,1.296824228722,1.55));
#3821 = ADVANCED_FACE('',(#3822),#3871,.F.);
#3822 = FACE_BOUND('',#3823,.F.);
#3823 = EDGE_LOOP('',(#3824,#3825,#3833,#3841,#3849,#3857,#3864,#3870));
#3824 = ORIENTED_EDGE('',*,*,#3158,.T.);
#3825 = ORIENTED_EDGE('',*,*,#3826,.T.);
#3826 = EDGE_CURVE('',#3151,#3827,#3829,.T.);
#3827 = VERTEX_POINT('',#3828);
#3828 = CARTESIAN_POINT('',(0.775,0.7,0.9));
#3829 = LINE('',#3830,#3831);
#3830 = CARTESIAN_POINT('',(0.775,1.3425,0.9));
#3831 = VECTOR('',#3832,1.);
#3832 = DIRECTION('',(1.110223024625E-16,-1.,0.));
#3833 = ORIENTED_EDGE('',*,*,#3834,.T.);
#3834 = EDGE_CURVE('',#3827,#3835,#3837,.T.);
#3835 = VERTEX_POINT('',#3836);
#3836 = CARTESIAN_POINT('',(0.775,-0.7,0.9));
#3837 = LINE('',#3838,#3839);
#3838 = CARTESIAN_POINT('',(0.775,1.3425,0.9));
#3839 = VECTOR('',#3840,1.);
#3840 = DIRECTION('',(1.110223024625E-16,-1.,0.));
#3841 = ORIENTED_EDGE('',*,*,#3842,.T.);
#3842 = EDGE_CURVE('',#3835,#3843,#3845,.T.);
#3843 = VERTEX_POINT('',#3844);
#3844 = CARTESIAN_POINT('',(0.775,-1.2,0.9));
#3845 = LINE('',#3846,#3847);
#3846 = CARTESIAN_POINT('',(0.775,1.3425,0.9));
#3847 = VECTOR('',#3848,1.);
#3848 = DIRECTION('',(1.110223024625E-16,-1.,0.));
#3849 = ORIENTED_EDGE('',*,*,#3850,.T.);
#3850 = EDGE_CURVE('',#3843,#3851,#3853,.T.);
#3851 = VERTEX_POINT('',#3852);
#3852 = CARTESIAN_POINT('',(0.775,-1.3425,0.9));
#3853 = LINE('',#3854,#3855);
#3854 = CARTESIAN_POINT('',(0.775,1.3425,0.9));
#3855 = VECTOR('',#3856,1.);
#3856 = DIRECTION('',(1.110223024625E-16,-1.,0.));
#3857 = ORIENTED_EDGE('',*,*,#3858,.T.);
#3858 = EDGE_CURVE('',#3851,#3859,#3861,.T.);
#3859 = VERTEX_POINT('',#3860);
#3860 = CARTESIAN_POINT('',(0.683648457443,-1.296824228722,1.55));
#3861 = B_SPLINE_CURVE_WITH_KNOTS('',1,(#3862,#3863),.UNSPECIFIED.,.F.,
  .F.,(2,2),(0.,1.),.PIECEWISE_BEZIER_KNOTS.);
#3862 = CARTESIAN_POINT('',(0.775,-1.3425,0.9));
#3863 = CARTESIAN_POINT('',(0.683648457443,-1.296824228722,1.55));
#3864 = ORIENTED_EDGE('',*,*,#3865,.F.);
#3865 = EDGE_CURVE('',#3804,#3859,#3866,.T.);
#3866 = LINE('',#3867,#3868);
#3867 = CARTESIAN_POINT('',(0.683648457443,1.296824228722,1.55));
#3868 = VECTOR('',#3869,1.);
#3869 = DIRECTION('',(1.110223024625E-16,-1.,0.));
#3870 = ORIENTED_EDGE('',*,*,#3803,.F.);
#3871 = B_SPLINE_SURFACE_WITH_KNOTS('',1,1,(
    (#3872,#3873)
    ,(#3874,#3875
    )),.UNSPECIFIED.,.F.,.F.,.F.,(2,2),(2,2),(0.,2.685),(0.,1.),
  .PIECEWISE_BEZIER_KNOTS.);
#3872 = CARTESIAN_POINT('',(0.775,1.3425,0.9));
#3873 = CARTESIAN_POINT('',(0.683648457443,1.296824228722,1.55));
#3874 = CARTESIAN_POINT('',(0.775,-1.3425,0.9));
#3875 = CARTESIAN_POINT('',(0.683648457443,-1.296824228722,1.55));
#3876 = ADVANCED_FACE('',(#3877),#3909,.F.);
#3877 = FACE_BOUND('',#3878,.F.);
#3878 = EDGE_LOOP('',(#3879,#3887,#3895,#3901,#3907,#3908));
#3879 = ORIENTED_EDGE('',*,*,#3880,.F.);
#3880 = EDGE_CURVE('',#3881,#3143,#3883,.T.);
#3881 = VERTEX_POINT('',#3882);
#3882 = CARTESIAN_POINT('',(0.85,1.2,0.9));
#3883 = LINE('',#3884,#3885);
#3884 = CARTESIAN_POINT('',(0.85,1.2,0.9));
#3885 = VECTOR('',#3886,1.);
#3886 = DIRECTION('',(-1.,-1.110223024625E-16,0.));
#3887 = ORIENTED_EDGE('',*,*,#3888,.T.);
#3888 = EDGE_CURVE('',#3881,#3889,#3891,.T.);
#3889 = VERTEX_POINT('',#3890);
#3890 = CARTESIAN_POINT('',(0.85,0.7,0.9));
#3891 = LINE('',#3892,#3893);
#3892 = CARTESIAN_POINT('',(0.85,1.2,0.9));
#3893 = VECTOR('',#3894,1.);
#3894 = DIRECTION('',(1.110223024625E-16,-1.,0.));
#3895 = ORIENTED_EDGE('',*,*,#3896,.T.);
#3896 = EDGE_CURVE('',#3889,#3487,#3897,.T.);
#3897 = LINE('',#3898,#3899);
#3898 = CARTESIAN_POINT('',(0.85,0.7,0.9));
#3899 = VECTOR('',#3900,1.);
#3900 = DIRECTION('',(-1.,-1.110223024625E-16,0.));
#3901 = ORIENTED_EDGE('',*,*,#3902,.T.);
#3902 = EDGE_CURVE('',#3487,#3827,#3903,.T.);
#3903 = LINE('',#3904,#3905);
#3904 = CARTESIAN_POINT('',(0.85,0.7,0.9));
#3905 = VECTOR('',#3906,1.);
#3906 = DIRECTION('',(-1.,-1.110223024625E-16,0.));
#3907 = ORIENTED_EDGE('',*,*,#3826,.F.);
#3908 = ORIENTED_EDGE('',*,*,#3150,.F.);
#3909 = PLANE('',#3910);
#3910 = AXIS2_PLACEMENT_3D('',#3911,#3912,#3913);
#3911 = CARTESIAN_POINT('',(0.85,1.2,0.9));
#3912 = DIRECTION('',(0.,0.,-1.));
#3913 = DIRECTION('',(-1.,-1.110223024625E-16,-0.));
#3914 = ADVANCED_FACE('',(#3915),#3958,.F.);
#3915 = FACE_BOUND('',#3916,.F.);
#3916 = EDGE_LOOP('',(#3917,#3923,#3924,#3925,#3926,#3927,#3928,#3934,
    #3935,#3943,#3951,#3957));
#3917 = ORIENTED_EDGE('',*,*,#3918,.F.);
#3918 = EDGE_CURVE('',#3549,#3843,#3919,.T.);
#3919 = LINE('',#3920,#3921);
#3920 = CARTESIAN_POINT('',(0.85,-1.2,0.9));
#3921 = VECTOR('',#3922,1.);
#3922 = DIRECTION('',(-1.,-1.110223024625E-16,0.));
#3923 = ORIENTED_EDGE('',*,*,#3564,.T.);
#3924 = ORIENTED_EDGE('',*,*,#3609,.T.);
#3925 = ORIENTED_EDGE('',*,*,#3626,.T.);
#3926 = ORIENTED_EDGE('',*,*,#3580,.T.);
#3927 = ORIENTED_EDGE('',*,*,#3252,.T.);
#3928 = ORIENTED_EDGE('',*,*,#3929,.T.);
#3929 = EDGE_CURVE('',#3245,#3689,#3930,.T.);
#3930 = LINE('',#3931,#3932);
#3931 = CARTESIAN_POINT('',(-0.85,-1.2,0.9));
#3932 = VECTOR('',#3933,1.);
#3933 = DIRECTION('',(1.,-1.144237745222E-17,0.));
#3934 = ORIENTED_EDGE('',*,*,#3686,.F.);
#3935 = ORIENTED_EDGE('',*,*,#3936,.F.);
#3936 = EDGE_CURVE('',#3937,#3687,#3939,.T.);
#3937 = VERTEX_POINT('',#3938);
#3938 = CARTESIAN_POINT('',(-0.6925,-1.425,0.9));
#3939 = LINE('',#3940,#3941);
#3940 = CARTESIAN_POINT('',(-0.6925,-1.425,0.9));
#3941 = VECTOR('',#3942,1.);
#3942 = DIRECTION('',(-0.707106781187,0.707106781187,0.));
#3943 = ORIENTED_EDGE('',*,*,#3944,.F.);
#3944 = EDGE_CURVE('',#3945,#3937,#3947,.T.);
#3945 = VERTEX_POINT('',#3946);
#3946 = CARTESIAN_POINT('',(0.6925,-1.425,0.9));
#3947 = LINE('',#3948,#3949);
#3948 = CARTESIAN_POINT('',(0.6925,-1.425,0.9));
#3949 = VECTOR('',#3950,1.);
#3950 = DIRECTION('',(-1.,-1.110223024625E-16,0.));
#3951 = ORIENTED_EDGE('',*,*,#3952,.F.);
#3952 = EDGE_CURVE('',#3851,#3945,#3953,.T.);
#3953 = LINE('',#3954,#3955);
#3954 = CARTESIAN_POINT('',(0.775,-1.3425,0.9));
#3955 = VECTOR('',#3956,1.);
#3956 = DIRECTION('',(-0.707106781187,-0.707106781187,0.));
#3957 = ORIENTED_EDGE('',*,*,#3850,.F.);
#3958 = PLANE('',#3959);
#3959 = AXIS2_PLACEMENT_3D('',#3960,#3961,#3962);
#3960 = CARTESIAN_POINT('',(-2.091417030376E-16,1.4375,0.9));
#3961 = DIRECTION('',(4.595758349624E-18,6.551522493592E-27,-1.));
#3962 = DIRECTION('',(1.,1.51922136901E-16,4.595758349624E-18));
#3963 = ADVANCED_FACE('',(#3964),#4050,.F.);
#3964 = FACE_BOUND('',#3965,.F.);
#3965 = EDGE_LOOP('',(#3966,#3967,#3968,#3977,#3985,#3994,#4002,#4010,
    #4018,#4027,#4035,#4044));
#3966 = ORIENTED_EDGE('',*,*,#3244,.F.);
#3967 = ORIENTED_EDGE('',*,*,#3266,.T.);
#3968 = ORIENTED_EDGE('',*,*,#3969,.T.);
#3969 = EDGE_CURVE('',#3267,#3970,#3972,.T.);
#3970 = VERTEX_POINT('',#3971);
#3971 = CARTESIAN_POINT('',(-0.948480775301,-1.2,0.667364817767));
#3972 = CIRCLE('',#3973,0.1);
#3973 = AXIS2_PLACEMENT_3D('',#3974,#3975,#3976);
#3974 = CARTESIAN_POINT('',(-0.85,-1.2,0.65));
#3975 = DIRECTION('',(-1.144237745222E-17,-1.,0.));
#3976 = DIRECTION('',(0.,0.,1.));
#3977 = ORIENTED_EDGE('',*,*,#3978,.T.);
#3978 = EDGE_CURVE('',#3970,#3979,#3981,.T.);
#3979 = VERTEX_POINT('',#3980);
#3980 = CARTESIAN_POINT('',(-1.02432885403,-1.2,0.206587955583));
#3981 = LINE('',#3982,#3983);
#3982 = CARTESIAN_POINT('',(-0.948480775301,-1.2,0.667364817767));
#3983 = VECTOR('',#3984,1.);
#3984 = DIRECTION('',(-0.162423314012,1.858508865964E-18,-0.986721169868
    ));
#3985 = ORIENTED_EDGE('',*,*,#3986,.T.);
#3986 = EDGE_CURVE('',#3979,#3987,#3989,.T.);
#3987 = VERTEX_POINT('',#3988);
#3988 = CARTESIAN_POINT('',(-1.270530792283,-1.2,0.));
#3989 = CIRCLE('',#3990,0.25);
#3990 = AXIS2_PLACEMENT_3D('',#3991,#3992,#3993);
#3991 = CARTESIAN_POINT('',(-1.270530792283,-1.2,0.25));
#3992 = DIRECTION('',(1.144237745222E-17,1.,1.155557966632E-33));
#3993 = DIRECTION('',(0.984807753012,-1.126854202784E-17,-0.173648177667
    ));
#3994 = ORIENTED_EDGE('',*,*,#3995,.T.);
#3995 = EDGE_CURVE('',#3987,#3996,#3998,.T.);
#3996 = VERTEX_POINT('',#3997);
#3997 = CARTESIAN_POINT('',(-1.4,-1.2,0.));
#3998 = LINE('',#3999,#4000);
#3999 = CARTESIAN_POINT('',(-1.270530792283,-1.2,0.));
#4000 = VECTOR('',#4001,1.);
#4001 = DIRECTION('',(-1.,1.144237745222E-17,0.));
#4002 = ORIENTED_EDGE('',*,*,#4003,.T.);
#4003 = EDGE_CURVE('',#3996,#4004,#4006,.T.);
#4004 = VERTEX_POINT('',#4005);
#4005 = CARTESIAN_POINT('',(-1.4,-1.2,0.15));
#4006 = LINE('',#4007,#4008);
#4007 = CARTESIAN_POINT('',(-1.4,-1.2,0.));
#4008 = VECTOR('',#4009,1.);
#4009 = DIRECTION('',(0.,0.,1.));
#4010 = ORIENTED_EDGE('',*,*,#4011,.T.);
#4011 = EDGE_CURVE('',#4004,#4012,#4014,.T.);
#4012 = VERTEX_POINT('',#4013);
#4013 = CARTESIAN_POINT('',(-1.270530792283,-1.2,0.15));
#4014 = LINE('',#4015,#4016);
#4015 = CARTESIAN_POINT('',(-1.4,-1.2,0.15));
#4016 = VECTOR('',#4017,1.);
#4017 = DIRECTION('',(1.,-1.144237745222E-17,0.));
#4018 = ORIENTED_EDGE('',*,*,#4019,.T.);
#4019 = EDGE_CURVE('',#4012,#4020,#4022,.T.);
#4020 = VERTEX_POINT('',#4021);
#4021 = CARTESIAN_POINT('',(-1.172050016982,-1.2,0.232635182233));
#4022 = CIRCLE('',#4023,0.1);
#4023 = AXIS2_PLACEMENT_3D('',#4024,#4025,#4026);
#4024 = CARTESIAN_POINT('',(-1.270530792283,-1.2,0.25));
#4025 = DIRECTION('',(-1.144237745222E-17,-1.,0.));
#4026 = DIRECTION('',(-2.22044604925E-15,2.540718180781E-32,-1.));
#4027 = ORIENTED_EDGE('',*,*,#4028,.T.);
#4028 = EDGE_CURVE('',#4020,#4029,#4031,.T.);
#4029 = VERTEX_POINT('',#4030);
#4030 = CARTESIAN_POINT('',(-1.096201938253,-1.2,0.693412044417));
#4031 = LINE('',#4032,#4033);
#4032 = CARTESIAN_POINT('',(-1.172050016982,-1.2,0.232635182233));
#4033 = VECTOR('',#4034,1.);
#4034 = DIRECTION('',(0.162423314012,-1.858508865964E-18,0.986721169868)
  );
#4035 = ORIENTED_EDGE('',*,*,#4036,.T.);
#4036 = EDGE_CURVE('',#4029,#4037,#4039,.T.);
#4037 = VERTEX_POINT('',#4038);
#4038 = CARTESIAN_POINT('',(-0.85,-1.2,0.9));
#4039 = CIRCLE('',#4040,0.25);
#4040 = AXIS2_PLACEMENT_3D('',#4041,#4042,#4043);
#4041 = CARTESIAN_POINT('',(-0.85,-1.2,0.65));
#4042 = DIRECTION('',(1.144237745222E-17,1.,7.703719777549E-34));
#4043 = DIRECTION('',(-0.984807753012,1.126854202784E-17,0.173648177667)
  );
#4044 = ORIENTED_EDGE('',*,*,#4045,.T.);
#4045 = EDGE_CURVE('',#4037,#3245,#4046,.T.);
#4046 = LINE('',#4047,#4048);
#4047 = CARTESIAN_POINT('',(-0.85,-1.2,0.9));
#4048 = VECTOR('',#4049,1.);
#4049 = DIRECTION('',(1.,-1.144237745222E-17,0.));
#4050 = PLANE('',#4051);
#4051 = AXIS2_PLACEMENT_3D('',#4052,#4053,#4054);
#4052 = CARTESIAN_POINT('',(-1.069123385139,-1.2,0.441695635315));
#4053 = DIRECTION('',(1.144237745222E-17,1.,0.));
#4054 = DIRECTION('',(0.,-0.,1.));
#4055 = ADVANCED_FACE('',(#4056),#4075,.F.);
#4056 = FACE_BOUND('',#4057,.F.);
#4057 = EDGE_LOOP('',(#4058,#4059,#4068,#4074));
#4058 = ORIENTED_EDGE('',*,*,#3283,.T.);
#4059 = ORIENTED_EDGE('',*,*,#4060,.T.);
#4060 = EDGE_CURVE('',#3276,#4061,#4063,.T.);
#4061 = VERTEX_POINT('',#4062);
#4062 = CARTESIAN_POINT('',(-0.948480775301,-0.7,0.667364817767));
#4063 = CIRCLE('',#4064,0.1);
#4064 = AXIS2_PLACEMENT_3D('',#4065,#4066,#4067);
#4065 = CARTESIAN_POINT('',(-0.85,-0.7,0.65));
#4066 = DIRECTION('',(-1.144237745222E-17,-1.,0.));
#4067 = DIRECTION('',(0.,0.,1.));
#4068 = ORIENTED_EDGE('',*,*,#4069,.F.);
#4069 = EDGE_CURVE('',#3970,#4061,#4070,.T.);
#4070 = LINE('',#4071,#4072);
#4071 = CARTESIAN_POINT('',(-0.948480775301,-1.2,0.667364817767));
#4072 = VECTOR('',#4073,1.);
#4073 = DIRECTION('',(1.144237745222E-17,1.,0.));
#4074 = ORIENTED_EDGE('',*,*,#3969,.F.);
#4075 = CYLINDRICAL_SURFACE('',#4076,0.1);
#4076 = AXIS2_PLACEMENT_3D('',#4077,#4078,#4079);
#4077 = CARTESIAN_POINT('',(-0.85,-1.2,0.65));
#4078 = DIRECTION('',(-1.144237745222E-17,-1.,0.));
#4079 = DIRECTION('',(0.,0.,1.));
#4080 = ADVANCED_FACE('',(#4081),#4159,.T.);
#4081 = FACE_BOUND('',#4082,.T.);
#4082 = EDGE_LOOP('',(#4083,#4084,#4085,#4086,#4094,#4103,#4111,#4119,
    #4127,#4136,#4144,#4153));
#4083 = ORIENTED_EDGE('',*,*,#3297,.F.);
#4084 = ORIENTED_EDGE('',*,*,#3275,.T.);
#4085 = ORIENTED_EDGE('',*,*,#4060,.T.);
#4086 = ORIENTED_EDGE('',*,*,#4087,.T.);
#4087 = EDGE_CURVE('',#4061,#4088,#4090,.T.);
#4088 = VERTEX_POINT('',#4089);
#4089 = CARTESIAN_POINT('',(-1.02432885403,-0.7,0.206587955583));
#4090 = LINE('',#4091,#4092);
#4091 = CARTESIAN_POINT('',(-0.948480775301,-0.7,0.667364817767));
#4092 = VECTOR('',#4093,1.);
#4093 = DIRECTION('',(-0.162423314012,1.858508865964E-18,-0.986721169868
    ));
#4094 = ORIENTED_EDGE('',*,*,#4095,.T.);
#4095 = EDGE_CURVE('',#4088,#4096,#4098,.T.);
#4096 = VERTEX_POINT('',#4097);
#4097 = CARTESIAN_POINT('',(-1.270530792283,-0.7,0.));
#4098 = CIRCLE('',#4099,0.25);
#4099 = AXIS2_PLACEMENT_3D('',#4100,#4101,#4102);
#4100 = CARTESIAN_POINT('',(-1.270530792283,-0.7,0.25));
#4101 = DIRECTION('',(1.144237745222E-17,1.,1.155557966632E-33));
#4102 = DIRECTION('',(0.984807753012,-1.126854202784E-17,-0.173648177667
    ));
#4103 = ORIENTED_EDGE('',*,*,#4104,.T.);
#4104 = EDGE_CURVE('',#4096,#4105,#4107,.T.);
#4105 = VERTEX_POINT('',#4106);
#4106 = CARTESIAN_POINT('',(-1.4,-0.7,0.));
#4107 = LINE('',#4108,#4109);
#4108 = CARTESIAN_POINT('',(-1.270530792283,-0.7,0.));
#4109 = VECTOR('',#4110,1.);
#4110 = DIRECTION('',(-1.,1.144237745222E-17,0.));
#4111 = ORIENTED_EDGE('',*,*,#4112,.T.);
#4112 = EDGE_CURVE('',#4105,#4113,#4115,.T.);
#4113 = VERTEX_POINT('',#4114);
#4114 = CARTESIAN_POINT('',(-1.4,-0.7,0.15));
#4115 = LINE('',#4116,#4117);
#4116 = CARTESIAN_POINT('',(-1.4,-0.7,0.));
#4117 = VECTOR('',#4118,1.);
#4118 = DIRECTION('',(0.,0.,1.));
#4119 = ORIENTED_EDGE('',*,*,#4120,.T.);
#4120 = EDGE_CURVE('',#4113,#4121,#4123,.T.);
#4121 = VERTEX_POINT('',#4122);
#4122 = CARTESIAN_POINT('',(-1.270530792283,-0.7,0.15));
#4123 = LINE('',#4124,#4125);
#4124 = CARTESIAN_POINT('',(-1.4,-0.7,0.15));
#4125 = VECTOR('',#4126,1.);
#4126 = DIRECTION('',(1.,-1.144237745222E-17,0.));
#4127 = ORIENTED_EDGE('',*,*,#4128,.T.);
#4128 = EDGE_CURVE('',#4121,#4129,#4131,.T.);
#4129 = VERTEX_POINT('',#4130);
#4130 = CARTESIAN_POINT('',(-1.172050016982,-0.7,0.232635182233));
#4131 = CIRCLE('',#4132,0.1);
#4132 = AXIS2_PLACEMENT_3D('',#4133,#4134,#4135);
#4133 = CARTESIAN_POINT('',(-1.270530792283,-0.7,0.25));
#4134 = DIRECTION('',(-1.144237745222E-17,-1.,0.));
#4135 = DIRECTION('',(-2.22044604925E-15,2.540718180781E-32,-1.));
#4136 = ORIENTED_EDGE('',*,*,#4137,.T.);
#4137 = EDGE_CURVE('',#4129,#4138,#4140,.T.);
#4138 = VERTEX_POINT('',#4139);
#4139 = CARTESIAN_POINT('',(-1.096201938253,-0.7,0.693412044417));
#4140 = LINE('',#4141,#4142);
#4141 = CARTESIAN_POINT('',(-1.172050016982,-0.7,0.232635182233));
#4142 = VECTOR('',#4143,1.);
#4143 = DIRECTION('',(0.162423314012,-1.858508865964E-18,0.986721169868)
  );
#4144 = ORIENTED_EDGE('',*,*,#4145,.T.);
#4145 = EDGE_CURVE('',#4138,#4146,#4148,.T.);
#4146 = VERTEX_POINT('',#4147);
#4147 = CARTESIAN_POINT('',(-0.85,-0.7,0.9));
#4148 = CIRCLE('',#4149,0.25);
#4149 = AXIS2_PLACEMENT_3D('',#4150,#4151,#4152);
#4150 = CARTESIAN_POINT('',(-0.85,-0.7,0.65));
#4151 = DIRECTION('',(1.144237745222E-17,1.,7.703719777549E-34));
#4152 = DIRECTION('',(-0.984807753012,1.126854202784E-17,0.173648177667)
  );
#4153 = ORIENTED_EDGE('',*,*,#4154,.T.);
#4154 = EDGE_CURVE('',#4146,#3298,#4155,.T.);
#4155 = LINE('',#4156,#4157);
#4156 = CARTESIAN_POINT('',(-0.85,-0.7,0.9));
#4157 = VECTOR('',#4158,1.);
#4158 = DIRECTION('',(1.,-1.144237745222E-17,0.));
#4159 = PLANE('',#4160);
#4160 = AXIS2_PLACEMENT_3D('',#4161,#4162,#4163);
#4161 = CARTESIAN_POINT('',(-1.069123385139,-0.7,0.441695635315));
#4162 = DIRECTION('',(1.144237745222E-17,1.,0.));
#4163 = DIRECTION('',(0.,-0.,1.));
#4164 = ADVANCED_FACE('',(#4165),#4181,.F.);
#4165 = FACE_BOUND('',#4166,.F.);
#4166 = EDGE_LOOP('',(#4167,#4168,#4174,#4175));
#4167 = ORIENTED_EDGE('',*,*,#3314,.T.);
#4168 = ORIENTED_EDGE('',*,*,#4169,.T.);
#4169 = EDGE_CURVE('',#3307,#3705,#4170,.T.);
#4170 = LINE('',#4171,#4172);
#4171 = CARTESIAN_POINT('',(-0.85,-0.25,0.9));
#4172 = VECTOR('',#4173,1.);
#4173 = DIRECTION('',(1.,-1.144237745222E-17,0.));
#4174 = ORIENTED_EDGE('',*,*,#3704,.F.);
#4175 = ORIENTED_EDGE('',*,*,#4176,.F.);
#4176 = EDGE_CURVE('',#3298,#3697,#4177,.T.);
#4177 = LINE('',#4178,#4179);
#4178 = CARTESIAN_POINT('',(-0.85,-0.7,0.9));
#4179 = VECTOR('',#4180,1.);
#4180 = DIRECTION('',(1.,-1.144237745222E-17,0.));
#4181 = PLANE('',#4182);
#4182 = AXIS2_PLACEMENT_3D('',#4183,#4184,#4185);
#4183 = CARTESIAN_POINT('',(-2.091417030376E-16,1.4375,0.9));
#4184 = DIRECTION('',(4.595758349624E-18,6.551522493592E-27,-1.));
#4185 = DIRECTION('',(1.,1.51922136901E-16,4.595758349624E-18));
#4186 = ADVANCED_FACE('',(#4187),#4273,.F.);
#4187 = FACE_BOUND('',#4188,.F.);
#4188 = EDGE_LOOP('',(#4189,#4190,#4191,#4200,#4208,#4217,#4225,#4233,
    #4241,#4250,#4258,#4267));
#4189 = ORIENTED_EDGE('',*,*,#3306,.F.);
#4190 = ORIENTED_EDGE('',*,*,#3328,.T.);
#4191 = ORIENTED_EDGE('',*,*,#4192,.T.);
#4192 = EDGE_CURVE('',#3329,#4193,#4195,.T.);
#4193 = VERTEX_POINT('',#4194);
#4194 = CARTESIAN_POINT('',(-0.948480775301,-0.25,0.667364817767));
#4195 = CIRCLE('',#4196,0.1);
#4196 = AXIS2_PLACEMENT_3D('',#4197,#4198,#4199);
#4197 = CARTESIAN_POINT('',(-0.85,-0.25,0.65));
#4198 = DIRECTION('',(-1.144237745222E-17,-1.,0.));
#4199 = DIRECTION('',(0.,0.,1.));
#4200 = ORIENTED_EDGE('',*,*,#4201,.T.);
#4201 = EDGE_CURVE('',#4193,#4202,#4204,.T.);
#4202 = VERTEX_POINT('',#4203);
#4203 = CARTESIAN_POINT('',(-1.02432885403,-0.25,0.206587955583));
#4204 = LINE('',#4205,#4206);
#4205 = CARTESIAN_POINT('',(-0.948480775301,-0.25,0.667364817767));
#4206 = VECTOR('',#4207,1.);
#4207 = DIRECTION('',(-0.162423314012,1.858508865964E-18,-0.986721169868
    ));
#4208 = ORIENTED_EDGE('',*,*,#4209,.T.);
#4209 = EDGE_CURVE('',#4202,#4210,#4212,.T.);
#4210 = VERTEX_POINT('',#4211);
#4211 = CARTESIAN_POINT('',(-1.270530792283,-0.25,0.));
#4212 = CIRCLE('',#4213,0.25);
#4213 = AXIS2_PLACEMENT_3D('',#4214,#4215,#4216);
#4214 = CARTESIAN_POINT('',(-1.270530792283,-0.25,0.25));
#4215 = DIRECTION('',(1.144237745222E-17,1.,1.155557966632E-33));
#4216 = DIRECTION('',(0.984807753012,-1.126854202784E-17,-0.173648177667
    ));
#4217 = ORIENTED_EDGE('',*,*,#4218,.T.);
#4218 = EDGE_CURVE('',#4210,#4219,#4221,.T.);
#4219 = VERTEX_POINT('',#4220);
#4220 = CARTESIAN_POINT('',(-1.4,-0.25,0.));
#4221 = LINE('',#4222,#4223);
#4222 = CARTESIAN_POINT('',(-1.270530792283,-0.25,0.));
#4223 = VECTOR('',#4224,1.);
#4224 = DIRECTION('',(-1.,1.144237745222E-17,0.));
#4225 = ORIENTED_EDGE('',*,*,#4226,.T.);
#4226 = EDGE_CURVE('',#4219,#4227,#4229,.T.);
#4227 = VERTEX_POINT('',#4228);
#4228 = CARTESIAN_POINT('',(-1.4,-0.25,0.15));
#4229 = LINE('',#4230,#4231);
#4230 = CARTESIAN_POINT('',(-1.4,-0.25,0.));
#4231 = VECTOR('',#4232,1.);
#4232 = DIRECTION('',(0.,0.,1.));
#4233 = ORIENTED_EDGE('',*,*,#4234,.T.);
#4234 = EDGE_CURVE('',#4227,#4235,#4237,.T.);
#4235 = VERTEX_POINT('',#4236);
#4236 = CARTESIAN_POINT('',(-1.270530792283,-0.25,0.15));
#4237 = LINE('',#4238,#4239);
#4238 = CARTESIAN_POINT('',(-1.4,-0.25,0.15));
#4239 = VECTOR('',#4240,1.);
#4240 = DIRECTION('',(1.,-1.144237745222E-17,0.));
#4241 = ORIENTED_EDGE('',*,*,#4242,.T.);
#4242 = EDGE_CURVE('',#4235,#4243,#4245,.T.);
#4243 = VERTEX_POINT('',#4244);
#4244 = CARTESIAN_POINT('',(-1.172050016982,-0.25,0.232635182233));
#4245 = CIRCLE('',#4246,0.1);
#4246 = AXIS2_PLACEMENT_3D('',#4247,#4248,#4249);
#4247 = CARTESIAN_POINT('',(-1.270530792283,-0.25,0.25));
#4248 = DIRECTION('',(-1.144237745222E-17,-1.,0.));
#4249 = DIRECTION('',(-2.22044604925E-15,2.540718180781E-32,-1.));
#4250 = ORIENTED_EDGE('',*,*,#4251,.T.);
#4251 = EDGE_CURVE('',#4243,#4252,#4254,.T.);
#4252 = VERTEX_POINT('',#4253);
#4253 = CARTESIAN_POINT('',(-1.096201938253,-0.25,0.693412044417));
#4254 = LINE('',#4255,#4256);
#4255 = CARTESIAN_POINT('',(-1.172050016982,-0.25,0.232635182233));
#4256 = VECTOR('',#4257,1.);
#4257 = DIRECTION('',(0.162423314012,-1.858508865964E-18,0.986721169868)
  );
#4258 = ORIENTED_EDGE('',*,*,#4259,.T.);
#4259 = EDGE_CURVE('',#4252,#4260,#4262,.T.);
#4260 = VERTEX_POINT('',#4261);
#4261 = CARTESIAN_POINT('',(-0.85,-0.25,0.9));
#4262 = CIRCLE('',#4263,0.25);
#4263 = AXIS2_PLACEMENT_3D('',#4264,#4265,#4266);
#4264 = CARTESIAN_POINT('',(-0.85,-0.25,0.65));
#4265 = DIRECTION('',(1.144237745222E-17,1.,7.703719777549E-34));
#4266 = DIRECTION('',(-0.984807753012,1.126854202784E-17,0.173648177667)
  );
#4267 = ORIENTED_EDGE('',*,*,#4268,.T.);
#4268 = EDGE_CURVE('',#4260,#3307,#4269,.T.);
#4269 = LINE('',#4270,#4271);
#4270 = CARTESIAN_POINT('',(-0.85,-0.25,0.9));
#4271 = VECTOR('',#4272,1.);
#4272 = DIRECTION('',(1.,-1.144237745222E-17,0.));
#4273 = PLANE('',#4274);
#4274 = AXIS2_PLACEMENT_3D('',#4275,#4276,#4277);
#4275 = CARTESIAN_POINT('',(-1.069123385139,-0.25,0.441695635315));
#4276 = DIRECTION('',(1.144237745222E-17,1.,0.));
#4277 = DIRECTION('',(0.,-0.,1.));
#4278 = ADVANCED_FACE('',(#4279),#4298,.F.);
#4279 = FACE_BOUND('',#4280,.F.);
#4280 = EDGE_LOOP('',(#4281,#4282,#4291,#4297));
#4281 = ORIENTED_EDGE('',*,*,#3345,.T.);
#4282 = ORIENTED_EDGE('',*,*,#4283,.T.);
#4283 = EDGE_CURVE('',#3338,#4284,#4286,.T.);
#4284 = VERTEX_POINT('',#4285);
#4285 = CARTESIAN_POINT('',(-0.948480775301,0.25,0.667364817767));
#4286 = CIRCLE('',#4287,0.1);
#4287 = AXIS2_PLACEMENT_3D('',#4288,#4289,#4290);
#4288 = CARTESIAN_POINT('',(-0.85,0.25,0.65));
#4289 = DIRECTION('',(-1.144237745222E-17,-1.,0.));
#4290 = DIRECTION('',(0.,0.,1.));
#4291 = ORIENTED_EDGE('',*,*,#4292,.F.);
#4292 = EDGE_CURVE('',#4193,#4284,#4293,.T.);
#4293 = LINE('',#4294,#4295);
#4294 = CARTESIAN_POINT('',(-0.948480775301,-0.25,0.667364817767));
#4295 = VECTOR('',#4296,1.);
#4296 = DIRECTION('',(1.144237745222E-17,1.,0.));
#4297 = ORIENTED_EDGE('',*,*,#4192,.F.);
#4298 = CYLINDRICAL_SURFACE('',#4299,0.1);
#4299 = AXIS2_PLACEMENT_3D('',#4300,#4301,#4302);
#4300 = CARTESIAN_POINT('',(-0.85,-0.25,0.65));
#4301 = DIRECTION('',(-1.144237745222E-17,-1.,0.));
#4302 = DIRECTION('',(0.,0.,1.));
#4303 = ADVANCED_FACE('',(#4304),#4382,.T.);
#4304 = FACE_BOUND('',#4305,.T.);
#4305 = EDGE_LOOP('',(#4306,#4307,#4308,#4309,#4317,#4326,#4334,#4342,
    #4350,#4359,#4367,#4376));
#4306 = ORIENTED_EDGE('',*,*,#3359,.F.);
#4307 = ORIENTED_EDGE('',*,*,#3337,.T.);
#4308 = ORIENTED_EDGE('',*,*,#4283,.T.);
#4309 = ORIENTED_EDGE('',*,*,#4310,.T.);
#4310 = EDGE_CURVE('',#4284,#4311,#4313,.T.);
#4311 = VERTEX_POINT('',#4312);
#4312 = CARTESIAN_POINT('',(-1.02432885403,0.25,0.206587955583));
#4313 = LINE('',#4314,#4315);
#4314 = CARTESIAN_POINT('',(-0.948480775301,0.25,0.667364817767));
#4315 = VECTOR('',#4316,1.);
#4316 = DIRECTION('',(-0.162423314012,1.858508865964E-18,-0.986721169868
    ));
#4317 = ORIENTED_EDGE('',*,*,#4318,.T.);
#4318 = EDGE_CURVE('',#4311,#4319,#4321,.T.);
#4319 = VERTEX_POINT('',#4320);
#4320 = CARTESIAN_POINT('',(-1.270530792283,0.25,0.));
#4321 = CIRCLE('',#4322,0.25);
#4322 = AXIS2_PLACEMENT_3D('',#4323,#4324,#4325);
#4323 = CARTESIAN_POINT('',(-1.270530792283,0.25,0.25));
#4324 = DIRECTION('',(1.144237745222E-17,1.,1.155557966632E-33));
#4325 = DIRECTION('',(0.984807753012,-1.126854202784E-17,-0.173648177667
    ));
#4326 = ORIENTED_EDGE('',*,*,#4327,.T.);
#4327 = EDGE_CURVE('',#4319,#4328,#4330,.T.);
#4328 = VERTEX_POINT('',#4329);
#4329 = CARTESIAN_POINT('',(-1.4,0.25,0.));
#4330 = LINE('',#4331,#4332);
#4331 = CARTESIAN_POINT('',(-1.270530792283,0.25,0.));
#4332 = VECTOR('',#4333,1.);
#4333 = DIRECTION('',(-1.,1.144237745222E-17,0.));
#4334 = ORIENTED_EDGE('',*,*,#4335,.T.);
#4335 = EDGE_CURVE('',#4328,#4336,#4338,.T.);
#4336 = VERTEX_POINT('',#4337);
#4337 = CARTESIAN_POINT('',(-1.4,0.25,0.15));
#4338 = LINE('',#4339,#4340);
#4339 = CARTESIAN_POINT('',(-1.4,0.25,0.));
#4340 = VECTOR('',#4341,1.);
#4341 = DIRECTION('',(0.,0.,1.));
#4342 = ORIENTED_EDGE('',*,*,#4343,.T.);
#4343 = EDGE_CURVE('',#4336,#4344,#4346,.T.);
#4344 = VERTEX_POINT('',#4345);
#4345 = CARTESIAN_POINT('',(-1.270530792283,0.25,0.15));
#4346 = LINE('',#4347,#4348);
#4347 = CARTESIAN_POINT('',(-1.4,0.25,0.15));
#4348 = VECTOR('',#4349,1.);
#4349 = DIRECTION('',(1.,-1.144237745222E-17,0.));
#4350 = ORIENTED_EDGE('',*,*,#4351,.T.);
#4351 = EDGE_CURVE('',#4344,#4352,#4354,.T.);
#4352 = VERTEX_POINT('',#4353);
#4353 = CARTESIAN_POINT('',(-1.172050016982,0.25,0.232635182233));
#4354 = CIRCLE('',#4355,0.1);
#4355 = AXIS2_PLACEMENT_3D('',#4356,#4357,#4358);
#4356 = CARTESIAN_POINT('',(-1.270530792283,0.25,0.25));
#4357 = DIRECTION('',(-1.144237745222E-17,-1.,0.));
#4358 = DIRECTION('',(-2.22044604925E-15,2.540718180781E-32,-1.));
#4359 = ORIENTED_EDGE('',*,*,#4360,.T.);
#4360 = EDGE_CURVE('',#4352,#4361,#4363,.T.);
#4361 = VERTEX_POINT('',#4362);
#4362 = CARTESIAN_POINT('',(-1.096201938253,0.25,0.693412044417));
#4363 = LINE('',#4364,#4365);
#4364 = CARTESIAN_POINT('',(-1.172050016982,0.25,0.232635182233));
#4365 = VECTOR('',#4366,1.);
#4366 = DIRECTION('',(0.162423314012,-1.858508865964E-18,0.986721169868)
  );
#4367 = ORIENTED_EDGE('',*,*,#4368,.T.);
#4368 = EDGE_CURVE('',#4361,#4369,#4371,.T.);
#4369 = VERTEX_POINT('',#4370);
#4370 = CARTESIAN_POINT('',(-0.85,0.25,0.9));
#4371 = CIRCLE('',#4372,0.25);
#4372 = AXIS2_PLACEMENT_3D('',#4373,#4374,#4375);
#4373 = CARTESIAN_POINT('',(-0.85,0.25,0.65));
#4374 = DIRECTION('',(1.144237745222E-17,1.,7.703719777549E-34));
#4375 = DIRECTION('',(-0.984807753012,1.126854202784E-17,0.173648177667)
  );
#4376 = ORIENTED_EDGE('',*,*,#4377,.T.);
#4377 = EDGE_CURVE('',#4369,#3360,#4378,.T.);
#4378 = LINE('',#4379,#4380);
#4379 = CARTESIAN_POINT('',(-0.85,0.25,0.9));
#4380 = VECTOR('',#4381,1.);
#4381 = DIRECTION('',(1.,-1.144237745222E-17,0.));
#4382 = PLANE('',#4383);
#4383 = AXIS2_PLACEMENT_3D('',#4384,#4385,#4386);
#4384 = CARTESIAN_POINT('',(-1.069123385139,0.25,0.441695635315));
#4385 = DIRECTION('',(1.144237745222E-17,1.,0.));
#4386 = DIRECTION('',(0.,-0.,1.));
#4387 = ADVANCED_FACE('',(#4388),#4399,.F.);
#4388 = FACE_BOUND('',#4389,.F.);
#4389 = EDGE_LOOP('',(#4390,#4391,#4392,#4393));
#4390 = ORIENTED_EDGE('',*,*,#3376,.T.);
#4391 = ORIENTED_EDGE('',*,*,#3672,.T.);
#4392 = ORIENTED_EDGE('',*,*,#3720,.F.);
#4393 = ORIENTED_EDGE('',*,*,#4394,.F.);
#4394 = EDGE_CURVE('',#3360,#3713,#4395,.T.);
#4395 = LINE('',#4396,#4397);
#4396 = CARTESIAN_POINT('',(-0.85,0.25,0.9));
#4397 = VECTOR('',#4398,1.);
#4398 = DIRECTION('',(1.,-1.144237745222E-17,0.));
#4399 = PLANE('',#4400);
#4400 = AXIS2_PLACEMENT_3D('',#4401,#4402,#4403);
#4401 = CARTESIAN_POINT('',(-2.091417030376E-16,1.4375,0.9));
#4402 = DIRECTION('',(4.595758349624E-18,6.551522493592E-27,-1.));
#4403 = DIRECTION('',(1.,1.51922136901E-16,4.595758349624E-18));
#4404 = ADVANCED_FACE('',(#4405),#4484,.F.);
#4405 = FACE_BOUND('',#4406,.F.);
#4406 = EDGE_LOOP('',(#4407,#4408,#4409,#4418,#4426,#4435,#4443,#4451,
    #4459,#4468,#4476,#4483));
#4407 = ORIENTED_EDGE('',*,*,#3368,.F.);
#4408 = ORIENTED_EDGE('',*,*,#3390,.T.);
#4409 = ORIENTED_EDGE('',*,*,#4410,.T.);
#4410 = EDGE_CURVE('',#3391,#4411,#4413,.T.);
#4411 = VERTEX_POINT('',#4412);
#4412 = CARTESIAN_POINT('',(-0.948480775301,0.7,0.667364817767));
#4413 = CIRCLE('',#4414,0.1);
#4414 = AXIS2_PLACEMENT_3D('',#4415,#4416,#4417);
#4415 = CARTESIAN_POINT('',(-0.85,0.7,0.65));
#4416 = DIRECTION('',(-1.144237745222E-17,-1.,0.));
#4417 = DIRECTION('',(0.,0.,1.));
#4418 = ORIENTED_EDGE('',*,*,#4419,.T.);
#4419 = EDGE_CURVE('',#4411,#4420,#4422,.T.);
#4420 = VERTEX_POINT('',#4421);
#4421 = CARTESIAN_POINT('',(-1.02432885403,0.7,0.206587955583));
#4422 = LINE('',#4423,#4424);
#4423 = CARTESIAN_POINT('',(-0.948480775301,0.7,0.667364817767));
#4424 = VECTOR('',#4425,1.);
#4425 = DIRECTION('',(-0.162423314012,1.858508865964E-18,-0.986721169868
    ));
#4426 = ORIENTED_EDGE('',*,*,#4427,.T.);
#4427 = EDGE_CURVE('',#4420,#4428,#4430,.T.);
#4428 = VERTEX_POINT('',#4429);
#4429 = CARTESIAN_POINT('',(-1.270530792283,0.7,0.));
#4430 = CIRCLE('',#4431,0.25);
#4431 = AXIS2_PLACEMENT_3D('',#4432,#4433,#4434);
#4432 = CARTESIAN_POINT('',(-1.270530792283,0.7,0.25));
#4433 = DIRECTION('',(1.144237745222E-17,1.,1.155557966632E-33));
#4434 = DIRECTION('',(0.984807753012,-1.126854202784E-17,-0.173648177667
    ));
#4435 = ORIENTED_EDGE('',*,*,#4436,.T.);
#4436 = EDGE_CURVE('',#4428,#4437,#4439,.T.);
#4437 = VERTEX_POINT('',#4438);
#4438 = CARTESIAN_POINT('',(-1.4,0.7,0.));
#4439 = LINE('',#4440,#4441);
#4440 = CARTESIAN_POINT('',(-1.270530792283,0.7,0.));
#4441 = VECTOR('',#4442,1.);
#4442 = DIRECTION('',(-1.,1.144237745222E-17,0.));
#4443 = ORIENTED_EDGE('',*,*,#4444,.T.);
#4444 = EDGE_CURVE('',#4437,#4445,#4447,.T.);
#4445 = VERTEX_POINT('',#4446);
#4446 = CARTESIAN_POINT('',(-1.4,0.7,0.15));
#4447 = LINE('',#4448,#4449);
#4448 = CARTESIAN_POINT('',(-1.4,0.7,0.));
#4449 = VECTOR('',#4450,1.);
#4450 = DIRECTION('',(0.,0.,1.));
#4451 = ORIENTED_EDGE('',*,*,#4452,.T.);
#4452 = EDGE_CURVE('',#4445,#4453,#4455,.T.);
#4453 = VERTEX_POINT('',#4454);
#4454 = CARTESIAN_POINT('',(-1.270530792283,0.7,0.15));
#4455 = LINE('',#4456,#4457);
#4456 = CARTESIAN_POINT('',(-1.4,0.7,0.15));
#4457 = VECTOR('',#4458,1.);
#4458 = DIRECTION('',(1.,-1.144237745222E-17,0.));
#4459 = ORIENTED_EDGE('',*,*,#4460,.T.);
#4460 = EDGE_CURVE('',#4453,#4461,#4463,.T.);
#4461 = VERTEX_POINT('',#4462);
#4462 = CARTESIAN_POINT('',(-1.172050016982,0.7,0.232635182233));
#4463 = CIRCLE('',#4464,0.1);
#4464 = AXIS2_PLACEMENT_3D('',#4465,#4466,#4467);
#4465 = CARTESIAN_POINT('',(-1.270530792283,0.7,0.25));
#4466 = DIRECTION('',(-1.144237745222E-17,-1.,0.));
#4467 = DIRECTION('',(-2.22044604925E-15,2.540718180781E-32,-1.));
#4468 = ORIENTED_EDGE('',*,*,#4469,.T.);
#4469 = EDGE_CURVE('',#4461,#4470,#4472,.T.);
#4470 = VERTEX_POINT('',#4471);
#4471 = CARTESIAN_POINT('',(-1.096201938253,0.7,0.693412044417));
#4472 = LINE('',#4473,#4474);
#4473 = CARTESIAN_POINT('',(-1.172050016982,0.7,0.232635182233));
#4474 = VECTOR('',#4475,1.);
#4475 = DIRECTION('',(0.162423314012,-1.858508865964E-18,0.986721169868)
  );
#4476 = ORIENTED_EDGE('',*,*,#4477,.T.);
#4477 = EDGE_CURVE('',#4470,#3642,#4478,.T.);
#4478 = CIRCLE('',#4479,0.25);
#4479 = AXIS2_PLACEMENT_3D('',#4480,#4481,#4482);
#4480 = CARTESIAN_POINT('',(-0.85,0.7,0.65));
#4481 = DIRECTION('',(1.144237745222E-17,1.,7.703719777549E-34));
#4482 = DIRECTION('',(-0.984807753012,1.126854202784E-17,0.173648177667)
  );
#4483 = ORIENTED_EDGE('',*,*,#3641,.T.);
#4484 = PLANE('',#4485);
#4485 = AXIS2_PLACEMENT_3D('',#4486,#4487,#4488);
#4486 = CARTESIAN_POINT('',(-1.069123385139,0.7,0.441695635315));
#4487 = DIRECTION('',(1.144237745222E-17,1.,0.));
#4488 = DIRECTION('',(0.,-0.,1.));
#4489 = ADVANCED_FACE('',(#4490),#4509,.F.);
#4490 = FACE_BOUND('',#4491,.F.);
#4491 = EDGE_LOOP('',(#4492,#4493,#4502,#4508));
#4492 = ORIENTED_EDGE('',*,*,#3407,.T.);
#4493 = ORIENTED_EDGE('',*,*,#4494,.T.);
#4494 = EDGE_CURVE('',#3400,#4495,#4497,.T.);
#4495 = VERTEX_POINT('',#4496);
#4496 = CARTESIAN_POINT('',(-0.948480775301,1.2,0.667364817767));
#4497 = CIRCLE('',#4498,0.1);
#4498 = AXIS2_PLACEMENT_3D('',#4499,#4500,#4501);
#4499 = CARTESIAN_POINT('',(-0.85,1.2,0.65));
#4500 = DIRECTION('',(-1.144237745222E-17,-1.,0.));
#4501 = DIRECTION('',(0.,0.,1.));
#4502 = ORIENTED_EDGE('',*,*,#4503,.F.);
#4503 = EDGE_CURVE('',#4411,#4495,#4504,.T.);
#4504 = LINE('',#4505,#4506);
#4505 = CARTESIAN_POINT('',(-0.948480775301,0.7,0.667364817767));
#4506 = VECTOR('',#4507,1.);
#4507 = DIRECTION('',(1.144237745222E-17,1.,0.));
#4508 = ORIENTED_EDGE('',*,*,#4410,.F.);
#4509 = CYLINDRICAL_SURFACE('',#4510,0.1);
#4510 = AXIS2_PLACEMENT_3D('',#4511,#4512,#4513);
#4511 = CARTESIAN_POINT('',(-0.85,0.7,0.65));
#4512 = DIRECTION('',(-1.144237745222E-17,-1.,0.));
#4513 = DIRECTION('',(0.,0.,1.));
#4514 = ADVANCED_FACE('',(#4515),#4586,.T.);
#4515 = FACE_BOUND('',#4516,.T.);
#4516 = EDGE_LOOP('',(#4517,#4518,#4519,#4520,#4528,#4537,#4545,#4553,
    #4561,#4570,#4578,#4585));
#4517 = ORIENTED_EDGE('',*,*,#3421,.F.);
#4518 = ORIENTED_EDGE('',*,*,#3399,.T.);
#4519 = ORIENTED_EDGE('',*,*,#4494,.T.);
#4520 = ORIENTED_EDGE('',*,*,#4521,.T.);
#4521 = EDGE_CURVE('',#4495,#4522,#4524,.T.);
#4522 = VERTEX_POINT('',#4523);
#4523 = CARTESIAN_POINT('',(-1.02432885403,1.2,0.206587955583));
#4524 = LINE('',#4525,#4526);
#4525 = CARTESIAN_POINT('',(-0.948480775301,1.2,0.667364817767));
#4526 = VECTOR('',#4527,1.);
#4527 = DIRECTION('',(-0.162423314012,1.858508865964E-18,-0.986721169868
    ));
#4528 = ORIENTED_EDGE('',*,*,#4529,.T.);
#4529 = EDGE_CURVE('',#4522,#4530,#4532,.T.);
#4530 = VERTEX_POINT('',#4531);
#4531 = CARTESIAN_POINT('',(-1.270530792283,1.2,0.));
#4532 = CIRCLE('',#4533,0.25);
#4533 = AXIS2_PLACEMENT_3D('',#4534,#4535,#4536);
#4534 = CARTESIAN_POINT('',(-1.270530792283,1.2,0.25));
#4535 = DIRECTION('',(1.144237745222E-17,1.,1.155557966632E-33));
#4536 = DIRECTION('',(0.984807753012,-1.126854202784E-17,-0.173648177667
    ));
#4537 = ORIENTED_EDGE('',*,*,#4538,.T.);
#4538 = EDGE_CURVE('',#4530,#4539,#4541,.T.);
#4539 = VERTEX_POINT('',#4540);
#4540 = CARTESIAN_POINT('',(-1.4,1.2,0.));
#4541 = LINE('',#4542,#4543);
#4542 = CARTESIAN_POINT('',(-1.270530792283,1.2,0.));
#4543 = VECTOR('',#4544,1.);
#4544 = DIRECTION('',(-1.,1.144237745222E-17,0.));
#4545 = ORIENTED_EDGE('',*,*,#4546,.T.);
#4546 = EDGE_CURVE('',#4539,#4547,#4549,.T.);
#4547 = VERTEX_POINT('',#4548);
#4548 = CARTESIAN_POINT('',(-1.4,1.2,0.15));
#4549 = LINE('',#4550,#4551);
#4550 = CARTESIAN_POINT('',(-1.4,1.2,0.));
#4551 = VECTOR('',#4552,1.);
#4552 = DIRECTION('',(0.,0.,1.));
#4553 = ORIENTED_EDGE('',*,*,#4554,.T.);
#4554 = EDGE_CURVE('',#4547,#4555,#4557,.T.);
#4555 = VERTEX_POINT('',#4556);
#4556 = CARTESIAN_POINT('',(-1.270530792283,1.2,0.15));
#4557 = LINE('',#4558,#4559);
#4558 = CARTESIAN_POINT('',(-1.4,1.2,0.15));
#4559 = VECTOR('',#4560,1.);
#4560 = DIRECTION('',(1.,-1.144237745222E-17,0.));
#4561 = ORIENTED_EDGE('',*,*,#4562,.T.);
#4562 = EDGE_CURVE('',#4555,#4563,#4565,.T.);
#4563 = VERTEX_POINT('',#4564);
#4564 = CARTESIAN_POINT('',(-1.172050016982,1.2,0.232635182233));
#4565 = CIRCLE('',#4566,0.1);
#4566 = AXIS2_PLACEMENT_3D('',#4567,#4568,#4569);
#4567 = CARTESIAN_POINT('',(-1.270530792283,1.2,0.25));
#4568 = DIRECTION('',(-1.144237745222E-17,-1.,0.));
#4569 = DIRECTION('',(-2.22044604925E-15,2.540718180781E-32,-1.));
#4570 = ORIENTED_EDGE('',*,*,#4571,.T.);
#4571 = EDGE_CURVE('',#4563,#4572,#4574,.T.);
#4572 = VERTEX_POINT('',#4573);
#4573 = CARTESIAN_POINT('',(-1.096201938253,1.2,0.693412044417));
#4574 = LINE('',#4575,#4576);
#4575 = CARTESIAN_POINT('',(-1.172050016982,1.2,0.232635182233));
#4576 = VECTOR('',#4577,1.);
#4577 = DIRECTION('',(0.162423314012,-1.858508865964E-18,0.986721169868)
  );
#4578 = ORIENTED_EDGE('',*,*,#4579,.T.);
#4579 = EDGE_CURVE('',#4572,#3650,#4580,.T.);
#4580 = CIRCLE('',#4581,0.25);
#4581 = AXIS2_PLACEMENT_3D('',#4582,#4583,#4584);
#4582 = CARTESIAN_POINT('',(-0.85,1.2,0.65));
#4583 = DIRECTION('',(1.144237745222E-17,1.,7.703719777549E-34));
#4584 = DIRECTION('',(-0.984807753012,1.126854202784E-17,0.173648177667)
  );
#4585 = ORIENTED_EDGE('',*,*,#3657,.T.);
#4586 = PLANE('',#4587);
#4587 = AXIS2_PLACEMENT_3D('',#4588,#4589,#4590);
#4588 = CARTESIAN_POINT('',(-1.069123385139,1.2,0.441695635315));
#4589 = DIRECTION('',(1.144237745222E-17,1.,0.));
#4590 = DIRECTION('',(0.,-0.,1.));
#4591 = ADVANCED_FACE('',(#4592),#4671,.F.);
#4592 = FACE_BOUND('',#4593,.F.);
#4593 = EDGE_LOOP('',(#4594,#4595,#4596,#4605,#4613,#4622,#4630,#4638,
    #4646,#4655,#4663,#4670));
#4594 = ORIENTED_EDGE('',*,*,#3440,.F.);
#4595 = ORIENTED_EDGE('',*,*,#3455,.T.);
#4596 = ORIENTED_EDGE('',*,*,#4597,.T.);
#4597 = EDGE_CURVE('',#3456,#4598,#4600,.T.);
#4598 = VERTEX_POINT('',#4599);
#4599 = CARTESIAN_POINT('',(0.948480775301,1.2,0.667364817767));
#4600 = CIRCLE('',#4601,0.1);
#4601 = AXIS2_PLACEMENT_3D('',#4602,#4603,#4604);
#4602 = CARTESIAN_POINT('',(0.85,1.2,0.65));
#4603 = DIRECTION('',(-1.110223024625E-16,1.,0.));
#4604 = DIRECTION('',(0.,0.,1.));
#4605 = ORIENTED_EDGE('',*,*,#4606,.T.);
#4606 = EDGE_CURVE('',#4598,#4607,#4609,.T.);
#4607 = VERTEX_POINT('',#4608);
#4608 = CARTESIAN_POINT('',(1.02432885403,1.2,0.206587955583));
#4609 = LINE('',#4610,#4611);
#4610 = CARTESIAN_POINT('',(0.948480775301,1.2,0.667364817767));
#4611 = VECTOR('',#4612,1.);
#4612 = DIRECTION('',(0.162423314012,1.803261029519E-17,-0.986721169868)
  );
#4613 = ORIENTED_EDGE('',*,*,#4614,.T.);
#4614 = EDGE_CURVE('',#4607,#4615,#4617,.T.);
#4615 = VERTEX_POINT('',#4616);
#4616 = CARTESIAN_POINT('',(1.270530792283,1.2,0.));
#4617 = CIRCLE('',#4618,0.25);
#4618 = AXIS2_PLACEMENT_3D('',#4619,#4620,#4621);
#4619 = CARTESIAN_POINT('',(1.270530792283,1.2,0.25));
#4620 = DIRECTION('',(1.110223024625E-16,-1.,0.));
#4621 = DIRECTION('',(-0.984807753012,-1.093356242223E-16,
    -0.173648177667));
#4622 = ORIENTED_EDGE('',*,*,#4623,.T.);
#4623 = EDGE_CURVE('',#4615,#4624,#4626,.T.);
#4624 = VERTEX_POINT('',#4625);
#4625 = CARTESIAN_POINT('',(1.4,1.2,0.));
#4626 = LINE('',#4627,#4628);
#4627 = CARTESIAN_POINT('',(1.270530792283,1.2,0.));
#4628 = VECTOR('',#4629,1.);
#4629 = DIRECTION('',(1.,1.110223024625E-16,0.));
#4630 = ORIENTED_EDGE('',*,*,#4631,.T.);
#4631 = EDGE_CURVE('',#4624,#4632,#4634,.T.);
#4632 = VERTEX_POINT('',#4633);
#4633 = CARTESIAN_POINT('',(1.4,1.2,0.15));
#4634 = LINE('',#4635,#4636);
#4635 = CARTESIAN_POINT('',(1.4,1.2,0.));
#4636 = VECTOR('',#4637,1.);
#4637 = DIRECTION('',(0.,0.,1.));
#4638 = ORIENTED_EDGE('',*,*,#4639,.T.);
#4639 = EDGE_CURVE('',#4632,#4640,#4642,.T.);
#4640 = VERTEX_POINT('',#4641);
#4641 = CARTESIAN_POINT('',(1.270530792283,1.2,0.15));
#4642 = LINE('',#4643,#4644);
#4643 = CARTESIAN_POINT('',(1.4,1.2,0.15));
#4644 = VECTOR('',#4645,1.);
#4645 = DIRECTION('',(-1.,-1.110223024625E-16,0.));
#4646 = ORIENTED_EDGE('',*,*,#4647,.T.);
#4647 = EDGE_CURVE('',#4640,#4648,#4650,.T.);
#4648 = VERTEX_POINT('',#4649);
#4649 = CARTESIAN_POINT('',(1.172050016982,1.2,0.232635182233));
#4650 = CIRCLE('',#4651,0.1);
#4651 = AXIS2_PLACEMENT_3D('',#4652,#4653,#4654);
#4652 = CARTESIAN_POINT('',(1.270530792283,1.2,0.25));
#4653 = DIRECTION('',(-1.110223024625E-16,1.,0.));
#4654 = DIRECTION('',(2.22044604925E-15,2.465190328815E-31,-1.));
#4655 = ORIENTED_EDGE('',*,*,#4656,.T.);
#4656 = EDGE_CURVE('',#4648,#4657,#4659,.T.);
#4657 = VERTEX_POINT('',#4658);
#4658 = CARTESIAN_POINT('',(1.096201938253,1.2,0.693412044417));
#4659 = LINE('',#4660,#4661);
#4660 = CARTESIAN_POINT('',(1.172050016982,1.2,0.232635182233));
#4661 = VECTOR('',#4662,1.);
#4662 = DIRECTION('',(-0.162423314012,-1.803261029519E-17,0.986721169868
    ));
#4663 = ORIENTED_EDGE('',*,*,#4664,.T.);
#4664 = EDGE_CURVE('',#4657,#3881,#4665,.T.);
#4665 = CIRCLE('',#4666,0.25);
#4666 = AXIS2_PLACEMENT_3D('',#4667,#4668,#4669);
#4667 = CARTESIAN_POINT('',(0.85,1.2,0.65));
#4668 = DIRECTION('',(1.110223024625E-16,-1.,0.));
#4669 = DIRECTION('',(0.984807753012,1.093356242223E-16,0.173648177667)
  );
#4670 = ORIENTED_EDGE('',*,*,#3880,.T.);
#4671 = PLANE('',#4672);
#4672 = AXIS2_PLACEMENT_3D('',#4673,#4674,#4675);
#4673 = CARTESIAN_POINT('',(1.069123385139,1.2,0.441695635315));
#4674 = DIRECTION('',(1.110223024625E-16,-1.,0.));
#4675 = DIRECTION('',(0.,0.,1.));
#4676 = ADVANCED_FACE('',(#4677),#4696,.F.);
#4677 = FACE_BOUND('',#4678,.F.);
#4678 = EDGE_LOOP('',(#4679,#4680,#4689,#4695));
#4679 = ORIENTED_EDGE('',*,*,#3472,.T.);
#4680 = ORIENTED_EDGE('',*,*,#4681,.T.);
#4681 = EDGE_CURVE('',#3465,#4682,#4684,.T.);
#4682 = VERTEX_POINT('',#4683);
#4683 = CARTESIAN_POINT('',(0.948480775301,0.7,0.667364817767));
#4684 = CIRCLE('',#4685,0.1);
#4685 = AXIS2_PLACEMENT_3D('',#4686,#4687,#4688);
#4686 = CARTESIAN_POINT('',(0.85,0.7,0.65));
#4687 = DIRECTION('',(-1.110223024625E-16,1.,0.));
#4688 = DIRECTION('',(0.,0.,1.));
#4689 = ORIENTED_EDGE('',*,*,#4690,.F.);
#4690 = EDGE_CURVE('',#4598,#4682,#4691,.T.);
#4691 = LINE('',#4692,#4693);
#4692 = CARTESIAN_POINT('',(0.948480775301,1.2,0.667364817767));
#4693 = VECTOR('',#4694,1.);
#4694 = DIRECTION('',(1.110223024625E-16,-1.,0.));
#4695 = ORIENTED_EDGE('',*,*,#4597,.F.);
#4696 = CYLINDRICAL_SURFACE('',#4697,0.1);
#4697 = AXIS2_PLACEMENT_3D('',#4698,#4699,#4700);
#4698 = CARTESIAN_POINT('',(0.85,1.2,0.65));
#4699 = DIRECTION('',(-1.110223024625E-16,1.,0.));
#4700 = DIRECTION('',(0.,0.,1.));
#4701 = ADVANCED_FACE('',(#4702),#4773,.T.);
#4702 = FACE_BOUND('',#4703,.T.);
#4703 = EDGE_LOOP('',(#4704,#4705,#4706,#4707,#4715,#4724,#4732,#4740,
    #4748,#4757,#4765,#4772));
#4704 = ORIENTED_EDGE('',*,*,#3486,.F.);
#4705 = ORIENTED_EDGE('',*,*,#3464,.T.);
#4706 = ORIENTED_EDGE('',*,*,#4681,.T.);
#4707 = ORIENTED_EDGE('',*,*,#4708,.T.);
#4708 = EDGE_CURVE('',#4682,#4709,#4711,.T.);
#4709 = VERTEX_POINT('',#4710);
#4710 = CARTESIAN_POINT('',(1.02432885403,0.7,0.206587955583));
#4711 = LINE('',#4712,#4713);
#4712 = CARTESIAN_POINT('',(0.948480775301,0.7,0.667364817767));
#4713 = VECTOR('',#4714,1.);
#4714 = DIRECTION('',(0.162423314012,1.803261029519E-17,-0.986721169868)
  );
#4715 = ORIENTED_EDGE('',*,*,#4716,.T.);
#4716 = EDGE_CURVE('',#4709,#4717,#4719,.T.);
#4717 = VERTEX_POINT('',#4718);
#4718 = CARTESIAN_POINT('',(1.270530792283,0.7,0.));
#4719 = CIRCLE('',#4720,0.25);
#4720 = AXIS2_PLACEMENT_3D('',#4721,#4722,#4723);
#4721 = CARTESIAN_POINT('',(1.270530792283,0.7,0.25));
#4722 = DIRECTION('',(1.110223024625E-16,-1.,0.));
#4723 = DIRECTION('',(-0.984807753012,-1.093356242223E-16,
    -0.173648177667));
#4724 = ORIENTED_EDGE('',*,*,#4725,.T.);
#4725 = EDGE_CURVE('',#4717,#4726,#4728,.T.);
#4726 = VERTEX_POINT('',#4727);
#4727 = CARTESIAN_POINT('',(1.4,0.7,0.));
#4728 = LINE('',#4729,#4730);
#4729 = CARTESIAN_POINT('',(1.270530792283,0.7,0.));
#4730 = VECTOR('',#4731,1.);
#4731 = DIRECTION('',(1.,1.110223024625E-16,0.));
#4732 = ORIENTED_EDGE('',*,*,#4733,.T.);
#4733 = EDGE_CURVE('',#4726,#4734,#4736,.T.);
#4734 = VERTEX_POINT('',#4735);
#4735 = CARTESIAN_POINT('',(1.4,0.7,0.15));
#4736 = LINE('',#4737,#4738);
#4737 = CARTESIAN_POINT('',(1.4,0.7,0.));
#4738 = VECTOR('',#4739,1.);
#4739 = DIRECTION('',(0.,0.,1.));
#4740 = ORIENTED_EDGE('',*,*,#4741,.T.);
#4741 = EDGE_CURVE('',#4734,#4742,#4744,.T.);
#4742 = VERTEX_POINT('',#4743);
#4743 = CARTESIAN_POINT('',(1.270530792283,0.7,0.15));
#4744 = LINE('',#4745,#4746);
#4745 = CARTESIAN_POINT('',(1.4,0.7,0.15));
#4746 = VECTOR('',#4747,1.);
#4747 = DIRECTION('',(-1.,-1.110223024625E-16,0.));
#4748 = ORIENTED_EDGE('',*,*,#4749,.T.);
#4749 = EDGE_CURVE('',#4742,#4750,#4752,.T.);
#4750 = VERTEX_POINT('',#4751);
#4751 = CARTESIAN_POINT('',(1.172050016982,0.7,0.232635182233));
#4752 = CIRCLE('',#4753,0.1);
#4753 = AXIS2_PLACEMENT_3D('',#4754,#4755,#4756);
#4754 = CARTESIAN_POINT('',(1.270530792283,0.7,0.25));
#4755 = DIRECTION('',(-1.110223024625E-16,1.,0.));
#4756 = DIRECTION('',(2.22044604925E-15,2.465190328815E-31,-1.));
#4757 = ORIENTED_EDGE('',*,*,#4758,.T.);
#4758 = EDGE_CURVE('',#4750,#4759,#4761,.T.);
#4759 = VERTEX_POINT('',#4760);
#4760 = CARTESIAN_POINT('',(1.096201938253,0.7,0.693412044417));
#4761 = LINE('',#4762,#4763);
#4762 = CARTESIAN_POINT('',(1.172050016982,0.7,0.232635182233));
#4763 = VECTOR('',#4764,1.);
#4764 = DIRECTION('',(-0.162423314012,-1.803261029519E-17,0.986721169868
    ));
#4765 = ORIENTED_EDGE('',*,*,#4766,.T.);
#4766 = EDGE_CURVE('',#4759,#3889,#4767,.T.);
#4767 = CIRCLE('',#4768,0.25);
#4768 = AXIS2_PLACEMENT_3D('',#4769,#4770,#4771);
#4769 = CARTESIAN_POINT('',(0.85,0.7,0.65));
#4770 = DIRECTION('',(1.110223024625E-16,-1.,0.));
#4771 = DIRECTION('',(0.984807753012,1.093356242223E-16,0.173648177667)
  );
#4772 = ORIENTED_EDGE('',*,*,#3896,.T.);
#4773 = PLANE('',#4774);
#4774 = AXIS2_PLACEMENT_3D('',#4775,#4776,#4777);
#4775 = CARTESIAN_POINT('',(1.069123385139,0.7,0.441695635315));
#4776 = DIRECTION('',(1.110223024625E-16,-1.,0.));
#4777 = DIRECTION('',(0.,0.,1.));
#4778 = ADVANCED_FACE('',(#4779),#4790,.F.);
#4779 = FACE_BOUND('',#4780,.F.);
#4780 = EDGE_LOOP('',(#4781,#4782,#4783,#4789));
#4781 = ORIENTED_EDGE('',*,*,#3902,.F.);
#4782 = ORIENTED_EDGE('',*,*,#3503,.T.);
#4783 = ORIENTED_EDGE('',*,*,#4784,.T.);
#4784 = EDGE_CURVE('',#3496,#3835,#4785,.T.);
#4785 = LINE('',#4786,#4787);
#4786 = CARTESIAN_POINT('',(0.85,-0.7,0.9));
#4787 = VECTOR('',#4788,1.);
#4788 = DIRECTION('',(-1.,-1.110223024625E-16,0.));
#4789 = ORIENTED_EDGE('',*,*,#3834,.F.);
#4790 = PLANE('',#4791);
#4791 = AXIS2_PLACEMENT_3D('',#4792,#4793,#4794);
#4792 = CARTESIAN_POINT('',(-2.091417030376E-16,1.4375,0.9));
#4793 = DIRECTION('',(4.595758349624E-18,6.551522493592E-27,-1.));
#4794 = DIRECTION('',(1.,1.51922136901E-16,4.595758349624E-18));
#4795 = ADVANCED_FACE('',(#4796),#4882,.F.);
#4796 = FACE_BOUND('',#4797,.F.);
#4797 = EDGE_LOOP('',(#4798,#4799,#4800,#4809,#4817,#4826,#4834,#4842,
    #4850,#4859,#4867,#4876));
#4798 = ORIENTED_EDGE('',*,*,#3495,.F.);
#4799 = ORIENTED_EDGE('',*,*,#3517,.T.);
#4800 = ORIENTED_EDGE('',*,*,#4801,.T.);
#4801 = EDGE_CURVE('',#3518,#4802,#4804,.T.);
#4802 = VERTEX_POINT('',#4803);
#4803 = CARTESIAN_POINT('',(0.948480775301,-0.7,0.667364817767));
#4804 = CIRCLE('',#4805,0.1);
#4805 = AXIS2_PLACEMENT_3D('',#4806,#4807,#4808);
#4806 = CARTESIAN_POINT('',(0.85,-0.7,0.65));
#4807 = DIRECTION('',(-1.110223024625E-16,1.,0.));
#4808 = DIRECTION('',(0.,0.,1.));
#4809 = ORIENTED_EDGE('',*,*,#4810,.T.);
#4810 = EDGE_CURVE('',#4802,#4811,#4813,.T.);
#4811 = VERTEX_POINT('',#4812);
#4812 = CARTESIAN_POINT('',(1.02432885403,-0.7,0.206587955583));
#4813 = LINE('',#4814,#4815);
#4814 = CARTESIAN_POINT('',(0.948480775301,-0.7,0.667364817767));
#4815 = VECTOR('',#4816,1.);
#4816 = DIRECTION('',(0.162423314012,1.803261029519E-17,-0.986721169868)
  );
#4817 = ORIENTED_EDGE('',*,*,#4818,.T.);
#4818 = EDGE_CURVE('',#4811,#4819,#4821,.T.);
#4819 = VERTEX_POINT('',#4820);
#4820 = CARTESIAN_POINT('',(1.270530792283,-0.7,0.));
#4821 = CIRCLE('',#4822,0.25);
#4822 = AXIS2_PLACEMENT_3D('',#4823,#4824,#4825);
#4823 = CARTESIAN_POINT('',(1.270530792283,-0.7,0.25));
#4824 = DIRECTION('',(1.110223024625E-16,-1.,0.));
#4825 = DIRECTION('',(-0.984807753012,-1.093356242223E-16,
    -0.173648177667));
#4826 = ORIENTED_EDGE('',*,*,#4827,.T.);
#4827 = EDGE_CURVE('',#4819,#4828,#4830,.T.);
#4828 = VERTEX_POINT('',#4829);
#4829 = CARTESIAN_POINT('',(1.4,-0.7,0.));
#4830 = LINE('',#4831,#4832);
#4831 = CARTESIAN_POINT('',(1.270530792283,-0.7,0.));
#4832 = VECTOR('',#4833,1.);
#4833 = DIRECTION('',(1.,1.110223024625E-16,0.));
#4834 = ORIENTED_EDGE('',*,*,#4835,.T.);
#4835 = EDGE_CURVE('',#4828,#4836,#4838,.T.);
#4836 = VERTEX_POINT('',#4837);
#4837 = CARTESIAN_POINT('',(1.4,-0.7,0.15));
#4838 = LINE('',#4839,#4840);
#4839 = CARTESIAN_POINT('',(1.4,-0.7,0.));
#4840 = VECTOR('',#4841,1.);
#4841 = DIRECTION('',(0.,0.,1.));
#4842 = ORIENTED_EDGE('',*,*,#4843,.T.);
#4843 = EDGE_CURVE('',#4836,#4844,#4846,.T.);
#4844 = VERTEX_POINT('',#4845);
#4845 = CARTESIAN_POINT('',(1.270530792283,-0.7,0.15));
#4846 = LINE('',#4847,#4848);
#4847 = CARTESIAN_POINT('',(1.4,-0.7,0.15));
#4848 = VECTOR('',#4849,1.);
#4849 = DIRECTION('',(-1.,-1.110223024625E-16,0.));
#4850 = ORIENTED_EDGE('',*,*,#4851,.T.);
#4851 = EDGE_CURVE('',#4844,#4852,#4854,.T.);
#4852 = VERTEX_POINT('',#4853);
#4853 = CARTESIAN_POINT('',(1.172050016982,-0.7,0.232635182233));
#4854 = CIRCLE('',#4855,0.1);
#4855 = AXIS2_PLACEMENT_3D('',#4856,#4857,#4858);
#4856 = CARTESIAN_POINT('',(1.270530792283,-0.7,0.25));
#4857 = DIRECTION('',(-1.110223024625E-16,1.,0.));
#4858 = DIRECTION('',(2.22044604925E-15,2.465190328815E-31,-1.));
#4859 = ORIENTED_EDGE('',*,*,#4860,.T.);
#4860 = EDGE_CURVE('',#4852,#4861,#4863,.T.);
#4861 = VERTEX_POINT('',#4862);
#4862 = CARTESIAN_POINT('',(1.096201938253,-0.7,0.693412044417));
#4863 = LINE('',#4864,#4865);
#4864 = CARTESIAN_POINT('',(1.172050016982,-0.7,0.232635182233));
#4865 = VECTOR('',#4866,1.);
#4866 = DIRECTION('',(-0.162423314012,-1.803261029519E-17,0.986721169868
    ));
#4867 = ORIENTED_EDGE('',*,*,#4868,.T.);
#4868 = EDGE_CURVE('',#4861,#4869,#4871,.T.);
#4869 = VERTEX_POINT('',#4870);
#4870 = CARTESIAN_POINT('',(0.85,-0.7,0.9));
#4871 = CIRCLE('',#4872,0.25);
#4872 = AXIS2_PLACEMENT_3D('',#4873,#4874,#4875);
#4873 = CARTESIAN_POINT('',(0.85,-0.7,0.65));
#4874 = DIRECTION('',(1.110223024625E-16,-1.,0.));
#4875 = DIRECTION('',(0.984807753012,1.093356242223E-16,0.173648177667)
  );
#4876 = ORIENTED_EDGE('',*,*,#4877,.T.);
#4877 = EDGE_CURVE('',#4869,#3496,#4878,.T.);
#4878 = LINE('',#4879,#4880);
#4879 = CARTESIAN_POINT('',(0.85,-0.7,0.9));
#4880 = VECTOR('',#4881,1.);
#4881 = DIRECTION('',(-1.,-1.110223024625E-16,0.));
#4882 = PLANE('',#4883);
#4883 = AXIS2_PLACEMENT_3D('',#4884,#4885,#4886);
#4884 = CARTESIAN_POINT('',(1.069123385139,-0.7,0.441695635315));
#4885 = DIRECTION('',(1.110223024625E-16,-1.,0.));
#4886 = DIRECTION('',(0.,0.,1.));
#4887 = ADVANCED_FACE('',(#4888),#4907,.F.);
#4888 = FACE_BOUND('',#4889,.F.);
#4889 = EDGE_LOOP('',(#4890,#4891,#4900,#4906));
#4890 = ORIENTED_EDGE('',*,*,#3534,.T.);
#4891 = ORIENTED_EDGE('',*,*,#4892,.T.);
#4892 = EDGE_CURVE('',#3527,#4893,#4895,.T.);
#4893 = VERTEX_POINT('',#4894);
#4894 = CARTESIAN_POINT('',(0.948480775301,-1.2,0.667364817767));
#4895 = CIRCLE('',#4896,0.1);
#4896 = AXIS2_PLACEMENT_3D('',#4897,#4898,#4899);
#4897 = CARTESIAN_POINT('',(0.85,-1.2,0.65));
#4898 = DIRECTION('',(-1.110223024625E-16,1.,0.));
#4899 = DIRECTION('',(0.,0.,1.));
#4900 = ORIENTED_EDGE('',*,*,#4901,.F.);
#4901 = EDGE_CURVE('',#4802,#4893,#4902,.T.);
#4902 = LINE('',#4903,#4904);
#4903 = CARTESIAN_POINT('',(0.948480775301,-0.7,0.667364817767));
#4904 = VECTOR('',#4905,1.);
#4905 = DIRECTION('',(1.110223024625E-16,-1.,0.));
#4906 = ORIENTED_EDGE('',*,*,#4801,.F.);
#4907 = CYLINDRICAL_SURFACE('',#4908,0.1);
#4908 = AXIS2_PLACEMENT_3D('',#4909,#4910,#4911);
#4909 = CARTESIAN_POINT('',(0.85,-0.7,0.65));
#4910 = DIRECTION('',(-1.110223024625E-16,1.,0.));
#4911 = DIRECTION('',(0.,0.,1.));
#4912 = ADVANCED_FACE('',(#4913),#4991,.T.);
#4913 = FACE_BOUND('',#4914,.T.);
#4914 = EDGE_LOOP('',(#4915,#4916,#4917,#4918,#4926,#4935,#4943,#4951,
    #4959,#4968,#4976,#4985));
#4915 = ORIENTED_EDGE('',*,*,#3548,.F.);
#4916 = ORIENTED_EDGE('',*,*,#3526,.T.);
#4917 = ORIENTED_EDGE('',*,*,#4892,.T.);
#4918 = ORIENTED_EDGE('',*,*,#4919,.T.);
#4919 = EDGE_CURVE('',#4893,#4920,#4922,.T.);
#4920 = VERTEX_POINT('',#4921);
#4921 = CARTESIAN_POINT('',(1.02432885403,-1.2,0.206587955583));
#4922 = LINE('',#4923,#4924);
#4923 = CARTESIAN_POINT('',(0.948480775301,-1.2,0.667364817767));
#4924 = VECTOR('',#4925,1.);
#4925 = DIRECTION('',(0.162423314012,1.803261029519E-17,-0.986721169868)
  );
#4926 = ORIENTED_EDGE('',*,*,#4927,.T.);
#4927 = EDGE_CURVE('',#4920,#4928,#4930,.T.);
#4928 = VERTEX_POINT('',#4929);
#4929 = CARTESIAN_POINT('',(1.270530792283,-1.2,0.));
#4930 = CIRCLE('',#4931,0.25);
#4931 = AXIS2_PLACEMENT_3D('',#4932,#4933,#4934);
#4932 = CARTESIAN_POINT('',(1.270530792283,-1.2,0.25));
#4933 = DIRECTION('',(1.110223024625E-16,-1.,0.));
#4934 = DIRECTION('',(-0.984807753012,-1.093356242223E-16,
    -0.173648177667));
#4935 = ORIENTED_EDGE('',*,*,#4936,.T.);
#4936 = EDGE_CURVE('',#4928,#4937,#4939,.T.);
#4937 = VERTEX_POINT('',#4938);
#4938 = CARTESIAN_POINT('',(1.4,-1.2,0.));
#4939 = LINE('',#4940,#4941);
#4940 = CARTESIAN_POINT('',(1.270530792283,-1.2,0.));
#4941 = VECTOR('',#4942,1.);
#4942 = DIRECTION('',(1.,1.110223024625E-16,0.));
#4943 = ORIENTED_EDGE('',*,*,#4944,.T.);
#4944 = EDGE_CURVE('',#4937,#4945,#4947,.T.);
#4945 = VERTEX_POINT('',#4946);
#4946 = CARTESIAN_POINT('',(1.4,-1.2,0.15));
#4947 = LINE('',#4948,#4949);
#4948 = CARTESIAN_POINT('',(1.4,-1.2,0.));
#4949 = VECTOR('',#4950,1.);
#4950 = DIRECTION('',(0.,0.,1.));
#4951 = ORIENTED_EDGE('',*,*,#4952,.T.);
#4952 = EDGE_CURVE('',#4945,#4953,#4955,.T.);
#4953 = VERTEX_POINT('',#4954);
#4954 = CARTESIAN_POINT('',(1.270530792283,-1.2,0.15));
#4955 = LINE('',#4956,#4957);
#4956 = CARTESIAN_POINT('',(1.4,-1.2,0.15));
#4957 = VECTOR('',#4958,1.);
#4958 = DIRECTION('',(-1.,-1.110223024625E-16,0.));
#4959 = ORIENTED_EDGE('',*,*,#4960,.T.);
#4960 = EDGE_CURVE('',#4953,#4961,#4963,.T.);
#4961 = VERTEX_POINT('',#4962);
#4962 = CARTESIAN_POINT('',(1.172050016982,-1.2,0.232635182233));
#4963 = CIRCLE('',#4964,0.1);
#4964 = AXIS2_PLACEMENT_3D('',#4965,#4966,#4967);
#4965 = CARTESIAN_POINT('',(1.270530792283,-1.2,0.25));
#4966 = DIRECTION('',(-1.110223024625E-16,1.,0.));
#4967 = DIRECTION('',(2.22044604925E-15,2.465190328815E-31,-1.));
#4968 = ORIENTED_EDGE('',*,*,#4969,.T.);
#4969 = EDGE_CURVE('',#4961,#4970,#4972,.T.);
#4970 = VERTEX_POINT('',#4971);
#4971 = CARTESIAN_POINT('',(1.096201938253,-1.2,0.693412044417));
#4972 = LINE('',#4973,#4974);
#4973 = CARTESIAN_POINT('',(1.172050016982,-1.2,0.232635182233));
#4974 = VECTOR('',#4975,1.);
#4975 = DIRECTION('',(-0.162423314012,-1.803261029519E-17,0.986721169868
    ));
#4976 = ORIENTED_EDGE('',*,*,#4977,.T.);
#4977 = EDGE_CURVE('',#4970,#4978,#4980,.T.);
#4978 = VERTEX_POINT('',#4979);
#4979 = CARTESIAN_POINT('',(0.85,-1.2,0.9));
#4980 = CIRCLE('',#4981,0.25);
#4981 = AXIS2_PLACEMENT_3D('',#4982,#4983,#4984);
#4982 = CARTESIAN_POINT('',(0.85,-1.2,0.65));
#4983 = DIRECTION('',(1.110223024625E-16,-1.,0.));
#4984 = DIRECTION('',(0.984807753012,1.093356242223E-16,0.173648177667)
  );
#4985 = ORIENTED_EDGE('',*,*,#4986,.T.);
#4986 = EDGE_CURVE('',#4978,#3549,#4987,.T.);
#4987 = LINE('',#4988,#4989);
#4988 = CARTESIAN_POINT('',(0.85,-1.2,0.9));
#4989 = VECTOR('',#4990,1.);
#4990 = DIRECTION('',(-1.,-1.110223024625E-16,0.));
#4991 = PLANE('',#4992);
#4992 = AXIS2_PLACEMENT_3D('',#4993,#4994,#4995);
#4993 = CARTESIAN_POINT('',(1.069123385139,-1.2,0.441695635315));
#4994 = DIRECTION('',(1.110223024625E-16,-1.,0.));
#4995 = DIRECTION('',(0.,0.,1.));
#4996 = ADVANCED_FACE('',(#4997),#5008,.T.);
#4997 = FACE_BOUND('',#4998,.T.);
#4998 = EDGE_LOOP('',(#4999,#5000,#5001,#5002));
#4999 = ORIENTED_EDGE('',*,*,#4477,.T.);
#5000 = ORIENTED_EDGE('',*,*,#3649,.T.);
#5001 = ORIENTED_EDGE('',*,*,#4579,.F.);
#5002 = ORIENTED_EDGE('',*,*,#5003,.F.);
#5003 = EDGE_CURVE('',#4470,#4572,#5004,.T.);
#5004 = LINE('',#5005,#5006);
#5005 = CARTESIAN_POINT('',(-1.096201938253,0.7,0.693412044417));
#5006 = VECTOR('',#5007,1.);
#5007 = DIRECTION('',(1.144237745222E-17,1.,0.));
#5008 = CYLINDRICAL_SURFACE('',#5009,0.25);
#5009 = AXIS2_PLACEMENT_3D('',#5010,#5011,#5012);
#5010 = CARTESIAN_POINT('',(-0.85,0.7,0.65));
#5011 = DIRECTION('',(-1.144237745222E-17,-1.,0.));
#5012 = DIRECTION('',(-0.984807753012,1.126854202784E-17,0.173648177667)
  );
#5013 = ADVANCED_FACE('',(#5014),#5027,.F.);
#5014 = FACE_BOUND('',#5015,.F.);
#5015 = EDGE_LOOP('',(#5016,#5017,#5023,#5024,#5025,#5026));
#5016 = ORIENTED_EDGE('',*,*,#4045,.F.);
#5017 = ORIENTED_EDGE('',*,*,#5018,.T.);
#5018 = EDGE_CURVE('',#4037,#4146,#5019,.T.);
#5019 = LINE('',#5020,#5021);
#5020 = CARTESIAN_POINT('',(-0.85,-1.2,0.9));
#5021 = VECTOR('',#5022,1.);
#5022 = DIRECTION('',(1.144237745222E-17,1.,0.));
#5023 = ORIENTED_EDGE('',*,*,#4154,.T.);
#5024 = ORIENTED_EDGE('',*,*,#4176,.T.);
#5025 = ORIENTED_EDGE('',*,*,#3696,.F.);
#5026 = ORIENTED_EDGE('',*,*,#3929,.F.);
#5027 = PLANE('',#5028);
#5028 = AXIS2_PLACEMENT_3D('',#5029,#5030,#5031);
#5029 = CARTESIAN_POINT('',(-0.85,-1.2,0.9));
#5030 = DIRECTION('',(0.,0.,-1.));
#5031 = DIRECTION('',(1.,-1.144237745222E-17,0.));
#5032 = ADVANCED_FACE('',(#5033),#5046,.F.);
#5033 = FACE_BOUND('',#5034,.F.);
#5034 = EDGE_LOOP('',(#5035,#5036,#5042,#5043,#5044,#5045));
#5035 = ORIENTED_EDGE('',*,*,#4268,.F.);
#5036 = ORIENTED_EDGE('',*,*,#5037,.T.);
#5037 = EDGE_CURVE('',#4260,#4369,#5038,.T.);
#5038 = LINE('',#5039,#5040);
#5039 = CARTESIAN_POINT('',(-0.85,-0.25,0.9));
#5040 = VECTOR('',#5041,1.);
#5041 = DIRECTION('',(1.144237745222E-17,1.,0.));
#5042 = ORIENTED_EDGE('',*,*,#4377,.T.);
#5043 = ORIENTED_EDGE('',*,*,#4394,.T.);
#5044 = ORIENTED_EDGE('',*,*,#3712,.F.);
#5045 = ORIENTED_EDGE('',*,*,#4169,.F.);
#5046 = PLANE('',#5047);
#5047 = AXIS2_PLACEMENT_3D('',#5048,#5049,#5050);
#5048 = CARTESIAN_POINT('',(-0.85,-0.25,0.9));
#5049 = DIRECTION('',(0.,0.,-1.));
#5050 = DIRECTION('',(1.,-1.144237745222E-17,0.));
#5051 = ADVANCED_FACE('',(#5052,#5081),#5092,.T.);
#5052 = FACE_BOUND('',#5053,.T.);
#5053 = EDGE_LOOP('',(#5054,#5055,#5056,#5057,#5065,#5073,#5079,#5080));
#5054 = ORIENTED_EDGE('',*,*,#3787,.F.);
#5055 = ORIENTED_EDGE('',*,*,#3764,.F.);
#5056 = ORIENTED_EDGE('',*,*,#3735,.F.);
#5057 = ORIENTED_EDGE('',*,*,#5058,.F.);
#5058 = EDGE_CURVE('',#5059,#3736,#5061,.T.);
#5059 = VERTEX_POINT('',#5060);
#5060 = CARTESIAN_POINT('',(-0.646824228722,-1.333648457443,1.55));
#5061 = LINE('',#5062,#5063);
#5062 = CARTESIAN_POINT('',(-0.646824228722,-1.333648457443,1.55));
#5063 = VECTOR('',#5064,1.);
#5064 = DIRECTION('',(-0.707106781187,0.707106781187,0.));
#5065 = ORIENTED_EDGE('',*,*,#5066,.F.);
#5066 = EDGE_CURVE('',#5067,#5059,#5069,.T.);
#5067 = VERTEX_POINT('',#5068);
#5068 = CARTESIAN_POINT('',(0.646824228722,-1.333648457443,1.55));
#5069 = LINE('',#5070,#5071);
#5070 = CARTESIAN_POINT('',(0.646824228722,-1.333648457443,1.55));
#5071 = VECTOR('',#5072,1.);
#5072 = DIRECTION('',(-1.,-1.110223024625E-16,0.));
#5073 = ORIENTED_EDGE('',*,*,#5074,.F.);
#5074 = EDGE_CURVE('',#3859,#5067,#5075,.T.);
#5075 = LINE('',#5076,#5077);
#5076 = CARTESIAN_POINT('',(0.683648457443,-1.296824228722,1.55));
#5077 = VECTOR('',#5078,1.);
#5078 = DIRECTION('',(-0.707106781187,-0.707106781187,0.));
#5079 = ORIENTED_EDGE('',*,*,#3865,.F.);
#5080 = ORIENTED_EDGE('',*,*,#3810,.F.);
#5081 = FACE_BOUND('',#5082,.T.);
#5082 = EDGE_LOOP('',(#5083));
#5083 = ORIENTED_EDGE('',*,*,#5084,.T.);
#5084 = EDGE_CURVE('',#5085,#5085,#5087,.T.);
#5085 = VERTEX_POINT('',#5086);
#5086 = CARTESIAN_POINT('',(-0.483648457443,1.083648457443,1.55));
#5087 = CIRCLE('',#5088,5.E-02);
#5088 = AXIS2_PLACEMENT_3D('',#5089,#5090,#5091);
#5089 = CARTESIAN_POINT('',(-0.483648457443,1.133648457443,1.55));
#5090 = DIRECTION('',(0.,-0.,-1.));
#5091 = DIRECTION('',(1.110223024625E-16,-1.,0.));
#5092 = PLANE('',#5093);
#5093 = AXIS2_PLACEMENT_3D('',#5094,#5095,#5096);
#5094 = CARTESIAN_POINT('',(-0.646824228722,1.333648457443,1.55));
#5095 = DIRECTION('',(0.,0.,1.));
#5096 = DIRECTION('',(0.436386464522,-0.899759330922,0.));
#5097 = ADVANCED_FACE('',(#5098),#5108,.F.);
#5098 = FACE_BOUND('',#5099,.F.);
#5099 = EDGE_LOOP('',(#5100,#5101,#5102,#5103));
#5100 = ORIENTED_EDGE('',*,*,#3936,.T.);
#5101 = ORIENTED_EDGE('',*,*,#3743,.T.);
#5102 = ORIENTED_EDGE('',*,*,#5058,.F.);
#5103 = ORIENTED_EDGE('',*,*,#5104,.F.);
#5104 = EDGE_CURVE('',#3937,#5059,#5105,.T.);
#5105 = B_SPLINE_CURVE_WITH_KNOTS('',1,(#5106,#5107),.UNSPECIFIED.,.F.,
  .F.,(2,2),(0.,1.),.PIECEWISE_BEZIER_KNOTS.);
#5106 = CARTESIAN_POINT('',(-0.6925,-1.425,0.9));
#5107 = CARTESIAN_POINT('',(-0.646824228722,-1.333648457443,1.55));
#5108 = B_SPLINE_SURFACE_WITH_KNOTS('',1,1,(
    (#5109,#5110)
    ,(#5111,#5112
    )),.UNSPECIFIED.,.F.,.F.,.F.,(2,2),(2,2),(0.,0.116672618896),(0.,1.)
  ,.PIECEWISE_BEZIER_KNOTS.);
#5109 = CARTESIAN_POINT('',(-0.6925,-1.425,0.9));
#5110 = CARTESIAN_POINT('',(-0.646824228722,-1.333648457443,1.55));
#5111 = CARTESIAN_POINT('',(-0.775,-1.3425,0.9));
#5112 = CARTESIAN_POINT('',(-0.683648457443,-1.296824228722,1.55));
#5113 = ADVANCED_FACE('',(#5114),#5127,.F.);
#5114 = FACE_BOUND('',#5115,.F.);
#5115 = EDGE_LOOP('',(#5116,#5117,#5123,#5124,#5125,#5126));
#5116 = ORIENTED_EDGE('',*,*,#4877,.F.);
#5117 = ORIENTED_EDGE('',*,*,#5118,.T.);
#5118 = EDGE_CURVE('',#4869,#4978,#5119,.T.);
#5119 = LINE('',#5120,#5121);
#5120 = CARTESIAN_POINT('',(0.85,-0.7,0.9));
#5121 = VECTOR('',#5122,1.);
#5122 = DIRECTION('',(1.110223024625E-16,-1.,0.));
#5123 = ORIENTED_EDGE('',*,*,#4986,.T.);
#5124 = ORIENTED_EDGE('',*,*,#3918,.T.);
#5125 = ORIENTED_EDGE('',*,*,#3842,.F.);
#5126 = ORIENTED_EDGE('',*,*,#4784,.F.);
#5127 = PLANE('',#5128);
#5128 = AXIS2_PLACEMENT_3D('',#5129,#5130,#5131);
#5129 = CARTESIAN_POINT('',(0.85,-0.7,0.9));
#5130 = DIRECTION('',(0.,0.,-1.));
#5131 = DIRECTION('',(-1.,-1.110223024625E-16,-0.));
#5132 = ADVANCED_FACE('',(#5133),#5143,.F.);
#5133 = FACE_BOUND('',#5134,.F.);
#5134 = EDGE_LOOP('',(#5135,#5136,#5141,#5142));
#5135 = ORIENTED_EDGE('',*,*,#3952,.T.);
#5136 = ORIENTED_EDGE('',*,*,#5137,.T.);
#5137 = EDGE_CURVE('',#3945,#5067,#5138,.T.);
#5138 = B_SPLINE_CURVE_WITH_KNOTS('',1,(#5139,#5140),.UNSPECIFIED.,.F.,
  .F.,(2,2),(0.,1.),.PIECEWISE_BEZIER_KNOTS.);
#5139 = CARTESIAN_POINT('',(0.6925,-1.425,0.9));
#5140 = CARTESIAN_POINT('',(0.646824228722,-1.333648457443,1.55));
#5141 = ORIENTED_EDGE('',*,*,#5074,.F.);
#5142 = ORIENTED_EDGE('',*,*,#3858,.F.);
#5143 = B_SPLINE_SURFACE_WITH_KNOTS('',1,1,(
    (#5144,#5145)
    ,(#5146,#5147
    )),.UNSPECIFIED.,.F.,.F.,.F.,(2,2),(2,2),(0.,0.116672618896),(0.,1.)
  ,.PIECEWISE_BEZIER_KNOTS.);
#5144 = CARTESIAN_POINT('',(0.775,-1.3425,0.9));
#5145 = CARTESIAN_POINT('',(0.683648457443,-1.296824228722,1.55));
#5146 = CARTESIAN_POINT('',(0.6925,-1.425,0.9));
#5147 = CARTESIAN_POINT('',(0.646824228722,-1.333648457443,1.55));
#5148 = ADVANCED_FACE('',(#5149),#5160,.T.);
#5149 = FACE_BOUND('',#5150,.T.);
#5150 = EDGE_LOOP('',(#5151,#5152,#5153,#5154));
#5151 = ORIENTED_EDGE('',*,*,#4664,.T.);
#5152 = ORIENTED_EDGE('',*,*,#3888,.T.);
#5153 = ORIENTED_EDGE('',*,*,#4766,.F.);
#5154 = ORIENTED_EDGE('',*,*,#5155,.F.);
#5155 = EDGE_CURVE('',#4657,#4759,#5156,.T.);
#5156 = LINE('',#5157,#5158);
#5157 = CARTESIAN_POINT('',(1.096201938253,1.2,0.693412044417));
#5158 = VECTOR('',#5159,1.);
#5159 = DIRECTION('',(1.110223024625E-16,-1.,0.));
#5160 = CYLINDRICAL_SURFACE('',#5161,0.25);
#5161 = AXIS2_PLACEMENT_3D('',#5162,#5163,#5164);
#5162 = CARTESIAN_POINT('',(0.85,1.2,0.65));
#5163 = DIRECTION('',(-1.110223024625E-16,1.,0.));
#5164 = DIRECTION('',(0.984807753012,1.093356242223E-16,0.173648177667)
  );
#5165 = ADVANCED_FACE('',(#5166),#5172,.F.);
#5166 = FACE_BOUND('',#5167,.F.);
#5167 = EDGE_LOOP('',(#5168,#5169,#5170,#5171));
#5168 = ORIENTED_EDGE('',*,*,#3944,.T.);
#5169 = ORIENTED_EDGE('',*,*,#5104,.T.);
#5170 = ORIENTED_EDGE('',*,*,#5066,.F.);
#5171 = ORIENTED_EDGE('',*,*,#5137,.F.);
#5172 = B_SPLINE_SURFACE_WITH_KNOTS('',1,1,(
    (#5173,#5174)
    ,(#5175,#5176
    )),.UNSPECIFIED.,.F.,.F.,.F.,(2,2),(2,2),(0.,1.385),(0.,1.),
  .PIECEWISE_BEZIER_KNOTS.);
#5173 = CARTESIAN_POINT('',(0.6925,-1.425,0.9));
#5174 = CARTESIAN_POINT('',(0.646824228722,-1.333648457443,1.55));
#5175 = CARTESIAN_POINT('',(-0.6925,-1.425,0.9));
#5176 = CARTESIAN_POINT('',(-0.646824228722,-1.333648457443,1.55));
#5177 = ADVANCED_FACE('',(#5178),#5189,.T.);
#5178 = FACE_BOUND('',#5179,.T.);
#5179 = EDGE_LOOP('',(#5180,#5181,#5182,#5183));
#5180 = ORIENTED_EDGE('',*,*,#4036,.T.);
#5181 = ORIENTED_EDGE('',*,*,#5018,.T.);
#5182 = ORIENTED_EDGE('',*,*,#4145,.F.);
#5183 = ORIENTED_EDGE('',*,*,#5184,.F.);
#5184 = EDGE_CURVE('',#4029,#4138,#5185,.T.);
#5185 = LINE('',#5186,#5187);
#5186 = CARTESIAN_POINT('',(-1.096201938253,-1.2,0.693412044417));
#5187 = VECTOR('',#5188,1.);
#5188 = DIRECTION('',(1.144237745222E-17,1.,0.));
#5189 = CYLINDRICAL_SURFACE('',#5190,0.25);
#5190 = AXIS2_PLACEMENT_3D('',#5191,#5192,#5193);
#5191 = CARTESIAN_POINT('',(-0.85,-1.2,0.65));
#5192 = DIRECTION('',(-1.144237745222E-17,-1.,0.));
#5193 = DIRECTION('',(-0.984807753012,1.126854202784E-17,0.173648177667)
  );
#5194 = ADVANCED_FACE('',(#5195),#5206,.F.);
#5195 = FACE_BOUND('',#5196,.F.);
#5196 = EDGE_LOOP('',(#5197,#5203,#5204,#5205));
#5197 = ORIENTED_EDGE('',*,*,#5198,.T.);
#5198 = EDGE_CURVE('',#4020,#4129,#5199,.T.);
#5199 = LINE('',#5200,#5201);
#5200 = CARTESIAN_POINT('',(-1.172050016982,-1.2,0.232635182233));
#5201 = VECTOR('',#5202,1.);
#5202 = DIRECTION('',(1.144237745222E-17,1.,0.));
#5203 = ORIENTED_EDGE('',*,*,#4137,.T.);
#5204 = ORIENTED_EDGE('',*,*,#5184,.F.);
#5205 = ORIENTED_EDGE('',*,*,#4028,.F.);
#5206 = PLANE('',#5207);
#5207 = AXIS2_PLACEMENT_3D('',#5208,#5209,#5210);
#5208 = CARTESIAN_POINT('',(-1.172050016982,-1.2,0.232635182233));
#5209 = DIRECTION('',(0.986721169868,-1.129043606572E-17,-0.162423314012
    ));
#5210 = DIRECTION('',(0.162423314012,-1.858508865964E-18,0.986721169868)
  );
#5211 = ADVANCED_FACE('',(#5212),#5223,.F.);
#5212 = FACE_BOUND('',#5213,.F.);
#5213 = EDGE_LOOP('',(#5214,#5220,#5221,#5222));
#5214 = ORIENTED_EDGE('',*,*,#5215,.T.);
#5215 = EDGE_CURVE('',#4012,#4121,#5216,.T.);
#5216 = LINE('',#5217,#5218);
#5217 = CARTESIAN_POINT('',(-1.270530792283,-1.2,0.15));
#5218 = VECTOR('',#5219,1.);
#5219 = DIRECTION('',(1.144237745222E-17,1.,0.));
#5220 = ORIENTED_EDGE('',*,*,#4128,.T.);
#5221 = ORIENTED_EDGE('',*,*,#5198,.F.);
#5222 = ORIENTED_EDGE('',*,*,#4019,.F.);
#5223 = CYLINDRICAL_SURFACE('',#5224,0.1);
#5224 = AXIS2_PLACEMENT_3D('',#5225,#5226,#5227);
#5225 = CARTESIAN_POINT('',(-1.270530792283,-1.2,0.25));
#5226 = DIRECTION('',(-1.144237745222E-17,-1.,0.));
#5227 = DIRECTION('',(-2.22044604925E-15,2.540718180781E-32,-1.));
#5228 = ADVANCED_FACE('',(#5229),#5240,.F.);
#5229 = FACE_BOUND('',#5230,.F.);
#5230 = EDGE_LOOP('',(#5231,#5237,#5238,#5239));
#5231 = ORIENTED_EDGE('',*,*,#5232,.T.);
#5232 = EDGE_CURVE('',#4004,#4113,#5233,.T.);
#5233 = LINE('',#5234,#5235);
#5234 = CARTESIAN_POINT('',(-1.4,-1.2,0.15));
#5235 = VECTOR('',#5236,1.);
#5236 = DIRECTION('',(1.144237745222E-17,1.,0.));
#5237 = ORIENTED_EDGE('',*,*,#4120,.T.);
#5238 = ORIENTED_EDGE('',*,*,#5215,.F.);
#5239 = ORIENTED_EDGE('',*,*,#4011,.F.);
#5240 = PLANE('',#5241);
#5241 = AXIS2_PLACEMENT_3D('',#5242,#5243,#5244);
#5242 = CARTESIAN_POINT('',(-1.4,-1.2,0.15));
#5243 = DIRECTION('',(0.,0.,-1.));
#5244 = DIRECTION('',(1.,-1.144237745222E-17,0.));
#5245 = ADVANCED_FACE('',(#5246),#5257,.F.);
#5246 = FACE_BOUND('',#5247,.F.);
#5247 = EDGE_LOOP('',(#5248,#5254,#5255,#5256));
#5248 = ORIENTED_EDGE('',*,*,#5249,.T.);
#5249 = EDGE_CURVE('',#3996,#4105,#5250,.T.);
#5250 = LINE('',#5251,#5252);
#5251 = CARTESIAN_POINT('',(-1.4,-1.2,0.));
#5252 = VECTOR('',#5253,1.);
#5253 = DIRECTION('',(1.144237745222E-17,1.,0.));
#5254 = ORIENTED_EDGE('',*,*,#4112,.T.);
#5255 = ORIENTED_EDGE('',*,*,#5232,.F.);
#5256 = ORIENTED_EDGE('',*,*,#4003,.F.);
#5257 = PLANE('',#5258);
#5258 = AXIS2_PLACEMENT_3D('',#5259,#5260,#5261);
#5259 = CARTESIAN_POINT('',(-1.4,-1.2,0.));
#5260 = DIRECTION('',(1.,-1.144237745222E-17,0.));
#5261 = DIRECTION('',(0.,0.,1.));
#5262 = ADVANCED_FACE('',(#5263),#5274,.F.);
#5263 = FACE_BOUND('',#5264,.F.);
#5264 = EDGE_LOOP('',(#5265,#5271,#5272,#5273));
#5265 = ORIENTED_EDGE('',*,*,#5266,.T.);
#5266 = EDGE_CURVE('',#3987,#4096,#5267,.T.);
#5267 = LINE('',#5268,#5269);
#5268 = CARTESIAN_POINT('',(-1.270530792283,-1.2,0.));
#5269 = VECTOR('',#5270,1.);
#5270 = DIRECTION('',(1.144237745222E-17,1.,0.));
#5271 = ORIENTED_EDGE('',*,*,#4104,.T.);
#5272 = ORIENTED_EDGE('',*,*,#5249,.F.);
#5273 = ORIENTED_EDGE('',*,*,#3995,.F.);
#5274 = PLANE('',#5275);
#5275 = AXIS2_PLACEMENT_3D('',#5276,#5277,#5278);
#5276 = CARTESIAN_POINT('',(-1.270530792283,-1.2,0.));
#5277 = DIRECTION('',(0.,0.,1.));
#5278 = DIRECTION('',(-1.,1.144237745222E-17,0.));
#5279 = ADVANCED_FACE('',(#5280),#5291,.T.);
#5280 = FACE_BOUND('',#5281,.T.);
#5281 = EDGE_LOOP('',(#5282,#5283,#5284,#5285));
#5282 = ORIENTED_EDGE('',*,*,#3986,.T.);
#5283 = ORIENTED_EDGE('',*,*,#5266,.T.);
#5284 = ORIENTED_EDGE('',*,*,#4095,.F.);
#5285 = ORIENTED_EDGE('',*,*,#5286,.F.);
#5286 = EDGE_CURVE('',#3979,#4088,#5287,.T.);
#5287 = LINE('',#5288,#5289);
#5288 = CARTESIAN_POINT('',(-1.02432885403,-1.2,0.206587955583));
#5289 = VECTOR('',#5290,1.);
#5290 = DIRECTION('',(1.144237745222E-17,1.,0.));
#5291 = CYLINDRICAL_SURFACE('',#5292,0.25);
#5292 = AXIS2_PLACEMENT_3D('',#5293,#5294,#5295);
#5293 = CARTESIAN_POINT('',(-1.270530792283,-1.2,0.25));
#5294 = DIRECTION('',(-1.144237745222E-17,-1.,0.));
#5295 = DIRECTION('',(0.984807753012,-1.126854202784E-17,-0.173648177667
    ));
#5296 = ADVANCED_FACE('',(#5297),#5303,.F.);
#5297 = FACE_BOUND('',#5298,.F.);
#5298 = EDGE_LOOP('',(#5299,#5300,#5301,#5302));
#5299 = ORIENTED_EDGE('',*,*,#4069,.T.);
#5300 = ORIENTED_EDGE('',*,*,#4087,.T.);
#5301 = ORIENTED_EDGE('',*,*,#5286,.F.);
#5302 = ORIENTED_EDGE('',*,*,#3978,.F.);
#5303 = PLANE('',#5304);
#5304 = AXIS2_PLACEMENT_3D('',#5305,#5306,#5307);
#5305 = CARTESIAN_POINT('',(-0.948480775301,-1.2,0.667364817767));
#5306 = DIRECTION('',(-0.986721169868,1.129043606572E-17,0.162423314012)
  );
#5307 = DIRECTION('',(-0.162423314012,1.858508865964E-18,-0.986721169868
    ));
#5308 = ADVANCED_FACE('',(#5309),#5320,.T.);
#5309 = FACE_BOUND('',#5310,.T.);
#5310 = EDGE_LOOP('',(#5311,#5312,#5313,#5314));
#5311 = ORIENTED_EDGE('',*,*,#4259,.T.);
#5312 = ORIENTED_EDGE('',*,*,#5037,.T.);
#5313 = ORIENTED_EDGE('',*,*,#4368,.F.);
#5314 = ORIENTED_EDGE('',*,*,#5315,.F.);
#5315 = EDGE_CURVE('',#4252,#4361,#5316,.T.);
#5316 = LINE('',#5317,#5318);
#5317 = CARTESIAN_POINT('',(-1.096201938253,-0.25,0.693412044417));
#5318 = VECTOR('',#5319,1.);
#5319 = DIRECTION('',(1.144237745222E-17,1.,0.));
#5320 = CYLINDRICAL_SURFACE('',#5321,0.25);
#5321 = AXIS2_PLACEMENT_3D('',#5322,#5323,#5324);
#5322 = CARTESIAN_POINT('',(-0.85,-0.25,0.65));
#5323 = DIRECTION('',(-1.144237745222E-17,-1.,0.));
#5324 = DIRECTION('',(-0.984807753012,1.126854202784E-17,0.173648177667)
  );
#5325 = ADVANCED_FACE('',(#5326),#5337,.F.);
#5326 = FACE_BOUND('',#5327,.F.);
#5327 = EDGE_LOOP('',(#5328,#5334,#5335,#5336));
#5328 = ORIENTED_EDGE('',*,*,#5329,.T.);
#5329 = EDGE_CURVE('',#4243,#4352,#5330,.T.);
#5330 = LINE('',#5331,#5332);
#5331 = CARTESIAN_POINT('',(-1.172050016982,-0.25,0.232635182233));
#5332 = VECTOR('',#5333,1.);
#5333 = DIRECTION('',(1.144237745222E-17,1.,0.));
#5334 = ORIENTED_EDGE('',*,*,#4360,.T.);
#5335 = ORIENTED_EDGE('',*,*,#5315,.F.);
#5336 = ORIENTED_EDGE('',*,*,#4251,.F.);
#5337 = PLANE('',#5338);
#5338 = AXIS2_PLACEMENT_3D('',#5339,#5340,#5341);
#5339 = CARTESIAN_POINT('',(-1.172050016982,-0.25,0.232635182233));
#5340 = DIRECTION('',(0.986721169868,-1.129043606572E-17,-0.162423314012
    ));
#5341 = DIRECTION('',(0.162423314012,-1.858508865964E-18,0.986721169868)
  );
#5342 = ADVANCED_FACE('',(#5343),#5354,.F.);
#5343 = FACE_BOUND('',#5344,.F.);
#5344 = EDGE_LOOP('',(#5345,#5351,#5352,#5353));
#5345 = ORIENTED_EDGE('',*,*,#5346,.T.);
#5346 = EDGE_CURVE('',#4235,#4344,#5347,.T.);
#5347 = LINE('',#5348,#5349);
#5348 = CARTESIAN_POINT('',(-1.270530792283,-0.25,0.15));
#5349 = VECTOR('',#5350,1.);
#5350 = DIRECTION('',(1.144237745222E-17,1.,0.));
#5351 = ORIENTED_EDGE('',*,*,#4351,.T.);
#5352 = ORIENTED_EDGE('',*,*,#5329,.F.);
#5353 = ORIENTED_EDGE('',*,*,#4242,.F.);
#5354 = CYLINDRICAL_SURFACE('',#5355,0.1);
#5355 = AXIS2_PLACEMENT_3D('',#5356,#5357,#5358);
#5356 = CARTESIAN_POINT('',(-1.270530792283,-0.25,0.25));
#5357 = DIRECTION('',(-1.144237745222E-17,-1.,0.));
#5358 = DIRECTION('',(-2.22044604925E-15,2.540718180781E-32,-1.));
#5359 = ADVANCED_FACE('',(#5360),#5371,.F.);
#5360 = FACE_BOUND('',#5361,.F.);
#5361 = EDGE_LOOP('',(#5362,#5368,#5369,#5370));
#5362 = ORIENTED_EDGE('',*,*,#5363,.T.);
#5363 = EDGE_CURVE('',#4227,#4336,#5364,.T.);
#5364 = LINE('',#5365,#5366);
#5365 = CARTESIAN_POINT('',(-1.4,-0.25,0.15));
#5366 = VECTOR('',#5367,1.);
#5367 = DIRECTION('',(1.144237745222E-17,1.,0.));
#5368 = ORIENTED_EDGE('',*,*,#4343,.T.);
#5369 = ORIENTED_EDGE('',*,*,#5346,.F.);
#5370 = ORIENTED_EDGE('',*,*,#4234,.F.);
#5371 = PLANE('',#5372);
#5372 = AXIS2_PLACEMENT_3D('',#5373,#5374,#5375);
#5373 = CARTESIAN_POINT('',(-1.4,-0.25,0.15));
#5374 = DIRECTION('',(0.,0.,-1.));
#5375 = DIRECTION('',(1.,-1.144237745222E-17,0.));
#5376 = ADVANCED_FACE('',(#5377),#5388,.F.);
#5377 = FACE_BOUND('',#5378,.F.);
#5378 = EDGE_LOOP('',(#5379,#5385,#5386,#5387));
#5379 = ORIENTED_EDGE('',*,*,#5380,.T.);
#5380 = EDGE_CURVE('',#4219,#4328,#5381,.T.);
#5381 = LINE('',#5382,#5383);
#5382 = CARTESIAN_POINT('',(-1.4,-0.25,0.));
#5383 = VECTOR('',#5384,1.);
#5384 = DIRECTION('',(1.144237745222E-17,1.,0.));
#5385 = ORIENTED_EDGE('',*,*,#4335,.T.);
#5386 = ORIENTED_EDGE('',*,*,#5363,.F.);
#5387 = ORIENTED_EDGE('',*,*,#4226,.F.);
#5388 = PLANE('',#5389);
#5389 = AXIS2_PLACEMENT_3D('',#5390,#5391,#5392);
#5390 = CARTESIAN_POINT('',(-1.4,-0.25,0.));
#5391 = DIRECTION('',(1.,-1.144237745222E-17,0.));
#5392 = DIRECTION('',(0.,0.,1.));
#5393 = ADVANCED_FACE('',(#5394),#5405,.F.);
#5394 = FACE_BOUND('',#5395,.F.);
#5395 = EDGE_LOOP('',(#5396,#5402,#5403,#5404));
#5396 = ORIENTED_EDGE('',*,*,#5397,.T.);
#5397 = EDGE_CURVE('',#4210,#4319,#5398,.T.);
#5398 = LINE('',#5399,#5400);
#5399 = CARTESIAN_POINT('',(-1.270530792283,-0.25,0.));
#5400 = VECTOR('',#5401,1.);
#5401 = DIRECTION('',(1.144237745222E-17,1.,0.));
#5402 = ORIENTED_EDGE('',*,*,#4327,.T.);
#5403 = ORIENTED_EDGE('',*,*,#5380,.F.);
#5404 = ORIENTED_EDGE('',*,*,#4218,.F.);
#5405 = PLANE('',#5406);
#5406 = AXIS2_PLACEMENT_3D('',#5407,#5408,#5409);
#5407 = CARTESIAN_POINT('',(-1.270530792283,-0.25,0.));
#5408 = DIRECTION('',(0.,0.,1.));
#5409 = DIRECTION('',(-1.,1.144237745222E-17,0.));
#5410 = ADVANCED_FACE('',(#5411),#5422,.T.);
#5411 = FACE_BOUND('',#5412,.T.);
#5412 = EDGE_LOOP('',(#5413,#5414,#5415,#5416));
#5413 = ORIENTED_EDGE('',*,*,#4209,.T.);
#5414 = ORIENTED_EDGE('',*,*,#5397,.T.);
#5415 = ORIENTED_EDGE('',*,*,#4318,.F.);
#5416 = ORIENTED_EDGE('',*,*,#5417,.F.);
#5417 = EDGE_CURVE('',#4202,#4311,#5418,.T.);
#5418 = LINE('',#5419,#5420);
#5419 = CARTESIAN_POINT('',(-1.02432885403,-0.25,0.206587955583));
#5420 = VECTOR('',#5421,1.);
#5421 = DIRECTION('',(1.144237745222E-17,1.,0.));
#5422 = CYLINDRICAL_SURFACE('',#5423,0.25);
#5423 = AXIS2_PLACEMENT_3D('',#5424,#5425,#5426);
#5424 = CARTESIAN_POINT('',(-1.270530792283,-0.25,0.25));
#5425 = DIRECTION('',(-1.144237745222E-17,-1.,0.));
#5426 = DIRECTION('',(0.984807753012,-1.126854202784E-17,-0.173648177667
    ));
#5427 = ADVANCED_FACE('',(#5428),#5434,.F.);
#5428 = FACE_BOUND('',#5429,.F.);
#5429 = EDGE_LOOP('',(#5430,#5431,#5432,#5433));
#5430 = ORIENTED_EDGE('',*,*,#4292,.T.);
#5431 = ORIENTED_EDGE('',*,*,#4310,.T.);
#5432 = ORIENTED_EDGE('',*,*,#5417,.F.);
#5433 = ORIENTED_EDGE('',*,*,#4201,.F.);
#5434 = PLANE('',#5435);
#5435 = AXIS2_PLACEMENT_3D('',#5436,#5437,#5438);
#5436 = CARTESIAN_POINT('',(-0.948480775301,-0.25,0.667364817767));
#5437 = DIRECTION('',(-0.986721169868,1.129043606572E-17,0.162423314012)
  );
#5438 = DIRECTION('',(-0.162423314012,1.858508865964E-18,-0.986721169868
    ));
#5439 = ADVANCED_FACE('',(#5440),#5451,.F.);
#5440 = FACE_BOUND('',#5441,.F.);
#5441 = EDGE_LOOP('',(#5442,#5448,#5449,#5450));
#5442 = ORIENTED_EDGE('',*,*,#5443,.T.);
#5443 = EDGE_CURVE('',#4461,#4563,#5444,.T.);
#5444 = LINE('',#5445,#5446);
#5445 = CARTESIAN_POINT('',(-1.172050016982,0.7,0.232635182233));
#5446 = VECTOR('',#5447,1.);
#5447 = DIRECTION('',(1.144237745222E-17,1.,0.));
#5448 = ORIENTED_EDGE('',*,*,#4571,.T.);
#5449 = ORIENTED_EDGE('',*,*,#5003,.F.);
#5450 = ORIENTED_EDGE('',*,*,#4469,.F.);
#5451 = PLANE('',#5452);
#5452 = AXIS2_PLACEMENT_3D('',#5453,#5454,#5455);
#5453 = CARTESIAN_POINT('',(-1.172050016982,0.7,0.232635182233));
#5454 = DIRECTION('',(0.986721169868,-1.129043606572E-17,-0.162423314012
    ));
#5455 = DIRECTION('',(0.162423314012,-1.858508865964E-18,0.986721169868)
  );
#5456 = ADVANCED_FACE('',(#5457),#5468,.F.);
#5457 = FACE_BOUND('',#5458,.F.);
#5458 = EDGE_LOOP('',(#5459,#5465,#5466,#5467));
#5459 = ORIENTED_EDGE('',*,*,#5460,.T.);
#5460 = EDGE_CURVE('',#4453,#4555,#5461,.T.);
#5461 = LINE('',#5462,#5463);
#5462 = CARTESIAN_POINT('',(-1.270530792283,0.7,0.15));
#5463 = VECTOR('',#5464,1.);
#5464 = DIRECTION('',(1.144237745222E-17,1.,0.));
#5465 = ORIENTED_EDGE('',*,*,#4562,.T.);
#5466 = ORIENTED_EDGE('',*,*,#5443,.F.);
#5467 = ORIENTED_EDGE('',*,*,#4460,.F.);
#5468 = CYLINDRICAL_SURFACE('',#5469,0.1);
#5469 = AXIS2_PLACEMENT_3D('',#5470,#5471,#5472);
#5470 = CARTESIAN_POINT('',(-1.270530792283,0.7,0.25));
#5471 = DIRECTION('',(-1.144237745222E-17,-1.,0.));
#5472 = DIRECTION('',(-2.22044604925E-15,2.540718180781E-32,-1.));
#5473 = ADVANCED_FACE('',(#5474),#5485,.F.);
#5474 = FACE_BOUND('',#5475,.F.);
#5475 = EDGE_LOOP('',(#5476,#5482,#5483,#5484));
#5476 = ORIENTED_EDGE('',*,*,#5477,.T.);
#5477 = EDGE_CURVE('',#4445,#4547,#5478,.T.);
#5478 = LINE('',#5479,#5480);
#5479 = CARTESIAN_POINT('',(-1.4,0.7,0.15));
#5480 = VECTOR('',#5481,1.);
#5481 = DIRECTION('',(1.144237745222E-17,1.,0.));
#5482 = ORIENTED_EDGE('',*,*,#4554,.T.);
#5483 = ORIENTED_EDGE('',*,*,#5460,.F.);
#5484 = ORIENTED_EDGE('',*,*,#4452,.F.);
#5485 = PLANE('',#5486);
#5486 = AXIS2_PLACEMENT_3D('',#5487,#5488,#5489);
#5487 = CARTESIAN_POINT('',(-1.4,0.7,0.15));
#5488 = DIRECTION('',(0.,0.,-1.));
#5489 = DIRECTION('',(1.,-1.144237745222E-17,0.));
#5490 = ADVANCED_FACE('',(#5491),#5502,.F.);
#5491 = FACE_BOUND('',#5492,.F.);
#5492 = EDGE_LOOP('',(#5493,#5499,#5500,#5501));
#5493 = ORIENTED_EDGE('',*,*,#5494,.T.);
#5494 = EDGE_CURVE('',#4437,#4539,#5495,.T.);
#5495 = LINE('',#5496,#5497);
#5496 = CARTESIAN_POINT('',(-1.4,0.7,0.));
#5497 = VECTOR('',#5498,1.);
#5498 = DIRECTION('',(1.144237745222E-17,1.,0.));
#5499 = ORIENTED_EDGE('',*,*,#4546,.T.);
#5500 = ORIENTED_EDGE('',*,*,#5477,.F.);
#5501 = ORIENTED_EDGE('',*,*,#4444,.F.);
#5502 = PLANE('',#5503);
#5503 = AXIS2_PLACEMENT_3D('',#5504,#5505,#5506);
#5504 = CARTESIAN_POINT('',(-1.4,0.7,0.));
#5505 = DIRECTION('',(1.,-1.144237745222E-17,0.));
#5506 = DIRECTION('',(0.,0.,1.));
#5507 = ADVANCED_FACE('',(#5508),#5519,.F.);
#5508 = FACE_BOUND('',#5509,.F.);
#5509 = EDGE_LOOP('',(#5510,#5516,#5517,#5518));
#5510 = ORIENTED_EDGE('',*,*,#5511,.T.);
#5511 = EDGE_CURVE('',#4428,#4530,#5512,.T.);
#5512 = LINE('',#5513,#5514);
#5513 = CARTESIAN_POINT('',(-1.270530792283,0.7,0.));
#5514 = VECTOR('',#5515,1.);
#5515 = DIRECTION('',(1.144237745222E-17,1.,0.));
#5516 = ORIENTED_EDGE('',*,*,#4538,.T.);
#5517 = ORIENTED_EDGE('',*,*,#5494,.F.);
#5518 = ORIENTED_EDGE('',*,*,#4436,.F.);
#5519 = PLANE('',#5520);
#5520 = AXIS2_PLACEMENT_3D('',#5521,#5522,#5523);
#5521 = CARTESIAN_POINT('',(-1.270530792283,0.7,0.));
#5522 = DIRECTION('',(0.,0.,1.));
#5523 = DIRECTION('',(-1.,1.144237745222E-17,0.));
#5524 = ADVANCED_FACE('',(#5525),#5536,.T.);
#5525 = FACE_BOUND('',#5526,.T.);
#5526 = EDGE_LOOP('',(#5527,#5528,#5529,#5530));
#5527 = ORIENTED_EDGE('',*,*,#4427,.T.);
#5528 = ORIENTED_EDGE('',*,*,#5511,.T.);
#5529 = ORIENTED_EDGE('',*,*,#4529,.F.);
#5530 = ORIENTED_EDGE('',*,*,#5531,.F.);
#5531 = EDGE_CURVE('',#4420,#4522,#5532,.T.);
#5532 = LINE('',#5533,#5534);
#5533 = CARTESIAN_POINT('',(-1.02432885403,0.7,0.206587955583));
#5534 = VECTOR('',#5535,1.);
#5535 = DIRECTION('',(1.144237745222E-17,1.,0.));
#5536 = CYLINDRICAL_SURFACE('',#5537,0.25);
#5537 = AXIS2_PLACEMENT_3D('',#5538,#5539,#5540);
#5538 = CARTESIAN_POINT('',(-1.270530792283,0.7,0.25));
#5539 = DIRECTION('',(-1.144237745222E-17,-1.,0.));
#5540 = DIRECTION('',(0.984807753012,-1.126854202784E-17,-0.173648177667
    ));
#5541 = ADVANCED_FACE('',(#5542),#5548,.F.);
#5542 = FACE_BOUND('',#5543,.F.);
#5543 = EDGE_LOOP('',(#5544,#5545,#5546,#5547));
#5544 = ORIENTED_EDGE('',*,*,#4503,.T.);
#5545 = ORIENTED_EDGE('',*,*,#4521,.T.);
#5546 = ORIENTED_EDGE('',*,*,#5531,.F.);
#5547 = ORIENTED_EDGE('',*,*,#4419,.F.);
#5548 = PLANE('',#5549);
#5549 = AXIS2_PLACEMENT_3D('',#5550,#5551,#5552);
#5550 = CARTESIAN_POINT('',(-0.948480775301,0.7,0.667364817767));
#5551 = DIRECTION('',(-0.986721169868,1.129043606572E-17,0.162423314012)
  );
#5552 = DIRECTION('',(-0.162423314012,1.858508865964E-18,-0.986721169868
    ));
#5553 = ADVANCED_FACE('',(#5554),#5565,.F.);
#5554 = FACE_BOUND('',#5555,.F.);
#5555 = EDGE_LOOP('',(#5556,#5562,#5563,#5564));
#5556 = ORIENTED_EDGE('',*,*,#5557,.T.);
#5557 = EDGE_CURVE('',#4648,#4750,#5558,.T.);
#5558 = LINE('',#5559,#5560);
#5559 = CARTESIAN_POINT('',(1.172050016982,1.2,0.232635182233));
#5560 = VECTOR('',#5561,1.);
#5561 = DIRECTION('',(1.110223024625E-16,-1.,0.));
#5562 = ORIENTED_EDGE('',*,*,#4758,.T.);
#5563 = ORIENTED_EDGE('',*,*,#5155,.F.);
#5564 = ORIENTED_EDGE('',*,*,#4656,.F.);
#5565 = PLANE('',#5566);
#5566 = AXIS2_PLACEMENT_3D('',#5567,#5568,#5569);
#5567 = CARTESIAN_POINT('',(1.172050016982,1.2,0.232635182233));
#5568 = DIRECTION('',(-0.986721169868,-1.095480561672E-16,
    -0.162423314012));
#5569 = DIRECTION('',(-0.162423314012,-1.803261029519E-17,0.986721169868
    ));
#5570 = ADVANCED_FACE('',(#5571),#5582,.F.);
#5571 = FACE_BOUND('',#5572,.F.);
#5572 = EDGE_LOOP('',(#5573,#5579,#5580,#5581));
#5573 = ORIENTED_EDGE('',*,*,#5574,.T.);
#5574 = EDGE_CURVE('',#4640,#4742,#5575,.T.);
#5575 = LINE('',#5576,#5577);
#5576 = CARTESIAN_POINT('',(1.270530792283,1.2,0.15));
#5577 = VECTOR('',#5578,1.);
#5578 = DIRECTION('',(1.110223024625E-16,-1.,0.));
#5579 = ORIENTED_EDGE('',*,*,#4749,.T.);
#5580 = ORIENTED_EDGE('',*,*,#5557,.F.);
#5581 = ORIENTED_EDGE('',*,*,#4647,.F.);
#5582 = CYLINDRICAL_SURFACE('',#5583,0.1);
#5583 = AXIS2_PLACEMENT_3D('',#5584,#5585,#5586);
#5584 = CARTESIAN_POINT('',(1.270530792283,1.2,0.25));
#5585 = DIRECTION('',(-1.110223024625E-16,1.,0.));
#5586 = DIRECTION('',(2.22044604925E-15,2.465190328815E-31,-1.));
#5587 = ADVANCED_FACE('',(#5588),#5599,.F.);
#5588 = FACE_BOUND('',#5589,.F.);
#5589 = EDGE_LOOP('',(#5590,#5596,#5597,#5598));
#5590 = ORIENTED_EDGE('',*,*,#5591,.T.);
#5591 = EDGE_CURVE('',#4632,#4734,#5592,.T.);
#5592 = LINE('',#5593,#5594);
#5593 = CARTESIAN_POINT('',(1.4,1.2,0.15));
#5594 = VECTOR('',#5595,1.);
#5595 = DIRECTION('',(1.110223024625E-16,-1.,0.));
#5596 = ORIENTED_EDGE('',*,*,#4741,.T.);
#5597 = ORIENTED_EDGE('',*,*,#5574,.F.);
#5598 = ORIENTED_EDGE('',*,*,#4639,.F.);
#5599 = PLANE('',#5600);
#5600 = AXIS2_PLACEMENT_3D('',#5601,#5602,#5603);
#5601 = CARTESIAN_POINT('',(1.4,1.2,0.15));
#5602 = DIRECTION('',(0.,0.,-1.));
#5603 = DIRECTION('',(-1.,-1.110223024625E-16,-0.));
#5604 = ADVANCED_FACE('',(#5605),#5616,.F.);
#5605 = FACE_BOUND('',#5606,.F.);
#5606 = EDGE_LOOP('',(#5607,#5613,#5614,#5615));
#5607 = ORIENTED_EDGE('',*,*,#5608,.T.);
#5608 = EDGE_CURVE('',#4624,#4726,#5609,.T.);
#5609 = LINE('',#5610,#5611);
#5610 = CARTESIAN_POINT('',(1.4,1.2,0.));
#5611 = VECTOR('',#5612,1.);
#5612 = DIRECTION('',(1.110223024625E-16,-1.,0.));
#5613 = ORIENTED_EDGE('',*,*,#4733,.T.);
#5614 = ORIENTED_EDGE('',*,*,#5591,.F.);
#5615 = ORIENTED_EDGE('',*,*,#4631,.F.);
#5616 = PLANE('',#5617);
#5617 = AXIS2_PLACEMENT_3D('',#5618,#5619,#5620);
#5618 = CARTESIAN_POINT('',(1.4,1.2,0.));
#5619 = DIRECTION('',(-1.,-1.110223024625E-16,0.));
#5620 = DIRECTION('',(0.,0.,1.));
#5621 = ADVANCED_FACE('',(#5622),#5633,.F.);
#5622 = FACE_BOUND('',#5623,.F.);
#5623 = EDGE_LOOP('',(#5624,#5630,#5631,#5632));
#5624 = ORIENTED_EDGE('',*,*,#5625,.T.);
#5625 = EDGE_CURVE('',#4615,#4717,#5626,.T.);
#5626 = LINE('',#5627,#5628);
#5627 = CARTESIAN_POINT('',(1.270530792283,1.2,0.));
#5628 = VECTOR('',#5629,1.);
#5629 = DIRECTION('',(1.110223024625E-16,-1.,0.));
#5630 = ORIENTED_EDGE('',*,*,#4725,.T.);
#5631 = ORIENTED_EDGE('',*,*,#5608,.F.);
#5632 = ORIENTED_EDGE('',*,*,#4623,.F.);
#5633 = PLANE('',#5634);
#5634 = AXIS2_PLACEMENT_3D('',#5635,#5636,#5637);
#5635 = CARTESIAN_POINT('',(1.270530792283,1.2,0.));
#5636 = DIRECTION('',(0.,0.,1.));
#5637 = DIRECTION('',(1.,1.110223024625E-16,-0.));
#5638 = ADVANCED_FACE('',(#5639),#5650,.T.);
#5639 = FACE_BOUND('',#5640,.T.);
#5640 = EDGE_LOOP('',(#5641,#5642,#5643,#5644));
#5641 = ORIENTED_EDGE('',*,*,#4614,.T.);
#5642 = ORIENTED_EDGE('',*,*,#5625,.T.);
#5643 = ORIENTED_EDGE('',*,*,#4716,.F.);
#5644 = ORIENTED_EDGE('',*,*,#5645,.F.);
#5645 = EDGE_CURVE('',#4607,#4709,#5646,.T.);
#5646 = LINE('',#5647,#5648);
#5647 = CARTESIAN_POINT('',(1.02432885403,1.2,0.206587955583));
#5648 = VECTOR('',#5649,1.);
#5649 = DIRECTION('',(1.110223024625E-16,-1.,0.));
#5650 = CYLINDRICAL_SURFACE('',#5651,0.25);
#5651 = AXIS2_PLACEMENT_3D('',#5652,#5653,#5654);
#5652 = CARTESIAN_POINT('',(1.270530792283,1.2,0.25));
#5653 = DIRECTION('',(-1.110223024625E-16,1.,0.));
#5654 = DIRECTION('',(-0.984807753012,-1.093356242223E-16,
    -0.173648177667));
#5655 = ADVANCED_FACE('',(#5656),#5662,.F.);
#5656 = FACE_BOUND('',#5657,.F.);
#5657 = EDGE_LOOP('',(#5658,#5659,#5660,#5661));
#5658 = ORIENTED_EDGE('',*,*,#4690,.T.);
#5659 = ORIENTED_EDGE('',*,*,#4708,.T.);
#5660 = ORIENTED_EDGE('',*,*,#5645,.F.);
#5661 = ORIENTED_EDGE('',*,*,#4606,.F.);
#5662 = PLANE('',#5663);
#5663 = AXIS2_PLACEMENT_3D('',#5664,#5665,#5666);
#5664 = CARTESIAN_POINT('',(0.948480775301,1.2,0.667364817767));
#5665 = DIRECTION('',(0.986721169868,1.095480561672E-16,0.162423314012)
  );
#5666 = DIRECTION('',(0.162423314012,1.803261029519E-17,-0.986721169868)
  );
#5667 = ADVANCED_FACE('',(#5668),#5679,.T.);
#5668 = FACE_BOUND('',#5669,.T.);
#5669 = EDGE_LOOP('',(#5670,#5671,#5672,#5673));
#5670 = ORIENTED_EDGE('',*,*,#4868,.T.);
#5671 = ORIENTED_EDGE('',*,*,#5118,.T.);
#5672 = ORIENTED_EDGE('',*,*,#4977,.F.);
#5673 = ORIENTED_EDGE('',*,*,#5674,.F.);
#5674 = EDGE_CURVE('',#4861,#4970,#5675,.T.);
#5675 = LINE('',#5676,#5677);
#5676 = CARTESIAN_POINT('',(1.096201938253,-0.7,0.693412044417));
#5677 = VECTOR('',#5678,1.);
#5678 = DIRECTION('',(1.110223024625E-16,-1.,0.));
#5679 = CYLINDRICAL_SURFACE('',#5680,0.25);
#5680 = AXIS2_PLACEMENT_3D('',#5681,#5682,#5683);
#5681 = CARTESIAN_POINT('',(0.85,-0.7,0.65));
#5682 = DIRECTION('',(-1.110223024625E-16,1.,0.));
#5683 = DIRECTION('',(0.984807753012,1.093356242223E-16,0.173648177667)
  );
#5684 = ADVANCED_FACE('',(#5685),#5696,.F.);
#5685 = FACE_BOUND('',#5686,.F.);
#5686 = EDGE_LOOP('',(#5687,#5693,#5694,#5695));
#5687 = ORIENTED_EDGE('',*,*,#5688,.T.);
#5688 = EDGE_CURVE('',#4852,#4961,#5689,.T.);
#5689 = LINE('',#5690,#5691);
#5690 = CARTESIAN_POINT('',(1.172050016982,-0.7,0.232635182233));
#5691 = VECTOR('',#5692,1.);
#5692 = DIRECTION('',(1.110223024625E-16,-1.,0.));
#5693 = ORIENTED_EDGE('',*,*,#4969,.T.);
#5694 = ORIENTED_EDGE('',*,*,#5674,.F.);
#5695 = ORIENTED_EDGE('',*,*,#4860,.F.);
#5696 = PLANE('',#5697);
#5697 = AXIS2_PLACEMENT_3D('',#5698,#5699,#5700);
#5698 = CARTESIAN_POINT('',(1.172050016982,-0.7,0.232635182233));
#5699 = DIRECTION('',(-0.986721169868,-1.095480561672E-16,
    -0.162423314012));
#5700 = DIRECTION('',(-0.162423314012,-1.803261029519E-17,0.986721169868
    ));
#5701 = ADVANCED_FACE('',(#5702),#5713,.F.);
#5702 = FACE_BOUND('',#5703,.F.);
#5703 = EDGE_LOOP('',(#5704,#5710,#5711,#5712));
#5704 = ORIENTED_EDGE('',*,*,#5705,.T.);
#5705 = EDGE_CURVE('',#4844,#4953,#5706,.T.);
#5706 = LINE('',#5707,#5708);
#5707 = CARTESIAN_POINT('',(1.270530792283,-0.7,0.15));
#5708 = VECTOR('',#5709,1.);
#5709 = DIRECTION('',(1.110223024625E-16,-1.,0.));
#5710 = ORIENTED_EDGE('',*,*,#4960,.T.);
#5711 = ORIENTED_EDGE('',*,*,#5688,.F.);
#5712 = ORIENTED_EDGE('',*,*,#4851,.F.);
#5713 = CYLINDRICAL_SURFACE('',#5714,0.1);
#5714 = AXIS2_PLACEMENT_3D('',#5715,#5716,#5717);
#5715 = CARTESIAN_POINT('',(1.270530792283,-0.7,0.25));
#5716 = DIRECTION('',(-1.110223024625E-16,1.,0.));
#5717 = DIRECTION('',(2.22044604925E-15,2.465190328815E-31,-1.));
#5718 = ADVANCED_FACE('',(#5719),#5730,.F.);
#5719 = FACE_BOUND('',#5720,.F.);
#5720 = EDGE_LOOP('',(#5721,#5727,#5728,#5729));
#5721 = ORIENTED_EDGE('',*,*,#5722,.T.);
#5722 = EDGE_CURVE('',#4836,#4945,#5723,.T.);
#5723 = LINE('',#5724,#5725);
#5724 = CARTESIAN_POINT('',(1.4,-0.7,0.15));
#5725 = VECTOR('',#5726,1.);
#5726 = DIRECTION('',(1.110223024625E-16,-1.,0.));
#5727 = ORIENTED_EDGE('',*,*,#4952,.T.);
#5728 = ORIENTED_EDGE('',*,*,#5705,.F.);
#5729 = ORIENTED_EDGE('',*,*,#4843,.F.);
#5730 = PLANE('',#5731);
#5731 = AXIS2_PLACEMENT_3D('',#5732,#5733,#5734);
#5732 = CARTESIAN_POINT('',(1.4,-0.7,0.15));
#5733 = DIRECTION('',(0.,0.,-1.));
#5734 = DIRECTION('',(-1.,-1.110223024625E-16,-0.));
#5735 = ADVANCED_FACE('',(#5736),#5747,.F.);
#5736 = FACE_BOUND('',#5737,.F.);
#5737 = EDGE_LOOP('',(#5738,#5744,#5745,#5746));
#5738 = ORIENTED_EDGE('',*,*,#5739,.T.);
#5739 = EDGE_CURVE('',#4828,#4937,#5740,.T.);
#5740 = LINE('',#5741,#5742);
#5741 = CARTESIAN_POINT('',(1.4,-0.7,0.));
#5742 = VECTOR('',#5743,1.);
#5743 = DIRECTION('',(1.110223024625E-16,-1.,0.));
#5744 = ORIENTED_EDGE('',*,*,#4944,.T.);
#5745 = ORIENTED_EDGE('',*,*,#5722,.F.);
#5746 = ORIENTED_EDGE('',*,*,#4835,.F.);
#5747 = PLANE('',#5748);
#5748 = AXIS2_PLACEMENT_3D('',#5749,#5750,#5751);
#5749 = CARTESIAN_POINT('',(1.4,-0.7,0.));
#5750 = DIRECTION('',(-1.,-1.110223024625E-16,0.));
#5751 = DIRECTION('',(0.,0.,1.));
#5752 = ADVANCED_FACE('',(#5753),#5764,.F.);
#5753 = FACE_BOUND('',#5754,.F.);
#5754 = EDGE_LOOP('',(#5755,#5761,#5762,#5763));
#5755 = ORIENTED_EDGE('',*,*,#5756,.T.);
#5756 = EDGE_CURVE('',#4819,#4928,#5757,.T.);
#5757 = LINE('',#5758,#5759);
#5758 = CARTESIAN_POINT('',(1.270530792283,-0.7,0.));
#5759 = VECTOR('',#5760,1.);
#5760 = DIRECTION('',(1.110223024625E-16,-1.,0.));
#5761 = ORIENTED_EDGE('',*,*,#4936,.T.);
#5762 = ORIENTED_EDGE('',*,*,#5739,.F.);
#5763 = ORIENTED_EDGE('',*,*,#4827,.F.);
#5764 = PLANE('',#5765);
#5765 = AXIS2_PLACEMENT_3D('',#5766,#5767,#5768);
#5766 = CARTESIAN_POINT('',(1.270530792283,-0.7,0.));
#5767 = DIRECTION('',(0.,0.,1.));
#5768 = DIRECTION('',(1.,1.110223024625E-16,-0.));
#5769 = ADVANCED_FACE('',(#5770),#5781,.T.);
#5770 = FACE_BOUND('',#5771,.T.);
#5771 = EDGE_LOOP('',(#5772,#5773,#5774,#5775));
#5772 = ORIENTED_EDGE('',*,*,#4818,.T.);
#5773 = ORIENTED_EDGE('',*,*,#5756,.T.);
#5774 = ORIENTED_EDGE('',*,*,#4927,.F.);
#5775 = ORIENTED_EDGE('',*,*,#5776,.F.);
#5776 = EDGE_CURVE('',#4811,#4920,#5777,.T.);
#5777 = LINE('',#5778,#5779);
#5778 = CARTESIAN_POINT('',(1.02432885403,-0.7,0.206587955583));
#5779 = VECTOR('',#5780,1.);
#5780 = DIRECTION('',(1.110223024625E-16,-1.,0.));
#5781 = CYLINDRICAL_SURFACE('',#5782,0.25);
#5782 = AXIS2_PLACEMENT_3D('',#5783,#5784,#5785);
#5783 = CARTESIAN_POINT('',(1.270530792283,-0.7,0.25));
#5784 = DIRECTION('',(-1.110223024625E-16,1.,0.));
#5785 = DIRECTION('',(-0.984807753012,-1.093356242223E-16,
    -0.173648177667));
#5786 = ADVANCED_FACE('',(#5787),#5793,.F.);
#5787 = FACE_BOUND('',#5788,.F.);
#5788 = EDGE_LOOP('',(#5789,#5790,#5791,#5792));
#5789 = ORIENTED_EDGE('',*,*,#4901,.T.);
#5790 = ORIENTED_EDGE('',*,*,#4919,.T.);
#5791 = ORIENTED_EDGE('',*,*,#5776,.F.);
#5792 = ORIENTED_EDGE('',*,*,#4810,.F.);
#5793 = PLANE('',#5794);
#5794 = AXIS2_PLACEMENT_3D('',#5795,#5796,#5797);
#5795 = CARTESIAN_POINT('',(0.948480775301,-0.7,0.667364817767));
#5796 = DIRECTION('',(0.986721169868,1.095480561672E-16,0.162423314012)
  );
#5797 = DIRECTION('',(0.162423314012,1.803261029519E-17,-0.986721169868)
  );
#5798 = ADVANCED_FACE('',(#5799),#5802,.F.);
#5799 = FACE_BOUND('',#5800,.T.);
#5800 = EDGE_LOOP('',(#5801));
#5801 = ORIENTED_EDGE('',*,*,#5084,.F.);
#5802 = PLANE('',#5803);
#5803 = AXIS2_PLACEMENT_3D('',#5804,#5805,#5806);
#5804 = CARTESIAN_POINT('',(-0.483648457443,1.133648457443,1.55));
#5805 = DIRECTION('',(0.,0.,-1.));
#5806 = DIRECTION('',(1.110223024625E-16,-1.,0.));
#5807 = ( GEOMETRIC_REPRESENTATION_CONTEXT(3) 
GLOBAL_UNCERTAINTY_ASSIGNED_CONTEXT((#5811)) 
GLOBAL_UNIT_ASSIGNED_CONTEXT((#5808,#5809,#5810)) REPRESENTATION_CONTEXT
('Context #1','3D Context with UNIT and UNCERTAINTY') );
#5808 = ( LENGTH_UNIT() NAMED_UNIT(*) SI_UNIT(.MILLI.,.METRE.) );
#5809 = ( NAMED_UNIT(*) PLANE_ANGLE_UNIT() SI_UNIT($,.RADIAN.) );
#5810 = ( NAMED_UNIT(*) SI_UNIT($,.STERADIAN.) SOLID_ANGLE_UNIT() );
#5811 = UNCERTAINTY_MEASURE_WITH_UNIT(LENGTH_MEASURE(1.E-07),#5808,
  'distance_accuracy_value','confusion accuracy');
#5812 = CONTEXT_DEPENDENT_SHAPE_REPRESENTATION(#5813,#5815);
#5813 = ( REPRESENTATION_RELATIONSHIP('','',#2737,#2714) 
REPRESENTATION_RELATIONSHIP_WITH_TRANSFORMATION(#5814) 
SHAPE_REPRESENTATION_RELATIONSHIP() );
#5814 = ITEM_DEFINED_TRANSFORMATION('','',#11,#2715);
#5815 = PRODUCT_DEFINITION_SHAPE('Placement','Placement of an item',
  #5816);
#5816 = NEXT_ASSEMBLY_USAGE_OCCURRENCE('9','=>[0:1:1:9]','',#2709,#2732,
  $);
#5817 = PRODUCT_RELATED_PRODUCT_CATEGORY('part',$,(#2734));
#5818 = SHAPE_DEFINITION_REPRESENTATION(#5819,#5825);
#5819 = PRODUCT_DEFINITION_SHAPE('','',#5820);
#5820 = PRODUCT_DEFINITION('design','',#5821,#5824);
#5821 = PRODUCT_DEFINITION_FORMATION('','',#5822);
#5822 = PRODUCT('Hirose_FH12-10S-0.5SH_1x10-1MP_P0.50mm_Horizontal',
  'Hirose_FH12-10S-0.5SH_1x10-1MP_P0.50mm_Horizontal','',(#5823));
#5823 = PRODUCT_CONTEXT('',#2,'mechanical');
#5824 = PRODUCT_DEFINITION_CONTEXT('part definition',#2,'design');
#5825 = SHAPE_REPRESENTATION('',(#11,#5826),#5830);
#5826 = AXIS2_PLACEMENT_3D('',#5827,#5828,#5829);
#5827 = CARTESIAN_POINT('',(0.,0.,0.));
#5828 = DIRECTION('',(0.,0.,1.));
#5829 = DIRECTION('',(1.,0.,-0.));
#5830 = ( GEOMETRIC_REPRESENTATION_CONTEXT(3) 
GLOBAL_UNCERTAINTY_ASSIGNED_CONTEXT((#5834)) 
GLOBAL_UNIT_ASSIGNED_CONTEXT((#5831,#5832,#5833)) REPRESENTATION_CONTEXT
('Context #1','3D Context with UNIT and UNCERTAINTY') );
#5831 = ( LENGTH_UNIT() NAMED_UNIT(*) SI_UNIT(.MILLI.,.METRE.) );
#5832 = ( NAMED_UNIT(*) PLANE_ANGLE_UNIT() SI_UNIT($,.RADIAN.) );
#5833 = ( NAMED_UNIT(*) SI_UNIT($,.STERADIAN.) SOLID_ANGLE_UNIT() );
#5834 = UNCERTAINTY_MEASURE_WITH_UNIT(LENGTH_MEASURE(1.E-07),#5831,
  'distance_accuracy_value','confusion accuracy');
#5835 = CONTEXT_DEPENDENT_SHAPE_REPRESENTATION(#5836,#5838);
#5836 = ( REPRESENTATION_RELATIONSHIP('','',#5825,#10) 
REPRESENTATION_RELATIONSHIP_WITH_TRANSFORMATION(#5837) 
SHAPE_REPRESENTATION_RELATIONSHIP() );
#5837 = ITEM_DEFINED_TRANSFORMATION('','',#11,#39);
#5838 = PRODUCT_DEFINITION_SHAPE('Placement','Placement of an item',
  #5839);
#5839 = NEXT_ASSEMBLY_USAGE_OCCURRENCE('15','J1','',#5,#5820,$);
#5840 = PRODUCT_RELATED_PRODUCT_CATEGORY('part',$,(#5822));
#5841 = SHAPE_DEFINITION_REPRESENTATION(#5842,#5848);
#5842 = PRODUCT_DEFINITION_SHAPE('','',#5843);
#5843 = PRODUCT_DEFINITION('design','',#5844,#5847);
#5844 = PRODUCT_DEFINITION_FORMATION('','',#5845);
#5845 = PRODUCT('Hirose_FH12_xxS_0_5SH_Parametric_v0_1',
  'Hirose_FH12_xxS_0_5SH_Parametric_v0_1','',(#5846));
#5846 = PRODUCT_CONTEXT('',#2,'mechanical');
#5847 = PRODUCT_DEFINITION_CONTEXT('part definition',#2,'design');
#5848 = SHAPE_REPRESENTATION('',(#11,#5849,#5853,#5857),#5861);
#5849 = AXIS2_PLACEMENT_3D('',#5850,#5851,#5852);
#5850 = CARTESIAN_POINT('',(-4.440892098501E-17,-1.4,0.));
#5851 = DIRECTION('',(0.,-0.,1.));
#5852 = DIRECTION('',(2.22044604925E-16,1.,0.));
#5853 = AXIS2_PLACEMENT_3D('',#5854,#5855,#5856);
#5854 = CARTESIAN_POINT('',(-4.440892098501E-17,-1.4,0.));
#5855 = DIRECTION('',(0.,-0.,1.));
#5856 = DIRECTION('',(2.22044604925E-16,1.,0.));
#5857 = AXIS2_PLACEMENT_3D('',#5858,#5859,#5860);
#5858 = CARTESIAN_POINT('',(-4.440892098501E-17,-1.4,0.));
#5859 = DIRECTION('',(0.,-0.,1.));
#5860 = DIRECTION('',(2.22044604925E-16,1.,0.));
#5861 = ( GEOMETRIC_REPRESENTATION_CONTEXT(3) 
GLOBAL_UNCERTAINTY_ASSIGNED_CONTEXT((#5865)) 
GLOBAL_UNIT_ASSIGNED_CONTEXT((#5862,#5863,#5864)) REPRESENTATION_CONTEXT
('Context #1','3D Context with UNIT and UNCERTAINTY') );
#5862 = ( LENGTH_UNIT() NAMED_UNIT(*) SI_UNIT(.MILLI.,.METRE.) );
#5863 = ( NAMED_UNIT(*) PLANE_ANGLE_UNIT() SI_UNIT($,.RADIAN.) );
#5864 = ( NAMED_UNIT(*) SI_UNIT($,.STERADIAN.) SOLID_ANGLE_UNIT() );
#5865 = UNCERTAINTY_MEASURE_WITH_UNIT(LENGTH_MEASURE(1.E-07),#5862,
  'distance_accuracy_value','confusion accuracy');
#5866 = CONTEXT_DEPENDENT_SHAPE_REPRESENTATION(#5867,#5869);
#5867 = ( REPRESENTATION_RELATIONSHIP('','',#5848,#5825) 
REPRESENTATION_RELATIONSHIP_WITH_TRANSFORMATION(#5868) 
SHAPE_REPRESENTATION_RELATIONSHIP() );
#5868 = ITEM_DEFINED_TRANSFORMATION('','',#11,#5826);
#5869 = PRODUCT_DEFINITION_SHAPE('Placement','Placement of an item',
  #5870);
#5870 = NEXT_ASSEMBLY_USAGE_OCCURRENCE('14','=>[0:1:1:11]','',#5820,
  #5843,$);
#5871 = PRODUCT_RELATED_PRODUCT_CATEGORY('part',$,(#5845));
#5872 = SHAPE_DEFINITION_REPRESENTATION(#5873,#5879);
#5873 = PRODUCT_DEFINITION_SHAPE('','',#5874);
#5874 = PRODUCT_DEFINITION('design','',#5875,#5878);
#5875 = PRODUCT_DEFINITION_FORMATION('','',#5876);
#5876 = PRODUCT('body','body','',(#5877));
#5877 = PRODUCT_CONTEXT('',#2,'mechanical');
#5878 = PRODUCT_DEFINITION_CONTEXT('part definition',#2,'design');
#5879 = ADVANCED_BREP_SHAPE_REPRESENTATION('',(#11,#5880),#6360);
#5880 = MANIFOLD_SOLID_BREP('',#5881);
#5881 = CLOSED_SHELL('',(#5882,#5954,#5985,#6025,#6049,#6073,#6152,#6176
    ,#6200,#6224,#6259,#6271,#6295,#6319,#6336,#6348));
#5882 = ADVANCED_FACE('',(#5883),#5949,.T.);
#5883 = FACE_BOUND('',#5884,.T.);
#5884 = EDGE_LOOP('',(#5885,#5895,#5903,#5911,#5919,#5927,#5935,#5943));
#5885 = ORIENTED_EDGE('',*,*,#5886,.F.);
#5886 = EDGE_CURVE('',#5887,#5889,#5891,.T.);
#5887 = VERTEX_POINT('',#5888);
#5888 = CARTESIAN_POINT('',(2.6,4.05,0.));
#5889 = VERTEX_POINT('',#5890);
#5890 = CARTESIAN_POINT('',(2.6,-4.05,0.));
#5891 = LINE('',#5892,#5893);
#5892 = CARTESIAN_POINT('',(2.6,4.05,0.));
#5893 = VECTOR('',#5894,1.);
#5894 = DIRECTION('',(0.,-1.,0.));
#5895 = ORIENTED_EDGE('',*,*,#5896,.T.);
#5896 = EDGE_CURVE('',#5887,#5897,#5899,.T.);
#5897 = VERTEX_POINT('',#5898);
#5898 = CARTESIAN_POINT('',(2.6,4.05,0.75));
#5899 = LINE('',#5900,#5901);
#5900 = CARTESIAN_POINT('',(2.6,4.05,0.));
#5901 = VECTOR('',#5902,1.);
#5902 = DIRECTION('',(0.,0.,1.));
#5903 = ORIENTED_EDGE('',*,*,#5904,.T.);
#5904 = EDGE_CURVE('',#5897,#5905,#5907,.T.);
#5905 = VERTEX_POINT('',#5906);
#5906 = CARTESIAN_POINT('',(2.6,3.2,0.75));
#5907 = LINE('',#5908,#5909);
#5908 = CARTESIAN_POINT('',(2.6,2.025,0.75));
#5909 = VECTOR('',#5910,1.);
#5910 = DIRECTION('',(0.,-1.,0.));
#5911 = ORIENTED_EDGE('',*,*,#5912,.F.);
#5912 = EDGE_CURVE('',#5913,#5905,#5915,.T.);
#5913 = VERTEX_POINT('',#5914);
#5914 = CARTESIAN_POINT('',(2.6,3.2,2.));
#5915 = LINE('',#5916,#5917);
#5916 = CARTESIAN_POINT('',(2.6,3.2,1.));
#5917 = VECTOR('',#5918,1.);
#5918 = DIRECTION('',(0.,0.,-1.));
#5919 = ORIENTED_EDGE('',*,*,#5920,.T.);
#5920 = EDGE_CURVE('',#5913,#5921,#5923,.T.);
#5921 = VERTEX_POINT('',#5922);
#5922 = CARTESIAN_POINT('',(2.6,-3.2,2.));
#5923 = LINE('',#5924,#5925);
#5924 = CARTESIAN_POINT('',(2.6,4.05,2.));
#5925 = VECTOR('',#5926,1.);
#5926 = DIRECTION('',(0.,-1.,0.));
#5927 = ORIENTED_EDGE('',*,*,#5928,.F.);
#5928 = EDGE_CURVE('',#5929,#5921,#5931,.T.);
#5929 = VERTEX_POINT('',#5930);
#5930 = CARTESIAN_POINT('',(2.6,-3.2,0.75));
#5931 = LINE('',#5932,#5933);
#5932 = CARTESIAN_POINT('',(2.6,-3.2,1.));
#5933 = VECTOR('',#5934,1.);
#5934 = DIRECTION('',(0.,0.,1.));
#5935 = ORIENTED_EDGE('',*,*,#5936,.T.);
#5936 = EDGE_CURVE('',#5929,#5937,#5939,.T.);
#5937 = VERTEX_POINT('',#5938);
#5938 = CARTESIAN_POINT('',(2.6,-4.05,0.75));
#5939 = LINE('',#5940,#5941);
#5940 = CARTESIAN_POINT('',(2.6,2.025,0.75));
#5941 = VECTOR('',#5942,1.);
#5942 = DIRECTION('',(0.,-1.,0.));
#5943 = ORIENTED_EDGE('',*,*,#5944,.F.);
#5944 = EDGE_CURVE('',#5889,#5937,#5945,.T.);
#5945 = LINE('',#5946,#5947);
#5946 = CARTESIAN_POINT('',(2.6,-4.05,0.));
#5947 = VECTOR('',#5948,1.);
#5948 = DIRECTION('',(0.,0.,1.));
#5949 = PLANE('',#5950);
#5950 = AXIS2_PLACEMENT_3D('',#5951,#5952,#5953);
#5951 = CARTESIAN_POINT('',(2.6,4.05,0.));
#5952 = DIRECTION('',(1.,0.,0.));
#5953 = DIRECTION('',(0.,-1.,0.));
#5954 = ADVANCED_FACE('',(#5955),#5980,.F.);
#5955 = FACE_BOUND('',#5956,.T.);
#5956 = EDGE_LOOP('',(#5957,#5958,#5966,#5974));
#5957 = ORIENTED_EDGE('',*,*,#5886,.T.);
#5958 = ORIENTED_EDGE('',*,*,#5959,.T.);
#5959 = EDGE_CURVE('',#5889,#5960,#5962,.T.);
#5960 = VERTEX_POINT('',#5961);
#5961 = CARTESIAN_POINT('',(-2.,-4.05,0.));
#5962 = LINE('',#5963,#5964);
#5963 = CARTESIAN_POINT('',(2.6,-4.05,0.));
#5964 = VECTOR('',#5965,1.);
#5965 = DIRECTION('',(-1.,0.,0.));
#5966 = ORIENTED_EDGE('',*,*,#5967,.F.);
#5967 = EDGE_CURVE('',#5968,#5960,#5970,.T.);
#5968 = VERTEX_POINT('',#5969);
#5969 = CARTESIAN_POINT('',(-2.,4.05,0.));
#5970 = LINE('',#5971,#5972);
#5971 = CARTESIAN_POINT('',(-2.,4.05,0.));
#5972 = VECTOR('',#5973,1.);
#5973 = DIRECTION('',(0.,-1.,0.));
#5974 = ORIENTED_EDGE('',*,*,#5975,.F.);
#5975 = EDGE_CURVE('',#5887,#5968,#5976,.T.);
#5976 = LINE('',#5977,#5978);
#5977 = CARTESIAN_POINT('',(2.6,4.05,0.));
#5978 = VECTOR('',#5979,1.);
#5979 = DIRECTION('',(-1.,0.,0.));
#5980 = PLANE('',#5981);
#5981 = AXIS2_PLACEMENT_3D('',#5982,#5983,#5984);
#5982 = CARTESIAN_POINT('',(0.3,0.,0.));
#5983 = DIRECTION('',(0.,0.,1.));
#5984 = DIRECTION('',(1.,0.,-0.));
#5985 = ADVANCED_FACE('',(#5986),#6020,.T.);
#5986 = FACE_BOUND('',#5987,.T.);
#5987 = EDGE_LOOP('',(#5988,#5989,#5990,#5998,#6006,#6014));
#5988 = ORIENTED_EDGE('',*,*,#5959,.F.);
#5989 = ORIENTED_EDGE('',*,*,#5944,.T.);
#5990 = ORIENTED_EDGE('',*,*,#5991,.T.);
#5991 = EDGE_CURVE('',#5937,#5992,#5994,.T.);
#5992 = VERTEX_POINT('',#5993);
#5993 = CARTESIAN_POINT('',(0.8,-4.05,0.75));
#5994 = LINE('',#5995,#5996);
#5995 = CARTESIAN_POINT('',(2.524637681159,-4.05,0.75));
#5996 = VECTOR('',#5997,1.);
#5997 = DIRECTION('',(-1.,0.,0.));
#5998 = ORIENTED_EDGE('',*,*,#5999,.T.);
#5999 = EDGE_CURVE('',#5992,#6000,#6002,.T.);
#6000 = VERTEX_POINT('',#6001);
#6001 = CARTESIAN_POINT('',(0.8,-4.05,2.));
#6002 = LINE('',#6003,#6004);
#6003 = CARTESIAN_POINT('',(0.8,-4.05,1.));
#6004 = VECTOR('',#6005,1.);
#6005 = DIRECTION('',(0.,0.,1.));
#6006 = ORIENTED_EDGE('',*,*,#6007,.T.);
#6007 = EDGE_CURVE('',#6000,#6008,#6010,.T.);
#6008 = VERTEX_POINT('',#6009);
#6009 = CARTESIAN_POINT('',(-2.,-4.05,2.));
#6010 = LINE('',#6011,#6012);
#6011 = CARTESIAN_POINT('',(2.6,-4.05,2.));
#6012 = VECTOR('',#6013,1.);
#6013 = DIRECTION('',(-1.,0.,0.));
#6014 = ORIENTED_EDGE('',*,*,#6015,.F.);
#6015 = EDGE_CURVE('',#5960,#6008,#6016,.T.);
#6016 = LINE('',#6017,#6018);
#6017 = CARTESIAN_POINT('',(-2.,-4.05,0.));
#6018 = VECTOR('',#6019,1.);
#6019 = DIRECTION('',(0.,0.,1.));
#6020 = PLANE('',#6021);
#6021 = AXIS2_PLACEMENT_3D('',#6022,#6023,#6024);
#6022 = CARTESIAN_POINT('',(2.6,-4.05,0.));
#6023 = DIRECTION('',(0.,-1.,0.));
#6024 = DIRECTION('',(-1.,0.,0.));
#6025 = ADVANCED_FACE('',(#6026),#6044,.T.);
#6026 = FACE_BOUND('',#6027,.T.);
#6027 = EDGE_LOOP('',(#6028,#6029,#6037,#6043));
#6028 = ORIENTED_EDGE('',*,*,#5936,.F.);
#6029 = ORIENTED_EDGE('',*,*,#6030,.T.);
#6030 = EDGE_CURVE('',#5929,#6031,#6033,.T.);
#6031 = VERTEX_POINT('',#6032);
#6032 = CARTESIAN_POINT('',(0.8,-3.2,0.75));
#6033 = LINE('',#6034,#6035);
#6034 = CARTESIAN_POINT('',(2.7,-3.2,0.75));
#6035 = VECTOR('',#6036,1.);
#6036 = DIRECTION('',(-1.,0.,0.));
#6037 = ORIENTED_EDGE('',*,*,#6038,.F.);
#6038 = EDGE_CURVE('',#5992,#6031,#6039,.T.);
#6039 = LINE('',#6040,#6041);
#6040 = CARTESIAN_POINT('',(0.8,-4.7,0.75));
#6041 = VECTOR('',#6042,1.);
#6042 = DIRECTION('',(0.,1.,0.));
#6043 = ORIENTED_EDGE('',*,*,#5991,.F.);
#6044 = PLANE('',#6045);
#6045 = AXIS2_PLACEMENT_3D('',#6046,#6047,#6048);
#6046 = CARTESIAN_POINT('',(2.449275362319,-1.287215101015E-16,0.75));
#6047 = DIRECTION('',(0.,0.,1.));
#6048 = DIRECTION('',(1.,0.,-0.));
#6049 = ADVANCED_FACE('',(#6050),#6068,.F.);
#6050 = FACE_BOUND('',#6051,.F.);
#6051 = EDGE_LOOP('',(#6052,#6060,#6061,#6062));
#6052 = ORIENTED_EDGE('',*,*,#6053,.F.);
#6053 = EDGE_CURVE('',#5921,#6054,#6056,.T.);
#6054 = VERTEX_POINT('',#6055);
#6055 = CARTESIAN_POINT('',(0.8,-3.2,2.));
#6056 = LINE('',#6057,#6058);
#6057 = CARTESIAN_POINT('',(2.7,-3.2,2.));
#6058 = VECTOR('',#6059,1.);
#6059 = DIRECTION('',(-1.,0.,0.));
#6060 = ORIENTED_EDGE('',*,*,#5928,.F.);
#6061 = ORIENTED_EDGE('',*,*,#6030,.T.);
#6062 = ORIENTED_EDGE('',*,*,#6063,.F.);
#6063 = EDGE_CURVE('',#6054,#6031,#6064,.T.);
#6064 = LINE('',#6065,#6066);
#6065 = CARTESIAN_POINT('',(0.8,-3.2,2.));
#6066 = VECTOR('',#6067,1.);
#6067 = DIRECTION('',(-0.,-0.,-1.));
#6068 = PLANE('',#6069);
#6069 = AXIS2_PLACEMENT_3D('',#6070,#6071,#6072);
#6070 = CARTESIAN_POINT('',(2.7,-3.2,2.));
#6071 = DIRECTION('',(0.,1.,0.));
#6072 = DIRECTION('',(-1.,0.,0.));
#6073 = ADVANCED_FACE('',(#6074),#6147,.T.);
#6074 = FACE_BOUND('',#6075,.T.);
#6075 = EDGE_LOOP('',(#6076,#6077,#6085,#6093,#6101,#6109,#6117,#6125,
    #6133,#6139,#6140,#6146));
#6076 = ORIENTED_EDGE('',*,*,#5920,.F.);
#6077 = ORIENTED_EDGE('',*,*,#6078,.F.);
#6078 = EDGE_CURVE('',#6079,#5913,#6081,.T.);
#6079 = VERTEX_POINT('',#6080);
#6080 = CARTESIAN_POINT('',(0.8,3.2,2.));
#6081 = LINE('',#6082,#6083);
#6082 = CARTESIAN_POINT('',(0.8,3.2,2.));
#6083 = VECTOR('',#6084,1.);
#6084 = DIRECTION('',(1.,0.,0.));
#6085 = ORIENTED_EDGE('',*,*,#6086,.T.);
#6086 = EDGE_CURVE('',#6079,#6087,#6089,.T.);
#6087 = VERTEX_POINT('',#6088);
#6088 = CARTESIAN_POINT('',(0.8,4.05,2.));
#6089 = LINE('',#6090,#6091);
#6090 = CARTESIAN_POINT('',(0.8,3.2,2.));
#6091 = VECTOR('',#6092,1.);
#6092 = DIRECTION('',(0.,1.,0.));
#6093 = ORIENTED_EDGE('',*,*,#6094,.T.);
#6094 = EDGE_CURVE('',#6087,#6095,#6097,.T.);
#6095 = VERTEX_POINT('',#6096);
#6096 = CARTESIAN_POINT('',(-2.,4.05,2.));
#6097 = LINE('',#6098,#6099);
#6098 = CARTESIAN_POINT('',(2.6,4.05,2.));
#6099 = VECTOR('',#6100,1.);
#6100 = DIRECTION('',(-1.,0.,0.));
#6101 = ORIENTED_EDGE('',*,*,#6102,.T.);
#6102 = EDGE_CURVE('',#6095,#6103,#6105,.T.);
#6103 = VERTEX_POINT('',#6104);
#6104 = CARTESIAN_POINT('',(-2.,3.285,2.));
#6105 = LINE('',#6106,#6107);
#6106 = CARTESIAN_POINT('',(-2.,4.05,2.));
#6107 = VECTOR('',#6108,1.);
#6108 = DIRECTION('',(0.,-1.,0.));
#6109 = ORIENTED_EDGE('',*,*,#6110,.T.);
#6110 = EDGE_CURVE('',#6103,#6111,#6113,.T.);
#6111 = VERTEX_POINT('',#6112);
#6112 = CARTESIAN_POINT('',(0.,3.285,2.));
#6113 = LINE('',#6114,#6115);
#6114 = CARTESIAN_POINT('',(-3.,3.285,2.));
#6115 = VECTOR('',#6116,1.);
#6116 = DIRECTION('',(1.,0.,0.));
#6117 = ORIENTED_EDGE('',*,*,#6118,.T.);
#6118 = EDGE_CURVE('',#6111,#6119,#6121,.T.);
#6119 = VERTEX_POINT('',#6120);
#6120 = CARTESIAN_POINT('',(0.,-3.285,2.));
#6121 = LINE('',#6122,#6123);
#6122 = CARTESIAN_POINT('',(0.,3.285,2.));
#6123 = VECTOR('',#6124,1.);
#6124 = DIRECTION('',(0.,-1.,0.));
#6125 = ORIENTED_EDGE('',*,*,#6126,.T.);
#6126 = EDGE_CURVE('',#6119,#6127,#6129,.T.);
#6127 = VERTEX_POINT('',#6128);
#6128 = CARTESIAN_POINT('',(-2.,-3.285,2.));
#6129 = LINE('',#6130,#6131);
#6130 = CARTESIAN_POINT('',(0.,-3.285,2.));
#6131 = VECTOR('',#6132,1.);
#6132 = DIRECTION('',(-1.,0.,0.));
#6133 = ORIENTED_EDGE('',*,*,#6134,.T.);
#6134 = EDGE_CURVE('',#6127,#6008,#6135,.T.);
#6135 = LINE('',#6136,#6137);
#6136 = CARTESIAN_POINT('',(-2.,4.05,2.));
#6137 = VECTOR('',#6138,1.);
#6138 = DIRECTION('',(0.,-1.,0.));
#6139 = ORIENTED_EDGE('',*,*,#6007,.F.);
#6140 = ORIENTED_EDGE('',*,*,#6141,.T.);
#6141 = EDGE_CURVE('',#6000,#6054,#6142,.T.);
#6142 = LINE('',#6143,#6144);
#6143 = CARTESIAN_POINT('',(0.8,-4.7,2.));
#6144 = VECTOR('',#6145,1.);
#6145 = DIRECTION('',(0.,1.,0.));
#6146 = ORIENTED_EDGE('',*,*,#6053,.F.);
#6147 = PLANE('',#6148);
#6148 = AXIS2_PLACEMENT_3D('',#6149,#6150,#6151);
#6149 = CARTESIAN_POINT('',(0.3,0.,2.));
#6150 = DIRECTION('',(0.,0.,1.));
#6151 = DIRECTION('',(1.,0.,-0.));
#6152 = ADVANCED_FACE('',(#6153),#6171,.F.);
#6153 = FACE_BOUND('',#6154,.F.);
#6154 = EDGE_LOOP('',(#6155,#6156,#6164,#6170));
#6155 = ORIENTED_EDGE('',*,*,#6078,.F.);
#6156 = ORIENTED_EDGE('',*,*,#6157,.T.);
#6157 = EDGE_CURVE('',#6079,#6158,#6160,.T.);
#6158 = VERTEX_POINT('',#6159);
#6159 = CARTESIAN_POINT('',(0.8,3.2,0.75));
#6160 = LINE('',#6161,#6162);
#6161 = CARTESIAN_POINT('',(0.8,3.2,2.));
#6162 = VECTOR('',#6163,1.);
#6163 = DIRECTION('',(-0.,-0.,-1.));
#6164 = ORIENTED_EDGE('',*,*,#6165,.T.);
#6165 = EDGE_CURVE('',#6158,#5905,#6166,.T.);
#6166 = LINE('',#6167,#6168);
#6167 = CARTESIAN_POINT('',(0.8,3.2,0.75));
#6168 = VECTOR('',#6169,1.);
#6169 = DIRECTION('',(1.,0.,0.));
#6170 = ORIENTED_EDGE('',*,*,#5912,.F.);
#6171 = PLANE('',#6172);
#6172 = AXIS2_PLACEMENT_3D('',#6173,#6174,#6175);
#6173 = CARTESIAN_POINT('',(0.8,3.2,2.));
#6174 = DIRECTION('',(0.,-1.,0.));
#6175 = DIRECTION('',(1.,0.,0.));
#6176 = ADVANCED_FACE('',(#6177),#6195,.T.);
#6177 = FACE_BOUND('',#6178,.T.);
#6178 = EDGE_LOOP('',(#6179,#6187,#6188,#6189));
#6179 = ORIENTED_EDGE('',*,*,#6180,.F.);
#6180 = EDGE_CURVE('',#6158,#6181,#6183,.T.);
#6181 = VERTEX_POINT('',#6182);
#6182 = CARTESIAN_POINT('',(0.8,4.05,0.75));
#6183 = LINE('',#6184,#6185);
#6184 = CARTESIAN_POINT('',(0.8,3.2,0.75));
#6185 = VECTOR('',#6186,1.);
#6186 = DIRECTION('',(0.,1.,0.));
#6187 = ORIENTED_EDGE('',*,*,#6165,.T.);
#6188 = ORIENTED_EDGE('',*,*,#5904,.F.);
#6189 = ORIENTED_EDGE('',*,*,#6190,.T.);
#6190 = EDGE_CURVE('',#5897,#6181,#6191,.T.);
#6191 = LINE('',#6192,#6193);
#6192 = CARTESIAN_POINT('',(2.524637681159,4.05,0.75));
#6193 = VECTOR('',#6194,1.);
#6194 = DIRECTION('',(-1.,0.,0.));
#6195 = PLANE('',#6196);
#6196 = AXIS2_PLACEMENT_3D('',#6197,#6198,#6199);
#6197 = CARTESIAN_POINT('',(2.449275362319,-1.287215101015E-16,0.75));
#6198 = DIRECTION('',(0.,0.,1.));
#6199 = DIRECTION('',(1.,0.,-0.));
#6200 = ADVANCED_FACE('',(#6201),#6219,.F.);
#6201 = FACE_BOUND('',#6202,.F.);
#6202 = EDGE_LOOP('',(#6203,#6204,#6205,#6206,#6212,#6213));
#6203 = ORIENTED_EDGE('',*,*,#5975,.F.);
#6204 = ORIENTED_EDGE('',*,*,#5896,.T.);
#6205 = ORIENTED_EDGE('',*,*,#6190,.T.);
#6206 = ORIENTED_EDGE('',*,*,#6207,.T.);
#6207 = EDGE_CURVE('',#6181,#6087,#6208,.T.);
#6208 = LINE('',#6209,#6210);
#6209 = CARTESIAN_POINT('',(0.8,4.05,1.));
#6210 = VECTOR('',#6211,1.);
#6211 = DIRECTION('',(0.,0.,1.));
#6212 = ORIENTED_EDGE('',*,*,#6094,.T.);
#6213 = ORIENTED_EDGE('',*,*,#6214,.F.);
#6214 = EDGE_CURVE('',#5968,#6095,#6215,.T.);
#6215 = LINE('',#6216,#6217);
#6216 = CARTESIAN_POINT('',(-2.,4.05,0.));
#6217 = VECTOR('',#6218,1.);
#6218 = DIRECTION('',(0.,0.,1.));
#6219 = PLANE('',#6220);
#6220 = AXIS2_PLACEMENT_3D('',#6221,#6222,#6223);
#6221 = CARTESIAN_POINT('',(2.6,4.05,0.));
#6222 = DIRECTION('',(0.,-1.,0.));
#6223 = DIRECTION('',(-1.,0.,0.));
#6224 = ADVANCED_FACE('',(#6225),#6254,.F.);
#6225 = FACE_BOUND('',#6226,.F.);
#6226 = EDGE_LOOP('',(#6227,#6228,#6229,#6230,#6238,#6246,#6252,#6253));
#6227 = ORIENTED_EDGE('',*,*,#5967,.F.);
#6228 = ORIENTED_EDGE('',*,*,#6214,.T.);
#6229 = ORIENTED_EDGE('',*,*,#6102,.T.);
#6230 = ORIENTED_EDGE('',*,*,#6231,.T.);
#6231 = EDGE_CURVE('',#6103,#6232,#6234,.T.);
#6232 = VERTEX_POINT('',#6233);
#6233 = CARTESIAN_POINT('',(-2.,3.285,0.6));
#6234 = LINE('',#6235,#6236);
#6235 = CARTESIAN_POINT('',(-2.,3.285,1.));
#6236 = VECTOR('',#6237,1.);
#6237 = DIRECTION('',(0.,0.,-1.));
#6238 = ORIENTED_EDGE('',*,*,#6239,.T.);
#6239 = EDGE_CURVE('',#6232,#6240,#6242,.T.);
#6240 = VERTEX_POINT('',#6241);
#6241 = CARTESIAN_POINT('',(-2.,-3.285,0.6));
#6242 = LINE('',#6243,#6244);
#6243 = CARTESIAN_POINT('',(-2.,2.025,0.6));
#6244 = VECTOR('',#6245,1.);
#6245 = DIRECTION('',(0.,-1.,0.));
#6246 = ORIENTED_EDGE('',*,*,#6247,.T.);
#6247 = EDGE_CURVE('',#6240,#6127,#6248,.T.);
#6248 = LINE('',#6249,#6250);
#6249 = CARTESIAN_POINT('',(-2.,-3.285,1.));
#6250 = VECTOR('',#6251,1.);
#6251 = DIRECTION('',(0.,0.,1.));
#6252 = ORIENTED_EDGE('',*,*,#6134,.T.);
#6253 = ORIENTED_EDGE('',*,*,#6015,.F.);
#6254 = PLANE('',#6255);
#6255 = AXIS2_PLACEMENT_3D('',#6256,#6257,#6258);
#6256 = CARTESIAN_POINT('',(-2.,4.05,0.));
#6257 = DIRECTION('',(1.,0.,0.));
#6258 = DIRECTION('',(0.,-1.,0.));
#6259 = ADVANCED_FACE('',(#6260),#6266,.T.);
#6260 = FACE_BOUND('',#6261,.T.);
#6261 = EDGE_LOOP('',(#6262,#6263,#6264,#6265));
#6262 = ORIENTED_EDGE('',*,*,#6141,.F.);
#6263 = ORIENTED_EDGE('',*,*,#5999,.F.);
#6264 = ORIENTED_EDGE('',*,*,#6038,.T.);
#6265 = ORIENTED_EDGE('',*,*,#6063,.F.);
#6266 = PLANE('',#6267);
#6267 = AXIS2_PLACEMENT_3D('',#6268,#6269,#6270);
#6268 = CARTESIAN_POINT('',(0.8,-4.7,2.));
#6269 = DIRECTION('',(1.,0.,0.));
#6270 = DIRECTION('',(-0.,1.,0.));
#6271 = ADVANCED_FACE('',(#6272),#6290,.T.);
#6272 = FACE_BOUND('',#6273,.T.);
#6273 = EDGE_LOOP('',(#6274,#6275,#6283,#6289));
#6274 = ORIENTED_EDGE('',*,*,#6126,.F.);
#6275 = ORIENTED_EDGE('',*,*,#6276,.T.);
#6276 = EDGE_CURVE('',#6119,#6277,#6279,.T.);
#6277 = VERTEX_POINT('',#6278);
#6278 = CARTESIAN_POINT('',(0.,-3.285,0.6));
#6279 = LINE('',#6280,#6281);
#6280 = CARTESIAN_POINT('',(0.,-3.285,2.));
#6281 = VECTOR('',#6282,1.);
#6282 = DIRECTION('',(-0.,-0.,-1.));
#6283 = ORIENTED_EDGE('',*,*,#6284,.T.);
#6284 = EDGE_CURVE('',#6277,#6240,#6285,.T.);
#6285 = LINE('',#6286,#6287);
#6286 = CARTESIAN_POINT('',(0.,-3.285,0.6));
#6287 = VECTOR('',#6288,1.);
#6288 = DIRECTION('',(-1.,0.,0.));
#6289 = ORIENTED_EDGE('',*,*,#6247,.T.);
#6290 = PLANE('',#6291);
#6291 = AXIS2_PLACEMENT_3D('',#6292,#6293,#6294);
#6292 = CARTESIAN_POINT('',(0.,-3.285,2.));
#6293 = DIRECTION('',(0.,1.,0.));
#6294 = DIRECTION('',(-1.,0.,0.));
#6295 = ADVANCED_FACE('',(#6296),#6314,.T.);
#6296 = FACE_BOUND('',#6297,.T.);
#6297 = EDGE_LOOP('',(#6298,#6306,#6312,#6313));
#6298 = ORIENTED_EDGE('',*,*,#6299,.T.);
#6299 = EDGE_CURVE('',#6111,#6300,#6302,.T.);
#6300 = VERTEX_POINT('',#6301);
#6301 = CARTESIAN_POINT('',(0.,3.285,0.6));
#6302 = LINE('',#6303,#6304);
#6303 = CARTESIAN_POINT('',(0.,3.285,2.));
#6304 = VECTOR('',#6305,1.);
#6305 = DIRECTION('',(-0.,-0.,-1.));
#6306 = ORIENTED_EDGE('',*,*,#6307,.T.);
#6307 = EDGE_CURVE('',#6300,#6277,#6308,.T.);
#6308 = LINE('',#6309,#6310);
#6309 = CARTESIAN_POINT('',(0.,3.285,0.6));
#6310 = VECTOR('',#6311,1.);
#6311 = DIRECTION('',(0.,-1.,0.));
#6312 = ORIENTED_EDGE('',*,*,#6276,.F.);
#6313 = ORIENTED_EDGE('',*,*,#6118,.F.);
#6314 = PLANE('',#6315);
#6315 = AXIS2_PLACEMENT_3D('',#6316,#6317,#6318);
#6316 = CARTESIAN_POINT('',(0.,3.285,2.));
#6317 = DIRECTION('',(-1.,0.,0.));
#6318 = DIRECTION('',(0.,-1.,0.));
#6319 = ADVANCED_FACE('',(#6320),#6331,.T.);
#6320 = FACE_BOUND('',#6321,.T.);
#6321 = EDGE_LOOP('',(#6322,#6323,#6324,#6330));
#6322 = ORIENTED_EDGE('',*,*,#6110,.F.);
#6323 = ORIENTED_EDGE('',*,*,#6231,.T.);
#6324 = ORIENTED_EDGE('',*,*,#6325,.T.);
#6325 = EDGE_CURVE('',#6232,#6300,#6326,.T.);
#6326 = LINE('',#6327,#6328);
#6327 = CARTESIAN_POINT('',(-3.,3.285,0.6));
#6328 = VECTOR('',#6329,1.);
#6329 = DIRECTION('',(1.,0.,0.));
#6330 = ORIENTED_EDGE('',*,*,#6299,.F.);
#6331 = PLANE('',#6332);
#6332 = AXIS2_PLACEMENT_3D('',#6333,#6334,#6335);
#6333 = CARTESIAN_POINT('',(-3.,3.285,2.));
#6334 = DIRECTION('',(0.,-1.,0.));
#6335 = DIRECTION('',(1.,0.,0.));
#6336 = ADVANCED_FACE('',(#6337),#6343,.T.);
#6337 = FACE_BOUND('',#6338,.T.);
#6338 = EDGE_LOOP('',(#6339,#6340,#6341,#6342));
#6339 = ORIENTED_EDGE('',*,*,#6086,.F.);
#6340 = ORIENTED_EDGE('',*,*,#6157,.T.);
#6341 = ORIENTED_EDGE('',*,*,#6180,.T.);
#6342 = ORIENTED_EDGE('',*,*,#6207,.T.);
#6343 = PLANE('',#6344);
#6344 = AXIS2_PLACEMENT_3D('',#6345,#6346,#6347);
#6345 = CARTESIAN_POINT('',(0.8,3.2,2.));
#6346 = DIRECTION('',(1.,0.,0.));
#6347 = DIRECTION('',(-0.,1.,0.));
#6348 = ADVANCED_FACE('',(#6349),#6355,.T.);
#6349 = FACE_BOUND('',#6350,.T.);
#6350 = EDGE_LOOP('',(#6351,#6352,#6353,#6354));
#6351 = ORIENTED_EDGE('',*,*,#6325,.F.);
#6352 = ORIENTED_EDGE('',*,*,#6239,.T.);
#6353 = ORIENTED_EDGE('',*,*,#6284,.F.);
#6354 = ORIENTED_EDGE('',*,*,#6307,.F.);
#6355 = PLANE('',#6356);
#6356 = AXIS2_PLACEMENT_3D('',#6357,#6358,#6359);
#6357 = CARTESIAN_POINT('',(-1.5,0.,0.6));
#6358 = DIRECTION('',(0.,0.,1.));
#6359 = DIRECTION('',(1.,0.,-0.));
#6360 = ( GEOMETRIC_REPRESENTATION_CONTEXT(3) 
GLOBAL_UNCERTAINTY_ASSIGNED_CONTEXT((#6364)) 
GLOBAL_UNIT_ASSIGNED_CONTEXT((#6361,#6362,#6363)) REPRESENTATION_CONTEXT
('Context #1','3D Context with UNIT and UNCERTAINTY') );
#6361 = ( LENGTH_UNIT() NAMED_UNIT(*) SI_UNIT(.MILLI.,.METRE.) );
#6362 = ( NAMED_UNIT(*) PLANE_ANGLE_UNIT() SI_UNIT($,.RADIAN.) );
#6363 = ( NAMED_UNIT(*) SI_UNIT($,.STERADIAN.) SOLID_ANGLE_UNIT() );
#6364 = UNCERTAINTY_MEASURE_WITH_UNIT(LENGTH_MEASURE(1.E-07),#6361,
  'distance_accuracy_value','confusion accuracy');
#6365 = CONTEXT_DEPENDENT_SHAPE_REPRESENTATION(#6366,#6368);
#6366 = ( REPRESENTATION_RELATIONSHIP('','',#5879,#5848) 
REPRESENTATION_RELATIONSHIP_WITH_TRANSFORMATION(#6367) 
SHAPE_REPRESENTATION_RELATIONSHIP() );
#6367 = ITEM_DEFINED_TRANSFORMATION('','',#11,#5849);
#6368 = PRODUCT_DEFINITION_SHAPE('Placement','Placement of an item',
  #6369);
#6369 = NEXT_ASSEMBLY_USAGE_OCCURRENCE('11','body','',#5843,#5874,$);
#6370 = PRODUCT_RELATED_PRODUCT_CATEGORY('part',$,(#5876));
#6371 = SHAPE_DEFINITION_REPRESENTATION(#6372,#6378);
#6372 = PRODUCT_DEFINITION_SHAPE('','',#6373);
#6373 = PRODUCT_DEFINITION('design','',#6374,#6377);
#6374 = PRODUCT_DEFINITION_FORMATION('','',#6375);
#6375 = PRODUCT('lock','lock','',(#6376));
#6376 = PRODUCT_CONTEXT('',#2,'mechanical');
#6377 = PRODUCT_DEFINITION_CONTEXT('part definition',#2,'design');
#6378 = ADVANCED_BREP_SHAPE_REPRESENTATION('',(#11,#6379),#6861);
#6379 = MANIFOLD_SOLID_BREP('',#6380);
#6380 = CLOSED_SHELL('',(#6381,#6453,#6493,#6518,#6542,#6574,#6606,#6630
    ,#6654,#6679,#6728,#6754,#6780,#6815,#6832,#6849));
#6381 = ADVANCED_FACE('',(#6382),#6448,.T.);
#6382 = FACE_BOUND('',#6383,.T.);
#6383 = EDGE_LOOP('',(#6384,#6394,#6402,#6410,#6418,#6426,#6434,#6442));
#6384 = ORIENTED_EDGE('',*,*,#6385,.F.);
#6385 = EDGE_CURVE('',#6386,#6388,#6390,.T.);
#6386 = VERTEX_POINT('',#6387);
#6387 = CARTESIAN_POINT('',(-2.2,-3.685,2.));
#6388 = VERTEX_POINT('',#6389);
#6389 = CARTESIAN_POINT('',(-2.5,-3.685,2.));
#6390 = LINE('',#6391,#6392);
#6391 = CARTESIAN_POINT('',(-2.2,-3.685,2.));
#6392 = VECTOR('',#6393,1.);
#6393 = DIRECTION('',(-1.,0.,0.));
#6394 = ORIENTED_EDGE('',*,*,#6395,.F.);
#6395 = EDGE_CURVE('',#6396,#6386,#6398,.T.);
#6396 = VERTEX_POINT('',#6397);
#6397 = CARTESIAN_POINT('',(-2.2,-3.285,2.));
#6398 = LINE('',#6399,#6400);
#6399 = CARTESIAN_POINT('',(-2.2,-3.285,2.));
#6400 = VECTOR('',#6401,1.);
#6401 = DIRECTION('',(0.,-1.,0.));
#6402 = ORIENTED_EDGE('',*,*,#6403,.F.);
#6403 = EDGE_CURVE('',#6404,#6396,#6406,.T.);
#6404 = VERTEX_POINT('',#6405);
#6405 = CARTESIAN_POINT('',(-1.582179545096,-3.285,2.));
#6406 = LINE('',#6407,#6408);
#6407 = CARTESIAN_POINT('',(2.950159560977E-16,-3.285,2.));
#6408 = VECTOR('',#6409,1.);
#6409 = DIRECTION('',(-1.,0.,0.));
#6410 = ORIENTED_EDGE('',*,*,#6411,.T.);
#6411 = EDGE_CURVE('',#6404,#6412,#6414,.T.);
#6412 = VERTEX_POINT('',#6413);
#6413 = CARTESIAN_POINT('',(-1.582179545096,3.285,2.));
#6414 = LINE('',#6415,#6416);
#6415 = CARTESIAN_POINT('',(-1.582179545096,-1.8425,2.));
#6416 = VECTOR('',#6417,1.);
#6417 = DIRECTION('',(-1.259277531056E-15,1.,0.));
#6418 = ORIENTED_EDGE('',*,*,#6419,.F.);
#6419 = EDGE_CURVE('',#6420,#6412,#6422,.T.);
#6420 = VERTEX_POINT('',#6421);
#6421 = CARTESIAN_POINT('',(-2.2,3.285,2.));
#6422 = LINE('',#6423,#6424);
#6423 = CARTESIAN_POINT('',(-2.2,3.285,2.));
#6424 = VECTOR('',#6425,1.);
#6425 = DIRECTION('',(1.,0.,0.));
#6426 = ORIENTED_EDGE('',*,*,#6427,.T.);
#6427 = EDGE_CURVE('',#6420,#6428,#6430,.T.);
#6428 = VERTEX_POINT('',#6429);
#6429 = CARTESIAN_POINT('',(-2.2,3.685,2.));
#6430 = LINE('',#6431,#6432);
#6431 = CARTESIAN_POINT('',(-2.2,3.285,2.));
#6432 = VECTOR('',#6433,1.);
#6433 = DIRECTION('',(0.,1.,0.));
#6434 = ORIENTED_EDGE('',*,*,#6435,.F.);
#6435 = EDGE_CURVE('',#6436,#6428,#6438,.T.);
#6436 = VERTEX_POINT('',#6437);
#6437 = CARTESIAN_POINT('',(-2.5,3.685,2.));
#6438 = LINE('',#6439,#6440);
#6439 = CARTESIAN_POINT('',(-3.,3.685,2.));
#6440 = VECTOR('',#6441,1.);
#6441 = DIRECTION('',(1.,0.,0.));
#6442 = ORIENTED_EDGE('',*,*,#6443,.F.);
#6443 = EDGE_CURVE('',#6388,#6436,#6444,.T.);
#6444 = LINE('',#6445,#6446);
#6445 = CARTESIAN_POINT('',(-2.5,-3.685,2.));
#6446 = VECTOR('',#6447,1.);
#6447 = DIRECTION('',(0.,1.,0.));
#6448 = PLANE('',#6449);
#6449 = AXIS2_PLACEMENT_3D('',#6450,#6451,#6452);
#6450 = CARTESIAN_POINT('',(-1.584860173578,2.676526096011E-17,2.));
#6451 = DIRECTION('',(0.,0.,1.));
#6452 = DIRECTION('',(1.,0.,-0.));
#6453 = ADVANCED_FACE('',(#6454),#6488,.F.);
#6454 = FACE_BOUND('',#6455,.F.);
#6455 = EDGE_LOOP('',(#6456,#6466,#6473,#6474,#6482));
#6456 = ORIENTED_EDGE('',*,*,#6457,.F.);
#6457 = EDGE_CURVE('',#6458,#6460,#6462,.T.);
#6458 = VERTEX_POINT('',#6459);
#6459 = CARTESIAN_POINT('',(-3.,-3.685,1.5));
#6460 = VERTEX_POINT('',#6461);
#6461 = CARTESIAN_POINT('',(-3.,-3.685,0.15));
#6462 = LINE('',#6463,#6464);
#6463 = CARTESIAN_POINT('',(-3.,-3.685,2.));
#6464 = VECTOR('',#6465,1.);
#6465 = DIRECTION('',(-0.,-0.,-1.));
#6466 = ORIENTED_EDGE('',*,*,#6467,.F.);
#6467 = EDGE_CURVE('',#6388,#6458,#6468,.T.);
#6468 = CIRCLE('',#6469,0.5);
#6469 = AXIS2_PLACEMENT_3D('',#6470,#6471,#6472);
#6470 = CARTESIAN_POINT('',(-2.5,-3.685,1.5));
#6471 = DIRECTION('',(0.,-1.,0.));
#6472 = DIRECTION('',(0.,0.,1.));
#6473 = ORIENTED_EDGE('',*,*,#6385,.F.);
#6474 = ORIENTED_EDGE('',*,*,#6475,.T.);
#6475 = EDGE_CURVE('',#6386,#6476,#6478,.T.);
#6476 = VERTEX_POINT('',#6477);
#6477 = CARTESIAN_POINT('',(-2.2,-3.685,0.15));
#6478 = LINE('',#6479,#6480);
#6479 = CARTESIAN_POINT('',(-2.2,-3.685,2.));
#6480 = VECTOR('',#6481,1.);
#6481 = DIRECTION('',(-0.,-0.,-1.));
#6482 = ORIENTED_EDGE('',*,*,#6483,.T.);
#6483 = EDGE_CURVE('',#6476,#6460,#6484,.T.);
#6484 = LINE('',#6485,#6486);
#6485 = CARTESIAN_POINT('',(-2.2,-3.685,0.15));
#6486 = VECTOR('',#6487,1.);
#6487 = DIRECTION('',(-1.,0.,0.));
#6488 = PLANE('',#6489);
#6489 = AXIS2_PLACEMENT_3D('',#6490,#6491,#6492);
#6490 = CARTESIAN_POINT('',(-2.2,-3.685,2.));
#6491 = DIRECTION('',(0.,1.,0.));
#6492 = DIRECTION('',(-1.,0.,0.));
#6493 = ADVANCED_FACE('',(#6494),#6513,.T.);
#6494 = FACE_BOUND('',#6495,.T.);
#6495 = EDGE_LOOP('',(#6496,#6497,#6506,#6512));
#6496 = ORIENTED_EDGE('',*,*,#6443,.T.);
#6497 = ORIENTED_EDGE('',*,*,#6498,.T.);
#6498 = EDGE_CURVE('',#6436,#6499,#6501,.T.);
#6499 = VERTEX_POINT('',#6500);
#6500 = CARTESIAN_POINT('',(-3.,3.685,1.5));
#6501 = CIRCLE('',#6502,0.5);
#6502 = AXIS2_PLACEMENT_3D('',#6503,#6504,#6505);
#6503 = CARTESIAN_POINT('',(-2.5,3.685,1.5));
#6504 = DIRECTION('',(0.,-1.,0.));
#6505 = DIRECTION('',(0.,0.,1.));
#6506 = ORIENTED_EDGE('',*,*,#6507,.F.);
#6507 = EDGE_CURVE('',#6458,#6499,#6508,.T.);
#6508 = LINE('',#6509,#6510);
#6509 = CARTESIAN_POINT('',(-3.,-3.685,1.5));
#6510 = VECTOR('',#6511,1.);
#6511 = DIRECTION('',(0.,1.,0.));
#6512 = ORIENTED_EDGE('',*,*,#6467,.F.);
#6513 = CYLINDRICAL_SURFACE('',#6514,0.5);
#6514 = AXIS2_PLACEMENT_3D('',#6515,#6516,#6517);
#6515 = CARTESIAN_POINT('',(-2.5,-3.685,1.5));
#6516 = DIRECTION('',(0.,1.,0.));
#6517 = DIRECTION('',(0.,-0.,1.));
#6518 = ADVANCED_FACE('',(#6519),#6537,.F.);
#6519 = FACE_BOUND('',#6520,.F.);
#6520 = EDGE_LOOP('',(#6521,#6529,#6535,#6536));
#6521 = ORIENTED_EDGE('',*,*,#6522,.T.);
#6522 = EDGE_CURVE('',#6396,#6523,#6525,.T.);
#6523 = VERTEX_POINT('',#6524);
#6524 = CARTESIAN_POINT('',(-2.2,-3.285,0.15));
#6525 = LINE('',#6526,#6527);
#6526 = CARTESIAN_POINT('',(-2.2,-3.285,2.));
#6527 = VECTOR('',#6528,1.);
#6528 = DIRECTION('',(-0.,-0.,-1.));
#6529 = ORIENTED_EDGE('',*,*,#6530,.T.);
#6530 = EDGE_CURVE('',#6523,#6476,#6531,.T.);
#6531 = LINE('',#6532,#6533);
#6532 = CARTESIAN_POINT('',(-2.2,-3.285,0.15));
#6533 = VECTOR('',#6534,1.);
#6534 = DIRECTION('',(0.,-1.,0.));
#6535 = ORIENTED_EDGE('',*,*,#6475,.F.);
#6536 = ORIENTED_EDGE('',*,*,#6395,.F.);
#6537 = PLANE('',#6538);
#6538 = AXIS2_PLACEMENT_3D('',#6539,#6540,#6541);
#6539 = CARTESIAN_POINT('',(-2.2,-3.285,2.));
#6540 = DIRECTION('',(-1.,0.,0.));
#6541 = DIRECTION('',(0.,-1.,0.));
#6542 = ADVANCED_FACE('',(#6543),#6569,.F.);
#6543 = FACE_BOUND('',#6544,.F.);
#6544 = EDGE_LOOP('',(#6545,#6553,#6561,#6567,#6568));
#6545 = ORIENTED_EDGE('',*,*,#6546,.T.);
#6546 = EDGE_CURVE('',#6499,#6547,#6549,.T.);
#6547 = VERTEX_POINT('',#6548);
#6548 = CARTESIAN_POINT('',(-3.,3.685,0.15));
#6549 = LINE('',#6550,#6551);
#6550 = CARTESIAN_POINT('',(-3.,3.685,2.));
#6551 = VECTOR('',#6552,1.);
#6552 = DIRECTION('',(-0.,-0.,-1.));
#6553 = ORIENTED_EDGE('',*,*,#6554,.T.);
#6554 = EDGE_CURVE('',#6547,#6555,#6557,.T.);
#6555 = VERTEX_POINT('',#6556);
#6556 = CARTESIAN_POINT('',(-2.2,3.685,0.15));
#6557 = LINE('',#6558,#6559);
#6558 = CARTESIAN_POINT('',(-3.,3.685,0.15));
#6559 = VECTOR('',#6560,1.);
#6560 = DIRECTION('',(1.,0.,0.));
#6561 = ORIENTED_EDGE('',*,*,#6562,.F.);
#6562 = EDGE_CURVE('',#6428,#6555,#6563,.T.);
#6563 = LINE('',#6564,#6565);
#6564 = CARTESIAN_POINT('',(-2.2,3.685,2.));
#6565 = VECTOR('',#6566,1.);
#6566 = DIRECTION('',(-0.,-0.,-1.));
#6567 = ORIENTED_EDGE('',*,*,#6435,.F.);
#6568 = ORIENTED_EDGE('',*,*,#6498,.T.);
#6569 = PLANE('',#6570);
#6570 = AXIS2_PLACEMENT_3D('',#6571,#6572,#6573);
#6571 = CARTESIAN_POINT('',(-3.,3.685,2.));
#6572 = DIRECTION('',(0.,-1.,0.));
#6573 = DIRECTION('',(1.,0.,0.));
#6574 = ADVANCED_FACE('',(#6575),#6601,.F.);
#6575 = FACE_BOUND('',#6576,.F.);
#6576 = EDGE_LOOP('',(#6577,#6585,#6593,#6599,#6600));
#6577 = ORIENTED_EDGE('',*,*,#6578,.T.);
#6578 = EDGE_CURVE('',#6404,#6579,#6581,.T.);
#6579 = VERTEX_POINT('',#6580);
#6580 = CARTESIAN_POINT('',(2.950159560977E-16,-3.285,1.721019057875));
#6581 = LINE('',#6582,#6583);
#6582 = CARTESIAN_POINT('',(0.445761230572,-3.285,1.642419325971));
#6583 = VECTOR('',#6584,1.);
#6584 = DIRECTION('',(0.984807753012,0.,-0.173648177667));
#6585 = ORIENTED_EDGE('',*,*,#6586,.T.);
#6586 = EDGE_CURVE('',#6579,#6587,#6589,.T.);
#6587 = VERTEX_POINT('',#6588);
#6588 = CARTESIAN_POINT('',(2.950159560977E-16,-3.285,0.15));
#6589 = LINE('',#6590,#6591);
#6590 = CARTESIAN_POINT('',(2.950159560977E-16,-3.285,2.));
#6591 = VECTOR('',#6592,1.);
#6592 = DIRECTION('',(-0.,-0.,-1.));
#6593 = ORIENTED_EDGE('',*,*,#6594,.T.);
#6594 = EDGE_CURVE('',#6587,#6523,#6595,.T.);
#6595 = LINE('',#6596,#6597);
#6596 = CARTESIAN_POINT('',(2.950159560977E-16,-3.285,0.15));
#6597 = VECTOR('',#6598,1.);
#6598 = DIRECTION('',(-1.,0.,0.));
#6599 = ORIENTED_EDGE('',*,*,#6522,.F.);
#6600 = ORIENTED_EDGE('',*,*,#6403,.F.);
#6601 = PLANE('',#6602);
#6602 = AXIS2_PLACEMENT_3D('',#6603,#6604,#6605);
#6603 = CARTESIAN_POINT('',(2.950159560977E-16,-3.285,2.));
#6604 = DIRECTION('',(0.,1.,0.));
#6605 = DIRECTION('',(-1.,0.,0.));
#6606 = ADVANCED_FACE('',(#6607),#6625,.T.);
#6607 = FACE_BOUND('',#6608,.T.);
#6608 = EDGE_LOOP('',(#6609,#6617,#6623,#6624));
#6609 = ORIENTED_EDGE('',*,*,#6610,.T.);
#6610 = EDGE_CURVE('',#6420,#6611,#6613,.T.);
#6611 = VERTEX_POINT('',#6612);
#6612 = CARTESIAN_POINT('',(-2.2,3.285,0.15));
#6613 = LINE('',#6614,#6615);
#6614 = CARTESIAN_POINT('',(-2.2,3.285,2.));
#6615 = VECTOR('',#6616,1.);
#6616 = DIRECTION('',(-0.,-0.,-1.));
#6617 = ORIENTED_EDGE('',*,*,#6618,.T.);
#6618 = EDGE_CURVE('',#6611,#6555,#6619,.T.);
#6619 = LINE('',#6620,#6621);
#6620 = CARTESIAN_POINT('',(-2.2,3.285,0.15));
#6621 = VECTOR('',#6622,1.);
#6622 = DIRECTION('',(0.,1.,0.));
#6623 = ORIENTED_EDGE('',*,*,#6562,.F.);
#6624 = ORIENTED_EDGE('',*,*,#6427,.F.);
#6625 = PLANE('',#6626);
#6626 = AXIS2_PLACEMENT_3D('',#6627,#6628,#6629);
#6627 = CARTESIAN_POINT('',(-2.2,3.285,2.));
#6628 = DIRECTION('',(1.,0.,0.));
#6629 = DIRECTION('',(-0.,1.,0.));
#6630 = ADVANCED_FACE('',(#6631),#6649,.T.);
#6631 = FACE_BOUND('',#6632,.T.);
#6632 = EDGE_LOOP('',(#6633,#6641,#6647,#6648));
#6633 = ORIENTED_EDGE('',*,*,#6634,.T.);
#6634 = EDGE_CURVE('',#6579,#6635,#6637,.T.);
#6635 = VERTEX_POINT('',#6636);
#6636 = CARTESIAN_POINT('',(3.69552579055E-16,3.285,1.721019057875));
#6637 = LINE('',#6638,#6639);
#6638 = CARTESIAN_POINT('',(2.585302805113E-16,-0.2,1.721019057875));
#6639 = VECTOR('',#6640,1.);
#6640 = DIRECTION('',(0.,1.,-2.22044604925E-16));
#6641 = ORIENTED_EDGE('',*,*,#6642,.T.);
#6642 = EDGE_CURVE('',#6635,#6412,#6643,.T.);
#6643 = LINE('',#6644,#6645);
#6644 = CARTESIAN_POINT('',(-0.621069710861,3.285,1.8305304048));
#6645 = VECTOR('',#6646,1.);
#6646 = DIRECTION('',(-0.984807753012,0.,0.173648177667));
#6647 = ORIENTED_EDGE('',*,*,#6411,.F.);
#6648 = ORIENTED_EDGE('',*,*,#6578,.T.);
#6649 = PLANE('',#6650);
#6650 = AXIS2_PLACEMENT_3D('',#6651,#6652,#6653);
#6651 = CARTESIAN_POINT('',(0.939231012049,-3.685,1.555407289332));
#6652 = DIRECTION('',(0.173648177667,2.186712484447E-16,0.984807753012)
  );
#6653 = DIRECTION('',(-0.984807753012,3.855764100602E-17,0.173648177667)
  );
#6654 = ADVANCED_FACE('',(#6655),#6674,.F.);
#6655 = FACE_BOUND('',#6656,.F.);
#6656 = EDGE_LOOP('',(#6657,#6658,#6659,#6667,#6673));
#6657 = ORIENTED_EDGE('',*,*,#6419,.F.);
#6658 = ORIENTED_EDGE('',*,*,#6610,.T.);
#6659 = ORIENTED_EDGE('',*,*,#6660,.T.);
#6660 = EDGE_CURVE('',#6611,#6661,#6663,.T.);
#6661 = VERTEX_POINT('',#6662);
#6662 = CARTESIAN_POINT('',(3.69552579055E-16,3.285,0.15));
#6663 = LINE('',#6664,#6665);
#6664 = CARTESIAN_POINT('',(-2.2,3.285,0.15));
#6665 = VECTOR('',#6666,1.);
#6666 = DIRECTION('',(1.,0.,0.));
#6667 = ORIENTED_EDGE('',*,*,#6668,.F.);
#6668 = EDGE_CURVE('',#6635,#6661,#6669,.T.);
#6669 = LINE('',#6670,#6671);
#6670 = CARTESIAN_POINT('',(3.69552579055E-16,3.285,2.));
#6671 = VECTOR('',#6672,1.);
#6672 = DIRECTION('',(-0.,-0.,-1.));
#6673 = ORIENTED_EDGE('',*,*,#6642,.T.);
#6674 = PLANE('',#6675);
#6675 = AXIS2_PLACEMENT_3D('',#6676,#6677,#6678);
#6676 = CARTESIAN_POINT('',(-2.2,3.285,2.));
#6677 = DIRECTION('',(0.,-1.,0.));
#6678 = DIRECTION('',(1.,0.,0.));
#6679 = ADVANCED_FACE('',(#6680),#6723,.F.);
#6680 = FACE_BOUND('',#6681,.F.);
#6681 = EDGE_LOOP('',(#6682,#6683,#6684,#6685,#6693,#6701,#6709,#6717));
#6682 = ORIENTED_EDGE('',*,*,#6546,.F.);
#6683 = ORIENTED_EDGE('',*,*,#6507,.F.);
#6684 = ORIENTED_EDGE('',*,*,#6457,.T.);
#6685 = ORIENTED_EDGE('',*,*,#6686,.T.);
#6686 = EDGE_CURVE('',#6460,#6687,#6689,.T.);
#6687 = VERTEX_POINT('',#6688);
#6688 = CARTESIAN_POINT('',(-3.,-2.785,0.15));
#6689 = LINE('',#6690,#6691);
#6690 = CARTESIAN_POINT('',(-3.,-3.685,0.15));
#6691 = VECTOR('',#6692,1.);
#6692 = DIRECTION('',(0.,1.,0.));
#6693 = ORIENTED_EDGE('',*,*,#6694,.F.);
#6694 = EDGE_CURVE('',#6695,#6687,#6697,.T.);
#6695 = VERTEX_POINT('',#6696);
#6696 = CARTESIAN_POINT('',(-3.,-2.785,0.75));
#6697 = LINE('',#6698,#6699);
#6698 = CARTESIAN_POINT('',(-3.,-2.785,0.75));
#6699 = VECTOR('',#6700,1.);
#6700 = DIRECTION('',(0.,0.,-1.));
#6701 = ORIENTED_EDGE('',*,*,#6702,.F.);
#6702 = EDGE_CURVE('',#6703,#6695,#6705,.T.);
#6703 = VERTEX_POINT('',#6704);
#6704 = CARTESIAN_POINT('',(-3.,2.785,0.75));
#6705 = LINE('',#6706,#6707);
#6706 = CARTESIAN_POINT('',(-3.,2.785,0.75));
#6707 = VECTOR('',#6708,1.);
#6708 = DIRECTION('',(0.,-1.,0.));
#6709 = ORIENTED_EDGE('',*,*,#6710,.F.);
#6710 = EDGE_CURVE('',#6711,#6703,#6713,.T.);
#6711 = VERTEX_POINT('',#6712);
#6712 = CARTESIAN_POINT('',(-3.,2.785,0.15));
#6713 = LINE('',#6714,#6715);
#6714 = CARTESIAN_POINT('',(-3.,2.785,0.));
#6715 = VECTOR('',#6716,1.);
#6716 = DIRECTION('',(0.,0.,1.));
#6717 = ORIENTED_EDGE('',*,*,#6718,.T.);
#6718 = EDGE_CURVE('',#6711,#6547,#6719,.T.);
#6719 = LINE('',#6720,#6721);
#6720 = CARTESIAN_POINT('',(-3.,-3.685,0.15));
#6721 = VECTOR('',#6722,1.);
#6722 = DIRECTION('',(0.,1.,0.));
#6723 = PLANE('',#6724);
#6724 = AXIS2_PLACEMENT_3D('',#6725,#6726,#6727);
#6725 = CARTESIAN_POINT('',(-3.,-3.685,2.));
#6726 = DIRECTION('',(1.,0.,0.));
#6727 = DIRECTION('',(-0.,1.,0.));
#6728 = ADVANCED_FACE('',(#6729),#6749,.F.);
#6729 = FACE_BOUND('',#6730,.F.);
#6730 = EDGE_LOOP('',(#6731,#6739,#6745,#6746,#6747,#6748));
#6731 = ORIENTED_EDGE('',*,*,#6732,.F.);
#6732 = EDGE_CURVE('',#6733,#6587,#6735,.T.);
#6733 = VERTEX_POINT('',#6734);
#6734 = CARTESIAN_POINT('',(2.950159560977E-16,-2.785,0.15));
#6735 = LINE('',#6736,#6737);
#6736 = CARTESIAN_POINT('',(2.950159560977E-16,3.285,0.15));
#6737 = VECTOR('',#6738,1.);
#6738 = DIRECTION('',(0.,-1.,0.));
#6739 = ORIENTED_EDGE('',*,*,#6740,.T.);
#6740 = EDGE_CURVE('',#6733,#6687,#6741,.T.);
#6741 = LINE('',#6742,#6743);
#6742 = CARTESIAN_POINT('',(-2.292430086789,-2.785,0.15));
#6743 = VECTOR('',#6744,1.);
#6744 = DIRECTION('',(-1.,0.,0.));
#6745 = ORIENTED_EDGE('',*,*,#6686,.F.);
#6746 = ORIENTED_EDGE('',*,*,#6483,.F.);
#6747 = ORIENTED_EDGE('',*,*,#6530,.F.);
#6748 = ORIENTED_EDGE('',*,*,#6594,.F.);
#6749 = PLANE('',#6750);
#6750 = AXIS2_PLACEMENT_3D('',#6751,#6752,#6753);
#6751 = CARTESIAN_POINT('',(-1.584860173578,2.676526096011E-17,0.15));
#6752 = DIRECTION('',(0.,0.,1.));
#6753 = DIRECTION('',(1.,0.,-0.));
#6754 = ADVANCED_FACE('',(#6755),#6775,.F.);
#6755 = FACE_BOUND('',#6756,.F.);
#6756 = EDGE_LOOP('',(#6757,#6758,#6759,#6760,#6761,#6769));
#6757 = ORIENTED_EDGE('',*,*,#6660,.F.);
#6758 = ORIENTED_EDGE('',*,*,#6618,.T.);
#6759 = ORIENTED_EDGE('',*,*,#6554,.F.);
#6760 = ORIENTED_EDGE('',*,*,#6718,.F.);
#6761 = ORIENTED_EDGE('',*,*,#6762,.T.);
#6762 = EDGE_CURVE('',#6711,#6763,#6765,.T.);
#6763 = VERTEX_POINT('',#6764);
#6764 = CARTESIAN_POINT('',(2.950159560977E-16,2.785,0.15));
#6765 = LINE('',#6766,#6767);
#6766 = CARTESIAN_POINT('',(-2.292430086789,2.785,0.15));
#6767 = VECTOR('',#6768,1.);
#6768 = DIRECTION('',(1.,0.,0.));
#6769 = ORIENTED_EDGE('',*,*,#6770,.F.);
#6770 = EDGE_CURVE('',#6661,#6763,#6771,.T.);
#6771 = LINE('',#6772,#6773);
#6772 = CARTESIAN_POINT('',(2.950159560977E-16,3.285,0.15));
#6773 = VECTOR('',#6774,1.);
#6774 = DIRECTION('',(0.,-1.,0.));
#6775 = PLANE('',#6776);
#6776 = AXIS2_PLACEMENT_3D('',#6777,#6778,#6779);
#6777 = CARTESIAN_POINT('',(-1.584860173578,2.676526096011E-17,0.15));
#6778 = DIRECTION('',(0.,0.,1.));
#6779 = DIRECTION('',(1.,0.,-0.));
#6780 = ADVANCED_FACE('',(#6781),#6810,.F.);
#6781 = FACE_BOUND('',#6782,.F.);
#6782 = EDGE_LOOP('',(#6783,#6784,#6785,#6786,#6794,#6802,#6808,#6809));
#6783 = ORIENTED_EDGE('',*,*,#6634,.T.);
#6784 = ORIENTED_EDGE('',*,*,#6668,.T.);
#6785 = ORIENTED_EDGE('',*,*,#6770,.T.);
#6786 = ORIENTED_EDGE('',*,*,#6787,.T.);
#6787 = EDGE_CURVE('',#6763,#6788,#6790,.T.);
#6788 = VERTEX_POINT('',#6789);
#6789 = CARTESIAN_POINT('',(4.440892098501E-16,2.785,0.75));
#6790 = LINE('',#6791,#6792);
#6791 = CARTESIAN_POINT('',(3.695525829739E-16,2.785,1.));
#6792 = VECTOR('',#6793,1.);
#6793 = DIRECTION('',(0.,0.,1.));
#6794 = ORIENTED_EDGE('',*,*,#6795,.T.);
#6795 = EDGE_CURVE('',#6788,#6796,#6798,.T.);
#6796 = VERTEX_POINT('',#6797);
#6797 = CARTESIAN_POINT('',(4.440892098501E-16,-2.785,0.75));
#6798 = LINE('',#6799,#6800);
#6799 = CARTESIAN_POINT('',(3.695525829739E-16,3.035,0.75));
#6800 = VECTOR('',#6801,1.);
#6801 = DIRECTION('',(-0.,-1.,-0.));
#6802 = ORIENTED_EDGE('',*,*,#6803,.T.);
#6803 = EDGE_CURVE('',#6796,#6733,#6804,.T.);
#6804 = LINE('',#6805,#6806);
#6805 = CARTESIAN_POINT('',(3.695525829739E-16,-2.785,1.375));
#6806 = VECTOR('',#6807,1.);
#6807 = DIRECTION('',(0.,0.,-1.));
#6808 = ORIENTED_EDGE('',*,*,#6732,.T.);
#6809 = ORIENTED_EDGE('',*,*,#6586,.F.);
#6810 = PLANE('',#6811);
#6811 = AXIS2_PLACEMENT_3D('',#6812,#6813,#6814);
#6812 = CARTESIAN_POINT('',(2.950159560977E-16,3.285,2.));
#6813 = DIRECTION('',(-1.,0.,0.));
#6814 = DIRECTION('',(0.,-1.,0.));
#6815 = ADVANCED_FACE('',(#6816),#6827,.T.);
#6816 = FACE_BOUND('',#6817,.T.);
#6817 = EDGE_LOOP('',(#6818,#6819,#6820,#6821));
#6818 = ORIENTED_EDGE('',*,*,#6710,.F.);
#6819 = ORIENTED_EDGE('',*,*,#6762,.T.);
#6820 = ORIENTED_EDGE('',*,*,#6787,.T.);
#6821 = ORIENTED_EDGE('',*,*,#6822,.F.);
#6822 = EDGE_CURVE('',#6703,#6788,#6823,.T.);
#6823 = LINE('',#6824,#6825);
#6824 = CARTESIAN_POINT('',(-3.,2.785,0.75));
#6825 = VECTOR('',#6826,1.);
#6826 = DIRECTION('',(1.,0.,0.));
#6827 = PLANE('',#6828);
#6828 = AXIS2_PLACEMENT_3D('',#6829,#6830,#6831);
#6829 = CARTESIAN_POINT('',(-3.,2.785,0.));
#6830 = DIRECTION('',(0.,-1.,0.));
#6831 = DIRECTION('',(0.,0.,1.));
#6832 = ADVANCED_FACE('',(#6833),#6844,.T.);
#6833 = FACE_BOUND('',#6834,.T.);
#6834 = EDGE_LOOP('',(#6835,#6836,#6837,#6838));
#6835 = ORIENTED_EDGE('',*,*,#6702,.F.);
#6836 = ORIENTED_EDGE('',*,*,#6822,.T.);
#6837 = ORIENTED_EDGE('',*,*,#6795,.T.);
#6838 = ORIENTED_EDGE('',*,*,#6839,.F.);
#6839 = EDGE_CURVE('',#6695,#6796,#6840,.T.);
#6840 = LINE('',#6841,#6842);
#6841 = CARTESIAN_POINT('',(-3.,-2.785,0.75));
#6842 = VECTOR('',#6843,1.);
#6843 = DIRECTION('',(1.,0.,0.));
#6844 = PLANE('',#6845);
#6845 = AXIS2_PLACEMENT_3D('',#6846,#6847,#6848);
#6846 = CARTESIAN_POINT('',(-3.,2.785,0.75));
#6847 = DIRECTION('',(0.,0.,-1.));
#6848 = DIRECTION('',(0.,-1.,0.));
#6849 = ADVANCED_FACE('',(#6850),#6856,.T.);
#6850 = FACE_BOUND('',#6851,.T.);
#6851 = EDGE_LOOP('',(#6852,#6853,#6854,#6855));
#6852 = ORIENTED_EDGE('',*,*,#6694,.F.);
#6853 = ORIENTED_EDGE('',*,*,#6839,.T.);
#6854 = ORIENTED_EDGE('',*,*,#6803,.T.);
#6855 = ORIENTED_EDGE('',*,*,#6740,.T.);
#6856 = PLANE('',#6857);
#6857 = AXIS2_PLACEMENT_3D('',#6858,#6859,#6860);
#6858 = CARTESIAN_POINT('',(-3.,-2.785,0.75));
#6859 = DIRECTION('',(0.,1.,0.));
#6860 = DIRECTION('',(0.,0.,-1.));
#6861 = ( GEOMETRIC_REPRESENTATION_CONTEXT(3) 
GLOBAL_UNCERTAINTY_ASSIGNED_CONTEXT((#6865)) 
GLOBAL_UNIT_ASSIGNED_CONTEXT((#6862,#6863,#6864)) REPRESENTATION_CONTEXT
('Context #1','3D Context with UNIT and UNCERTAINTY') );
#6862 = ( LENGTH_UNIT() NAMED_UNIT(*) SI_UNIT(.MILLI.,.METRE.) );
#6863 = ( NAMED_UNIT(*) PLANE_ANGLE_UNIT() SI_UNIT($,.RADIAN.) );
#6864 = ( NAMED_UNIT(*) SI_UNIT($,.STERADIAN.) SOLID_ANGLE_UNIT() );
#6865 = UNCERTAINTY_MEASURE_WITH_UNIT(LENGTH_MEASURE(1.E-07),#6862,
  'distance_accuracy_value','confusion accuracy');
#6866 = CONTEXT_DEPENDENT_SHAPE_REPRESENTATION(#6867,#6869);
#6867 = ( REPRESENTATION_RELATIONSHIP('','',#6378,#5848) 
REPRESENTATION_RELATIONSHIP_WITH_TRANSFORMATION(#6868) 
SHAPE_REPRESENTATION_RELATIONSHIP() );
#6868 = ITEM_DEFINED_TRANSFORMATION('','',#11,#5853);
#6869 = PRODUCT_DEFINITION_SHAPE('Placement','Placement of an item',
  #6870);
#6870 = NEXT_ASSEMBLY_USAGE_OCCURRENCE('12','lock','',#5843,#6373,$);
#6871 = PRODUCT_RELATED_PRODUCT_CATEGORY('part',$,(#6375));
#6872 = SHAPE_DEFINITION_REPRESENTATION(#6873,#6879);
#6873 = PRODUCT_DEFINITION_SHAPE('','',#6874);
#6874 = PRODUCT_DEFINITION('design','',#6875,#6878);
#6875 = PRODUCT_DEFINITION_FORMATION('','',#6876);
#6876 = PRODUCT('pins','pins','',(#6877));
#6877 = PRODUCT_CONTEXT('',#2,'mechanical');
#6878 = PRODUCT_DEFINITION_CONTEXT('part definition',#2,'design');
#6879 = ADVANCED_BREP_SHAPE_REPRESENTATION('',(#11,#6880),#11716);
#6880 = MANIFOLD_SOLID_BREP('',#6881);
#6881 = CLOSED_SHELL('',(#6882,#6922,#7305,#7386,#7762,#7779,#7803,#7875
    ,#7892,#7966,#7990,#8062,#8079,#8153,#8177,#8249,#8266,#8340,#8364,
    #8436,#8453,#8527,#8551,#8623,#8640,#8714,#8738,#8810,#8827,#8901,
    #8925,#8997,#9014,#9088,#9112,#9184,#9201,#9275,#9299,#9371,#9388,
    #9462,#9486,#9558,#9575,#9592,#9609,#9663,#9680,#9729,#9746,#9763,
    #9780,#9797,#9814,#9831,#9848,#9860,#9877,#9894,#9911,#9928,#9945,
    #9962,#9979,#9996,#10013,#10030,#10047,#10064,#10081,#10098,#10110,
    #10127,#10144,#10161,#10178,#10195,#10207,#10224,#10241,#10258,
    #10275,#10292,#10304,#10321,#10338,#10355,#10372,#10389,#10401,
    #10418,#10435,#10452,#10469,#10486,#10498,#10515,#10532,#10549,
    #10566,#10583,#10595,#10612,#10629,#10646,#10663,#10680,#10692,
    #10709,#10726,#10743,#10760,#10777,#10789,#10806,#10823,#10840,
    #10857,#10874,#10886,#10917,#11020,#11045,#11136,#11153,#11275,
    #11300,#11391,#11408,#11420,#11442,#11459,#11476,#11493,#11510,
    #11527,#11539,#11556,#11568,#11590,#11607,#11624,#11641,#11658,
    #11675,#11687,#11704));
#6882 = ADVANCED_FACE('',(#6883),#6917,.T.);
#6883 = FACE_BOUND('',#6884,.T.);
#6884 = EDGE_LOOP('',(#6885,#6895,#6903,#6911));
#6885 = ORIENTED_EDGE('',*,*,#6886,.F.);
#6886 = EDGE_CURVE('',#6887,#6889,#6891,.T.);
#6887 = VERTEX_POINT('',#6888);
#6888 = CARTESIAN_POINT('',(1.7,3.,0.2));
#6889 = VERTEX_POINT('',#6890);
#6890 = CARTESIAN_POINT('',(1.7,2.35,0.2));
#6891 = LINE('',#6892,#6893);
#6892 = CARTESIAN_POINT('',(1.7,3.,0.2));
#6893 = VECTOR('',#6894,1.);
#6894 = DIRECTION('',(0.,-1.,0.));
#6895 = ORIENTED_EDGE('',*,*,#6896,.T.);
#6896 = EDGE_CURVE('',#6887,#6897,#6899,.T.);
#6897 = VERTEX_POINT('',#6898);
#6898 = CARTESIAN_POINT('',(1.7,3.,0.5));
#6899 = LINE('',#6900,#6901);
#6900 = CARTESIAN_POINT('',(1.7,3.,0.2));
#6901 = VECTOR('',#6902,1.);
#6902 = DIRECTION('',(0.,0.,1.));
#6903 = ORIENTED_EDGE('',*,*,#6904,.T.);
#6904 = EDGE_CURVE('',#6897,#6905,#6907,.T.);
#6905 = VERTEX_POINT('',#6906);
#6906 = CARTESIAN_POINT('',(1.7,2.35,0.5));
#6907 = LINE('',#6908,#6909);
#6908 = CARTESIAN_POINT('',(1.7,3.,0.5));
#6909 = VECTOR('',#6910,1.);
#6910 = DIRECTION('',(0.,-1.,0.));
#6911 = ORIENTED_EDGE('',*,*,#6912,.F.);
#6912 = EDGE_CURVE('',#6889,#6905,#6913,.T.);
#6913 = LINE('',#6914,#6915);
#6914 = CARTESIAN_POINT('',(1.7,2.35,0.1));
#6915 = VECTOR('',#6916,1.);
#6916 = DIRECTION('',(0.,0.,1.));
#6917 = PLANE('',#6918);
#6918 = AXIS2_PLACEMENT_3D('',#6919,#6920,#6921);
#6919 = CARTESIAN_POINT('',(1.7,3.,0.2));
#6920 = DIRECTION('',(1.,0.,0.));
#6921 = DIRECTION('',(0.,-1.,0.));
#6922 = ADVANCED_FACE('',(#6923),#7300,.F.);
#6923 = FACE_BOUND('',#6924,.F.);
#6924 = EDGE_LOOP('',(#6925,#6926,#6934,#6942,#6950,#6958,#6966,#6974,
    #6982,#6990,#6998,#7006,#7014,#7022,#7030,#7038,#7046,#7054,#7062,
    #7070,#7078,#7086,#7094,#7102,#7110,#7118,#7126,#7134,#7142,#7150,
    #7158,#7166,#7174,#7182,#7190,#7198,#7206,#7214,#7222,#7230,#7238,
    #7246,#7254,#7262,#7270,#7278,#7286,#7294));
#6925 = ORIENTED_EDGE('',*,*,#6886,.F.);
#6926 = ORIENTED_EDGE('',*,*,#6927,.F.);
#6927 = EDGE_CURVE('',#6928,#6887,#6930,.T.);
#6928 = VERTEX_POINT('',#6929);
#6929 = CARTESIAN_POINT('',(0.6,3.,0.2));
#6930 = LINE('',#6931,#6932);
#6931 = CARTESIAN_POINT('',(0.6,3.,0.2));
#6932 = VECTOR('',#6933,1.);
#6933 = DIRECTION('',(1.,0.,0.));
#6934 = ORIENTED_EDGE('',*,*,#6935,.F.);
#6935 = EDGE_CURVE('',#6936,#6928,#6938,.T.);
#6936 = VERTEX_POINT('',#6937);
#6937 = CARTESIAN_POINT('',(0.6,3.55,0.2));
#6938 = LINE('',#6939,#6940);
#6939 = CARTESIAN_POINT('',(0.6,3.65,0.2));
#6940 = VECTOR('',#6941,1.);
#6941 = DIRECTION('',(-1.880547000173E-13,-1.,0.));
#6942 = ORIENTED_EDGE('',*,*,#6943,.F.);
#6943 = EDGE_CURVE('',#6944,#6936,#6946,.T.);
#6944 = VERTEX_POINT('',#6945);
#6945 = CARTESIAN_POINT('',(0.3,3.55,0.2));
#6946 = LINE('',#6947,#6948);
#6947 = CARTESIAN_POINT('',(0.758908045977,3.55,0.2));
#6948 = VECTOR('',#6949,1.);
#6949 = DIRECTION('',(1.,2.22044604925E-16,3.366384683392E-32));
#6950 = ORIENTED_EDGE('',*,*,#6951,.F.);
#6951 = EDGE_CURVE('',#6952,#6944,#6954,.T.);
#6952 = VERTEX_POINT('',#6953);
#6953 = CARTESIAN_POINT('',(0.3,-3.55,0.2));
#6954 = LINE('',#6955,#6956);
#6955 = CARTESIAN_POINT('',(0.3,-3.65,0.2));
#6956 = VECTOR('',#6957,1.);
#6957 = DIRECTION('',(0.,1.,0.));
#6958 = ORIENTED_EDGE('',*,*,#6959,.T.);
#6959 = EDGE_CURVE('',#6952,#6960,#6962,.T.);
#6960 = VERTEX_POINT('',#6961);
#6961 = CARTESIAN_POINT('',(0.6,-3.55,0.2));
#6962 = LINE('',#6963,#6964);
#6963 = CARTESIAN_POINT('',(0.758908045977,-3.55,0.2));
#6964 = VECTOR('',#6965,1.);
#6965 = DIRECTION('',(1.,-2.22044604925E-16,3.366384683392E-32));
#6966 = ORIENTED_EDGE('',*,*,#6967,.F.);
#6967 = EDGE_CURVE('',#6968,#6960,#6970,.T.);
#6968 = VERTEX_POINT('',#6969);
#6969 = CARTESIAN_POINT('',(0.6,-3.,0.2));
#6970 = LINE('',#6971,#6972);
#6971 = CARTESIAN_POINT('',(0.6,-3.,0.2));
#6972 = VECTOR('',#6973,1.);
#6973 = DIRECTION('',(-1.883963071018E-13,-1.,0.));
#6974 = ORIENTED_EDGE('',*,*,#6975,.F.);
#6975 = EDGE_CURVE('',#6976,#6968,#6978,.T.);
#6976 = VERTEX_POINT('',#6977);
#6977 = CARTESIAN_POINT('',(1.7,-3.,0.2));
#6978 = LINE('',#6979,#6980);
#6979 = CARTESIAN_POINT('',(1.7,-3.,0.2));
#6980 = VECTOR('',#6981,1.);
#6981 = DIRECTION('',(-1.,0.,0.));
#6982 = ORIENTED_EDGE('',*,*,#6983,.F.);
#6983 = EDGE_CURVE('',#6984,#6976,#6986,.T.);
#6984 = VERTEX_POINT('',#6985);
#6985 = CARTESIAN_POINT('',(1.7,-2.35,0.2));
#6986 = LINE('',#6987,#6988);
#6987 = CARTESIAN_POINT('',(1.7,3.,0.2));
#6988 = VECTOR('',#6989,1.);
#6989 = DIRECTION('',(0.,-1.,0.));
#6990 = ORIENTED_EDGE('',*,*,#6991,.F.);
#6991 = EDGE_CURVE('',#6992,#6984,#6994,.T.);
#6992 = VERTEX_POINT('',#6993);
#6993 = CARTESIAN_POINT('',(1.6,-2.35,0.2));
#6994 = LINE('',#6995,#6996);
#6995 = CARTESIAN_POINT('',(2.158908045977,-2.35,0.2));
#6996 = VECTOR('',#6997,1.);
#6997 = DIRECTION('',(1.,0.,3.366384683392E-32));
#6998 = ORIENTED_EDGE('',*,*,#6999,.F.);
#6999 = EDGE_CURVE('',#7000,#6992,#7002,.T.);
#7000 = VERTEX_POINT('',#7001);
#7001 = CARTESIAN_POINT('',(1.6,-2.15,0.2));
#7002 = LINE('',#7003,#7004);
#7003 = CARTESIAN_POINT('',(1.6,-1.175,0.2));
#7004 = VECTOR('',#7005,1.);
#7005 = DIRECTION('',(-0.,-1.,-8.164942881078E-47));
#7006 = ORIENTED_EDGE('',*,*,#7007,.F.);
#7007 = EDGE_CURVE('',#7008,#7000,#7010,.T.);
#7008 = VERTEX_POINT('',#7009);
#7009 = CARTESIAN_POINT('',(1.7,-2.15,0.2));
#7010 = LINE('',#7011,#7012);
#7011 = CARTESIAN_POINT('',(1.258908045977,-2.15,0.2));
#7012 = VECTOR('',#7013,1.);
#7013 = DIRECTION('',(-1.,0.,-3.366384683392E-32));
#7014 = ORIENTED_EDGE('',*,*,#7015,.F.);
#7015 = EDGE_CURVE('',#7016,#7008,#7018,.T.);
#7016 = VERTEX_POINT('',#7017);
#7017 = CARTESIAN_POINT('',(1.7,-1.85,0.2));
#7018 = LINE('',#7019,#7020);
#7019 = CARTESIAN_POINT('',(1.7,3.,0.2));
#7020 = VECTOR('',#7021,1.);
#7021 = DIRECTION('',(0.,-1.,0.));
#7022 = ORIENTED_EDGE('',*,*,#7023,.F.);
#7023 = EDGE_CURVE('',#7024,#7016,#7026,.T.);
#7024 = VERTEX_POINT('',#7025);
#7025 = CARTESIAN_POINT('',(1.6,-1.85,0.2));
#7026 = LINE('',#7027,#7028);
#7027 = CARTESIAN_POINT('',(2.158908045977,-1.85,0.2));
#7028 = VECTOR('',#7029,1.);
#7029 = DIRECTION('',(1.,0.,3.366384683392E-32));
#7030 = ORIENTED_EDGE('',*,*,#7031,.F.);
#7031 = EDGE_CURVE('',#7032,#7024,#7034,.T.);
#7032 = VERTEX_POINT('',#7033);
#7033 = CARTESIAN_POINT('',(1.6,-1.65,0.2));
#7034 = LINE('',#7035,#7036);
#7035 = CARTESIAN_POINT('',(1.6,-0.925,0.2));
#7036 = VECTOR('',#7037,1.);
#7037 = DIRECTION('',(-0.,-1.,-8.164942881078E-47));
#7038 = ORIENTED_EDGE('',*,*,#7039,.F.);
#7039 = EDGE_CURVE('',#7040,#7032,#7042,.T.);
#7040 = VERTEX_POINT('',#7041);
#7041 = CARTESIAN_POINT('',(1.7,-1.65,0.2));
#7042 = LINE('',#7043,#7044);
#7043 = CARTESIAN_POINT('',(1.258908045977,-1.65,0.2));
#7044 = VECTOR('',#7045,1.);
#7045 = DIRECTION('',(-1.,0.,-3.366384683392E-32));
#7046 = ORIENTED_EDGE('',*,*,#7047,.F.);
#7047 = EDGE_CURVE('',#7048,#7040,#7050,.T.);
#7048 = VERTEX_POINT('',#7049);
#7049 = CARTESIAN_POINT('',(1.7,-1.35,0.2));
#7050 = LINE('',#7051,#7052);
#7051 = CARTESIAN_POINT('',(1.7,3.,0.2));
#7052 = VECTOR('',#7053,1.);
#7053 = DIRECTION('',(0.,-1.,0.));
#7054 = ORIENTED_EDGE('',*,*,#7055,.F.);
#7055 = EDGE_CURVE('',#7056,#7048,#7058,.T.);
#7056 = VERTEX_POINT('',#7057);
#7057 = CARTESIAN_POINT('',(1.6,-1.35,0.2));
#7058 = LINE('',#7059,#7060);
#7059 = CARTESIAN_POINT('',(2.158908045977,-1.35,0.2));
#7060 = VECTOR('',#7061,1.);
#7061 = DIRECTION('',(1.,0.,3.366384683392E-32));
#7062 = ORIENTED_EDGE('',*,*,#7063,.F.);
#7063 = EDGE_CURVE('',#7064,#7056,#7066,.T.);
#7064 = VERTEX_POINT('',#7065);
#7065 = CARTESIAN_POINT('',(1.6,-1.15,0.2));
#7066 = LINE('',#7067,#7068);
#7067 = CARTESIAN_POINT('',(1.6,-0.675,0.2));
#7068 = VECTOR('',#7069,1.);
#7069 = DIRECTION('',(-0.,-1.,-8.164942881078E-47));
#7070 = ORIENTED_EDGE('',*,*,#7071,.F.);
#7071 = EDGE_CURVE('',#7072,#7064,#7074,.T.);
#7072 = VERTEX_POINT('',#7073);
#7073 = CARTESIAN_POINT('',(1.7,-1.15,0.2));
#7074 = LINE('',#7075,#7076);
#7075 = CARTESIAN_POINT('',(1.258908045977,-1.15,0.2));
#7076 = VECTOR('',#7077,1.);
#7077 = DIRECTION('',(-1.,0.,-3.366384683392E-32));
#7078 = ORIENTED_EDGE('',*,*,#7079,.F.);
#7079 = EDGE_CURVE('',#7080,#7072,#7082,.T.);
#7080 = VERTEX_POINT('',#7081);
#7081 = CARTESIAN_POINT('',(1.7,-0.85,0.2));
#7082 = LINE('',#7083,#7084);
#7083 = CARTESIAN_POINT('',(1.7,3.,0.2));
#7084 = VECTOR('',#7085,1.);
#7085 = DIRECTION('',(0.,-1.,0.));
#7086 = ORIENTED_EDGE('',*,*,#7087,.F.);
#7087 = EDGE_CURVE('',#7088,#7080,#7090,.T.);
#7088 = VERTEX_POINT('',#7089);
#7089 = CARTESIAN_POINT('',(1.6,-0.85,0.2));
#7090 = LINE('',#7091,#7092);
#7091 = CARTESIAN_POINT('',(2.158908045977,-0.85,0.2));
#7092 = VECTOR('',#7093,1.);
#7093 = DIRECTION('',(1.,0.,3.366384683392E-32));
#7094 = ORIENTED_EDGE('',*,*,#7095,.F.);
#7095 = EDGE_CURVE('',#7096,#7088,#7098,.T.);
#7096 = VERTEX_POINT('',#7097);
#7097 = CARTESIAN_POINT('',(1.6,-0.65,0.2));
#7098 = LINE('',#7099,#7100);
#7099 = CARTESIAN_POINT('',(1.6,-0.425,0.2));
#7100 = VECTOR('',#7101,1.);
#7101 = DIRECTION('',(-0.,-1.,-8.164942881078E-47));
#7102 = ORIENTED_EDGE('',*,*,#7103,.F.);
#7103 = EDGE_CURVE('',#7104,#7096,#7106,.T.);
#7104 = VERTEX_POINT('',#7105);
#7105 = CARTESIAN_POINT('',(1.7,-0.65,0.2));
#7106 = LINE('',#7107,#7108);
#7107 = CARTESIAN_POINT('',(1.258908045977,-0.65,0.2));
#7108 = VECTOR('',#7109,1.);
#7109 = DIRECTION('',(-1.,0.,-3.366384683392E-32));
#7110 = ORIENTED_EDGE('',*,*,#7111,.F.);
#7111 = EDGE_CURVE('',#7112,#7104,#7114,.T.);
#7112 = VERTEX_POINT('',#7113);
#7113 = CARTESIAN_POINT('',(1.7,-0.35,0.2));
#7114 = LINE('',#7115,#7116);
#7115 = CARTESIAN_POINT('',(1.7,3.,0.2));
#7116 = VECTOR('',#7117,1.);
#7117 = DIRECTION('',(0.,-1.,0.));
#7118 = ORIENTED_EDGE('',*,*,#7119,.F.);
#7119 = EDGE_CURVE('',#7120,#7112,#7122,.T.);
#7120 = VERTEX_POINT('',#7121);
#7121 = CARTESIAN_POINT('',(1.6,-0.35,0.2));
#7122 = LINE('',#7123,#7124);
#7123 = CARTESIAN_POINT('',(2.158908045977,-0.35,0.2));
#7124 = VECTOR('',#7125,1.);
#7125 = DIRECTION('',(1.,0.,3.366384683392E-32));
#7126 = ORIENTED_EDGE('',*,*,#7127,.F.);
#7127 = EDGE_CURVE('',#7128,#7120,#7130,.T.);
#7128 = VERTEX_POINT('',#7129);
#7129 = CARTESIAN_POINT('',(1.6,-0.15,0.2));
#7130 = LINE('',#7131,#7132);
#7131 = CARTESIAN_POINT('',(1.6,-0.175,0.2));
#7132 = VECTOR('',#7133,1.);
#7133 = DIRECTION('',(-0.,-1.,-8.164942881078E-47));
#7134 = ORIENTED_EDGE('',*,*,#7135,.F.);
#7135 = EDGE_CURVE('',#7136,#7128,#7138,.T.);
#7136 = VERTEX_POINT('',#7137);
#7137 = CARTESIAN_POINT('',(1.7,-0.15,0.2));
#7138 = LINE('',#7139,#7140);
#7139 = CARTESIAN_POINT('',(1.258908045977,-0.15,0.2));
#7140 = VECTOR('',#7141,1.);
#7141 = DIRECTION('',(-1.,0.,-3.366384683392E-32));
#7142 = ORIENTED_EDGE('',*,*,#7143,.F.);
#7143 = EDGE_CURVE('',#7144,#7136,#7146,.T.);
#7144 = VERTEX_POINT('',#7145);
#7145 = CARTESIAN_POINT('',(1.7,0.15,0.2));
#7146 = LINE('',#7147,#7148);
#7147 = CARTESIAN_POINT('',(1.7,3.,0.2));
#7148 = VECTOR('',#7149,1.);
#7149 = DIRECTION('',(0.,-1.,0.));
#7150 = ORIENTED_EDGE('',*,*,#7151,.F.);
#7151 = EDGE_CURVE('',#7152,#7144,#7154,.T.);
#7152 = VERTEX_POINT('',#7153);
#7153 = CARTESIAN_POINT('',(1.6,0.15,0.2));
#7154 = LINE('',#7155,#7156);
#7155 = CARTESIAN_POINT('',(2.158908045977,0.15,0.2));
#7156 = VECTOR('',#7157,1.);
#7157 = DIRECTION('',(1.,0.,3.366384683392E-32));
#7158 = ORIENTED_EDGE('',*,*,#7159,.F.);
#7159 = EDGE_CURVE('',#7160,#7152,#7162,.T.);
#7160 = VERTEX_POINT('',#7161);
#7161 = CARTESIAN_POINT('',(1.6,0.35,0.2));
#7162 = LINE('',#7163,#7164);
#7163 = CARTESIAN_POINT('',(1.6,7.500000000002E-02,0.2));
#7164 = VECTOR('',#7165,1.);
#7165 = DIRECTION('',(-0.,-1.,-8.164942881078E-47));
#7166 = ORIENTED_EDGE('',*,*,#7167,.F.);
#7167 = EDGE_CURVE('',#7168,#7160,#7170,.T.);
#7168 = VERTEX_POINT('',#7169);
#7169 = CARTESIAN_POINT('',(1.7,0.35,0.2));
#7170 = LINE('',#7171,#7172);
#7171 = CARTESIAN_POINT('',(1.258908045977,0.35,0.2));
#7172 = VECTOR('',#7173,1.);
#7173 = DIRECTION('',(-1.,0.,-3.366384683392E-32));
#7174 = ORIENTED_EDGE('',*,*,#7175,.F.);
#7175 = EDGE_CURVE('',#7176,#7168,#7178,.T.);
#7176 = VERTEX_POINT('',#7177);
#7177 = CARTESIAN_POINT('',(1.7,0.65,0.2));
#7178 = LINE('',#7179,#7180);
#7179 = CARTESIAN_POINT('',(1.7,3.,0.2));
#7180 = VECTOR('',#7181,1.);
#7181 = DIRECTION('',(0.,-1.,0.));
#7182 = ORIENTED_EDGE('',*,*,#7183,.F.);
#7183 = EDGE_CURVE('',#7184,#7176,#7186,.T.);
#7184 = VERTEX_POINT('',#7185);
#7185 = CARTESIAN_POINT('',(1.6,0.65,0.2));
#7186 = LINE('',#7187,#7188);
#7187 = CARTESIAN_POINT('',(2.158908045977,0.65,0.2));
#7188 = VECTOR('',#7189,1.);
#7189 = DIRECTION('',(1.,0.,3.366384683392E-32));
#7190 = ORIENTED_EDGE('',*,*,#7191,.F.);
#7191 = EDGE_CURVE('',#7192,#7184,#7194,.T.);
#7192 = VERTEX_POINT('',#7193);
#7193 = CARTESIAN_POINT('',(1.6,0.85,0.2));
#7194 = LINE('',#7195,#7196);
#7195 = CARTESIAN_POINT('',(1.6,0.325,0.2));
#7196 = VECTOR('',#7197,1.);
#7197 = DIRECTION('',(-0.,-1.,-8.164942881078E-47));
#7198 = ORIENTED_EDGE('',*,*,#7199,.F.);
#7199 = EDGE_CURVE('',#7200,#7192,#7202,.T.);
#7200 = VERTEX_POINT('',#7201);
#7201 = CARTESIAN_POINT('',(1.7,0.85,0.2));
#7202 = LINE('',#7203,#7204);
#7203 = CARTESIAN_POINT('',(1.258908045977,0.85,0.2));
#7204 = VECTOR('',#7205,1.);
#7205 = DIRECTION('',(-1.,0.,-3.366384683392E-32));
#7206 = ORIENTED_EDGE('',*,*,#7207,.F.);
#7207 = EDGE_CURVE('',#7208,#7200,#7210,.T.);
#7208 = VERTEX_POINT('',#7209);
#7209 = CARTESIAN_POINT('',(1.7,1.15,0.2));
#7210 = LINE('',#7211,#7212);
#7211 = CARTESIAN_POINT('',(1.7,3.,0.2));
#7212 = VECTOR('',#7213,1.);
#7213 = DIRECTION('',(0.,-1.,0.));
#7214 = ORIENTED_EDGE('',*,*,#7215,.F.);
#7215 = EDGE_CURVE('',#7216,#7208,#7218,.T.);
#7216 = VERTEX_POINT('',#7217);
#7217 = CARTESIAN_POINT('',(1.6,1.15,0.2));
#7218 = LINE('',#7219,#7220);
#7219 = CARTESIAN_POINT('',(2.158908045977,1.15,0.2));
#7220 = VECTOR('',#7221,1.);
#7221 = DIRECTION('',(1.,0.,3.366384683392E-32));
#7222 = ORIENTED_EDGE('',*,*,#7223,.F.);
#7223 = EDGE_CURVE('',#7224,#7216,#7226,.T.);
#7224 = VERTEX_POINT('',#7225);
#7225 = CARTESIAN_POINT('',(1.6,1.35,0.2));
#7226 = LINE('',#7227,#7228);
#7227 = CARTESIAN_POINT('',(1.6,0.575,0.2));
#7228 = VECTOR('',#7229,1.);
#7229 = DIRECTION('',(-0.,-1.,-8.164942881078E-47));
#7230 = ORIENTED_EDGE('',*,*,#7231,.F.);
#7231 = EDGE_CURVE('',#7232,#7224,#7234,.T.);
#7232 = VERTEX_POINT('',#7233);
#7233 = CARTESIAN_POINT('',(1.7,1.35,0.2));
#7234 = LINE('',#7235,#7236);
#7235 = CARTESIAN_POINT('',(1.258908045977,1.35,0.2));
#7236 = VECTOR('',#7237,1.);
#7237 = DIRECTION('',(-1.,0.,-3.366384683392E-32));
#7238 = ORIENTED_EDGE('',*,*,#7239,.F.);
#7239 = EDGE_CURVE('',#7240,#7232,#7242,.T.);
#7240 = VERTEX_POINT('',#7241);
#7241 = CARTESIAN_POINT('',(1.7,1.65,0.2));
#7242 = LINE('',#7243,#7244);
#7243 = CARTESIAN_POINT('',(1.7,3.,0.2));
#7244 = VECTOR('',#7245,1.);
#7245 = DIRECTION('',(0.,-1.,0.));
#7246 = ORIENTED_EDGE('',*,*,#7247,.F.);
#7247 = EDGE_CURVE('',#7248,#7240,#7250,.T.);
#7248 = VERTEX_POINT('',#7249);
#7249 = CARTESIAN_POINT('',(1.6,1.65,0.2));
#7250 = LINE('',#7251,#7252);
#7251 = CARTESIAN_POINT('',(2.158908045977,1.65,0.2));
#7252 = VECTOR('',#7253,1.);
#7253 = DIRECTION('',(1.,0.,3.366384683392E-32));
#7254 = ORIENTED_EDGE('',*,*,#7255,.F.);
#7255 = EDGE_CURVE('',#7256,#7248,#7258,.T.);
#7256 = VERTEX_POINT('',#7257);
#7257 = CARTESIAN_POINT('',(1.6,1.85,0.2));
#7258 = LINE('',#7259,#7260);
#7259 = CARTESIAN_POINT('',(1.6,0.825,0.2));
#7260 = VECTOR('',#7261,1.);
#7261 = DIRECTION('',(-0.,-1.,-8.164942881078E-47));
#7262 = ORIENTED_EDGE('',*,*,#7263,.F.);
#7263 = EDGE_CURVE('',#7264,#7256,#7266,.T.);
#7264 = VERTEX_POINT('',#7265);
#7265 = CARTESIAN_POINT('',(1.7,1.85,0.2));
#7266 = LINE('',#7267,#7268);
#7267 = CARTESIAN_POINT('',(1.258908045977,1.85,0.2));
#7268 = VECTOR('',#7269,1.);
#7269 = DIRECTION('',(-1.,0.,-3.366384683392E-32));
#7270 = ORIENTED_EDGE('',*,*,#7271,.F.);
#7271 = EDGE_CURVE('',#7272,#7264,#7274,.T.);
#7272 = VERTEX_POINT('',#7273);
#7273 = CARTESIAN_POINT('',(1.7,2.15,0.2));
#7274 = LINE('',#7275,#7276);
#7275 = CARTESIAN_POINT('',(1.7,3.,0.2));
#7276 = VECTOR('',#7277,1.);
#7277 = DIRECTION('',(0.,-1.,0.));
#7278 = ORIENTED_EDGE('',*,*,#7279,.F.);
#7279 = EDGE_CURVE('',#7280,#7272,#7282,.T.);
#7280 = VERTEX_POINT('',#7281);
#7281 = CARTESIAN_POINT('',(1.6,2.15,0.2));
#7282 = LINE('',#7283,#7284);
#7283 = CARTESIAN_POINT('',(2.158908045977,2.15,0.2));
#7284 = VECTOR('',#7285,1.);
#7285 = DIRECTION('',(1.,0.,3.366384683392E-32));
#7286 = ORIENTED_EDGE('',*,*,#7287,.F.);
#7287 = EDGE_CURVE('',#7288,#7280,#7290,.T.);
#7288 = VERTEX_POINT('',#7289);
#7289 = CARTESIAN_POINT('',(1.6,2.35,0.2));
#7290 = LINE('',#7291,#7292);
#7291 = CARTESIAN_POINT('',(1.6,1.075,0.2));
#7292 = VECTOR('',#7293,1.);
#7293 = DIRECTION('',(-0.,-1.,-8.164942881078E-47));
#7294 = ORIENTED_EDGE('',*,*,#7295,.F.);
#7295 = EDGE_CURVE('',#6889,#7288,#7296,.T.);
#7296 = LINE('',#7297,#7298);
#7297 = CARTESIAN_POINT('',(1.258908045977,2.35,0.2));
#7298 = VECTOR('',#7299,1.);
#7299 = DIRECTION('',(-1.,0.,-3.366384683392E-32));
#7300 = PLANE('',#7301);
#7301 = AXIS2_PLACEMENT_3D('',#7302,#7303,#7304);
#7302 = CARTESIAN_POINT('',(0.917816091954,4.206086309385E-14,0.2));
#7303 = DIRECTION('',(-3.366384683392E-32,-8.164942881078E-47,1.));
#7304 = DIRECTION('',(1.,0.,3.366384683392E-32));
#7305 = ADVANCED_FACE('',(#7306),#7381,.T.);
#7306 = FACE_BOUND('',#7307,.T.);
#7307 = EDGE_LOOP('',(#7308,#7318,#7324,#7325,#7326,#7334,#7342,#7350,
    #7358,#7367,#7375));
#7308 = ORIENTED_EDGE('',*,*,#7309,.F.);
#7309 = EDGE_CURVE('',#7310,#7312,#7314,.T.);
#7310 = VERTEX_POINT('',#7311);
#7311 = CARTESIAN_POINT('',(1.6,2.35,0.));
#7312 = VERTEX_POINT('',#7313);
#7313 = CARTESIAN_POINT('',(3.4,2.35,0.));
#7314 = LINE('',#7315,#7316);
#7315 = CARTESIAN_POINT('',(1.6,2.35,0.));
#7316 = VECTOR('',#7317,1.);
#7317 = DIRECTION('',(1.,0.,0.));
#7318 = ORIENTED_EDGE('',*,*,#7319,.T.);
#7319 = EDGE_CURVE('',#7310,#7288,#7320,.T.);
#7320 = LINE('',#7321,#7322);
#7321 = CARTESIAN_POINT('',(1.6,2.35,0.));
#7322 = VECTOR('',#7323,1.);
#7323 = DIRECTION('',(0.,0.,1.));
#7324 = ORIENTED_EDGE('',*,*,#7295,.F.);
#7325 = ORIENTED_EDGE('',*,*,#6912,.T.);
#7326 = ORIENTED_EDGE('',*,*,#7327,.T.);
#7327 = EDGE_CURVE('',#6905,#7328,#7330,.T.);
#7328 = VERTEX_POINT('',#7329);
#7329 = CARTESIAN_POINT('',(1.6,2.35,0.5));
#7330 = LINE('',#7331,#7332);
#7331 = CARTESIAN_POINT('',(1.258908045977,2.35,0.5));
#7332 = VECTOR('',#7333,1.);
#7333 = DIRECTION('',(-1.,0.,-3.366384683392E-32));
#7334 = ORIENTED_EDGE('',*,*,#7335,.T.);
#7335 = EDGE_CURVE('',#7328,#7336,#7338,.T.);
#7336 = VERTEX_POINT('',#7337);
#7337 = CARTESIAN_POINT('',(1.6,2.35,1.8));
#7338 = LINE('',#7339,#7340);
#7339 = CARTESIAN_POINT('',(1.6,2.35,0.));
#7340 = VECTOR('',#7341,1.);
#7341 = DIRECTION('',(0.,0.,1.));
#7342 = ORIENTED_EDGE('',*,*,#7343,.T.);
#7343 = EDGE_CURVE('',#7336,#7344,#7346,.T.);
#7344 = VERTEX_POINT('',#7345);
#7345 = CARTESIAN_POINT('',(2.7,2.35,1.8));
#7346 = LINE('',#7347,#7348);
#7347 = CARTESIAN_POINT('',(1.6,2.35,1.8));
#7348 = VECTOR('',#7349,1.);
#7349 = DIRECTION('',(1.,0.,0.));
#7350 = ORIENTED_EDGE('',*,*,#7351,.T.);
#7351 = EDGE_CURVE('',#7344,#7352,#7354,.T.);
#7352 = VERTEX_POINT('',#7353);
#7353 = CARTESIAN_POINT('',(2.7,2.35,0.5));
#7354 = LINE('',#7355,#7356);
#7355 = CARTESIAN_POINT('',(2.7,2.35,0.25));
#7356 = VECTOR('',#7357,1.);
#7357 = DIRECTION('',(0.,0.,-1.));
#7358 = ORIENTED_EDGE('',*,*,#7359,.T.);
#7359 = EDGE_CURVE('',#7352,#7360,#7362,.T.);
#7360 = VERTEX_POINT('',#7361);
#7361 = CARTESIAN_POINT('',(2.9,2.35,0.3));
#7362 = CIRCLE('',#7363,0.2);
#7363 = AXIS2_PLACEMENT_3D('',#7364,#7365,#7366);
#7364 = CARTESIAN_POINT('',(2.9,2.35,0.5));
#7365 = DIRECTION('',(0.,-1.,-2.22044604925E-16));
#7366 = DIRECTION('',(1.,0.,0.));
#7367 = ORIENTED_EDGE('',*,*,#7368,.T.);
#7368 = EDGE_CURVE('',#7360,#7369,#7371,.T.);
#7369 = VERTEX_POINT('',#7370);
#7370 = CARTESIAN_POINT('',(3.4,2.35,0.3));
#7371 = LINE('',#7372,#7373);
#7372 = CARTESIAN_POINT('',(3.05,2.35,0.3));
#7373 = VECTOR('',#7374,1.);
#7374 = DIRECTION('',(1.,0.,0.));
#7375 = ORIENTED_EDGE('',*,*,#7376,.F.);
#7376 = EDGE_CURVE('',#7312,#7369,#7377,.T.);
#7377 = LINE('',#7378,#7379);
#7378 = CARTESIAN_POINT('',(3.4,2.35,0.));
#7379 = VECTOR('',#7380,1.);
#7380 = DIRECTION('',(0.,0.,1.));
#7381 = PLANE('',#7382);
#7382 = AXIS2_PLACEMENT_3D('',#7383,#7384,#7385);
#7383 = CARTESIAN_POINT('',(1.6,2.35,0.));
#7384 = DIRECTION('',(0.,1.,0.));
#7385 = DIRECTION('',(1.,0.,0.));
#7386 = ADVANCED_FACE('',(#7387),#7757,.T.);
#7387 = FACE_BOUND('',#7388,.T.);
#7388 = EDGE_LOOP('',(#7389,#7390,#7398,#7406,#7414,#7422,#7430,#7438,
    #7446,#7454,#7462,#7470,#7478,#7486,#7494,#7502,#7510,#7518,#7526,
    #7534,#7542,#7550,#7558,#7566,#7574,#7582,#7590,#7598,#7606,#7614,
    #7622,#7630,#7638,#7646,#7654,#7662,#7670,#7678,#7686,#7694,#7702,
    #7710,#7718,#7726,#7734,#7742,#7750,#7756));
#7389 = ORIENTED_EDGE('',*,*,#6904,.F.);
#7390 = ORIENTED_EDGE('',*,*,#7391,.F.);
#7391 = EDGE_CURVE('',#7392,#6897,#7394,.T.);
#7392 = VERTEX_POINT('',#7393);
#7393 = CARTESIAN_POINT('',(0.6,3.,0.5));
#7394 = LINE('',#7395,#7396);
#7395 = CARTESIAN_POINT('',(0.6,3.,0.5));
#7396 = VECTOR('',#7397,1.);
#7397 = DIRECTION('',(1.,0.,0.));
#7398 = ORIENTED_EDGE('',*,*,#7399,.F.);
#7399 = EDGE_CURVE('',#7400,#7392,#7402,.T.);
#7400 = VERTEX_POINT('',#7401);
#7401 = CARTESIAN_POINT('',(0.6,3.55,0.5));
#7402 = LINE('',#7403,#7404);
#7403 = CARTESIAN_POINT('',(0.6,3.65,0.5));
#7404 = VECTOR('',#7405,1.);
#7405 = DIRECTION('',(-1.880547000173E-13,-1.,0.));
#7406 = ORIENTED_EDGE('',*,*,#7407,.F.);
#7407 = EDGE_CURVE('',#7408,#7400,#7410,.T.);
#7408 = VERTEX_POINT('',#7409);
#7409 = CARTESIAN_POINT('',(0.3,3.55,0.5));
#7410 = LINE('',#7411,#7412);
#7411 = CARTESIAN_POINT('',(0.758908045977,3.55,0.5));
#7412 = VECTOR('',#7413,1.);
#7413 = DIRECTION('',(1.,2.22044604925E-16,3.366384683392E-32));
#7414 = ORIENTED_EDGE('',*,*,#7415,.F.);
#7415 = EDGE_CURVE('',#7416,#7408,#7418,.T.);
#7416 = VERTEX_POINT('',#7417);
#7417 = CARTESIAN_POINT('',(0.3,-3.55,0.5));
#7418 = LINE('',#7419,#7420);
#7419 = CARTESIAN_POINT('',(0.3,-3.65,0.5));
#7420 = VECTOR('',#7421,1.);
#7421 = DIRECTION('',(0.,1.,0.));
#7422 = ORIENTED_EDGE('',*,*,#7423,.T.);
#7423 = EDGE_CURVE('',#7416,#7424,#7426,.T.);
#7424 = VERTEX_POINT('',#7425);
#7425 = CARTESIAN_POINT('',(0.6,-3.55,0.5));
#7426 = LINE('',#7427,#7428);
#7427 = CARTESIAN_POINT('',(0.758908045977,-3.55,0.5));
#7428 = VECTOR('',#7429,1.);
#7429 = DIRECTION('',(1.,-2.22044604925E-16,3.366384683392E-32));
#7430 = ORIENTED_EDGE('',*,*,#7431,.F.);
#7431 = EDGE_CURVE('',#7432,#7424,#7434,.T.);
#7432 = VERTEX_POINT('',#7433);
#7433 = CARTESIAN_POINT('',(0.6,-3.,0.5));
#7434 = LINE('',#7435,#7436);
#7435 = CARTESIAN_POINT('',(0.6,-3.,0.5));
#7436 = VECTOR('',#7437,1.);
#7437 = DIRECTION('',(-1.883963071018E-13,-1.,0.));
#7438 = ORIENTED_EDGE('',*,*,#7439,.F.);
#7439 = EDGE_CURVE('',#7440,#7432,#7442,.T.);
#7440 = VERTEX_POINT('',#7441);
#7441 = CARTESIAN_POINT('',(1.7,-3.,0.5));
#7442 = LINE('',#7443,#7444);
#7443 = CARTESIAN_POINT('',(1.7,-3.,0.5));
#7444 = VECTOR('',#7445,1.);
#7445 = DIRECTION('',(-1.,0.,0.));
#7446 = ORIENTED_EDGE('',*,*,#7447,.F.);
#7447 = EDGE_CURVE('',#7448,#7440,#7450,.T.);
#7448 = VERTEX_POINT('',#7449);
#7449 = CARTESIAN_POINT('',(1.7,-2.35,0.5));
#7450 = LINE('',#7451,#7452);
#7451 = CARTESIAN_POINT('',(1.7,3.,0.5));
#7452 = VECTOR('',#7453,1.);
#7453 = DIRECTION('',(0.,-1.,0.));
#7454 = ORIENTED_EDGE('',*,*,#7455,.F.);
#7455 = EDGE_CURVE('',#7456,#7448,#7458,.T.);
#7456 = VERTEX_POINT('',#7457);
#7457 = CARTESIAN_POINT('',(1.6,-2.35,0.5));
#7458 = LINE('',#7459,#7460);
#7459 = CARTESIAN_POINT('',(2.158908045977,-2.35,0.5));
#7460 = VECTOR('',#7461,1.);
#7461 = DIRECTION('',(1.,0.,3.366384683392E-32));
#7462 = ORIENTED_EDGE('',*,*,#7463,.F.);
#7463 = EDGE_CURVE('',#7464,#7456,#7466,.T.);
#7464 = VERTEX_POINT('',#7465);
#7465 = CARTESIAN_POINT('',(1.6,-2.15,0.5));
#7466 = LINE('',#7467,#7468);
#7467 = CARTESIAN_POINT('',(1.6,-1.175,0.5));
#7468 = VECTOR('',#7469,1.);
#7469 = DIRECTION('',(-0.,-1.,-8.164942881078E-47));
#7470 = ORIENTED_EDGE('',*,*,#7471,.F.);
#7471 = EDGE_CURVE('',#7472,#7464,#7474,.T.);
#7472 = VERTEX_POINT('',#7473);
#7473 = CARTESIAN_POINT('',(1.7,-2.15,0.5));
#7474 = LINE('',#7475,#7476);
#7475 = CARTESIAN_POINT('',(1.258908045977,-2.15,0.5));
#7476 = VECTOR('',#7477,1.);
#7477 = DIRECTION('',(-1.,0.,-3.366384683392E-32));
#7478 = ORIENTED_EDGE('',*,*,#7479,.F.);
#7479 = EDGE_CURVE('',#7480,#7472,#7482,.T.);
#7480 = VERTEX_POINT('',#7481);
#7481 = CARTESIAN_POINT('',(1.7,-1.85,0.5));
#7482 = LINE('',#7483,#7484);
#7483 = CARTESIAN_POINT('',(1.7,3.,0.5));
#7484 = VECTOR('',#7485,1.);
#7485 = DIRECTION('',(0.,-1.,0.));
#7486 = ORIENTED_EDGE('',*,*,#7487,.F.);
#7487 = EDGE_CURVE('',#7488,#7480,#7490,.T.);
#7488 = VERTEX_POINT('',#7489);
#7489 = CARTESIAN_POINT('',(1.6,-1.85,0.5));
#7490 = LINE('',#7491,#7492);
#7491 = CARTESIAN_POINT('',(2.158908045977,-1.85,0.5));
#7492 = VECTOR('',#7493,1.);
#7493 = DIRECTION('',(1.,0.,3.366384683392E-32));
#7494 = ORIENTED_EDGE('',*,*,#7495,.F.);
#7495 = EDGE_CURVE('',#7496,#7488,#7498,.T.);
#7496 = VERTEX_POINT('',#7497);
#7497 = CARTESIAN_POINT('',(1.6,-1.65,0.5));
#7498 = LINE('',#7499,#7500);
#7499 = CARTESIAN_POINT('',(1.6,-0.925,0.5));
#7500 = VECTOR('',#7501,1.);
#7501 = DIRECTION('',(-0.,-1.,-8.164942881078E-47));
#7502 = ORIENTED_EDGE('',*,*,#7503,.F.);
#7503 = EDGE_CURVE('',#7504,#7496,#7506,.T.);
#7504 = VERTEX_POINT('',#7505);
#7505 = CARTESIAN_POINT('',(1.7,-1.65,0.5));
#7506 = LINE('',#7507,#7508);
#7507 = CARTESIAN_POINT('',(1.258908045977,-1.65,0.5));
#7508 = VECTOR('',#7509,1.);
#7509 = DIRECTION('',(-1.,0.,-3.366384683392E-32));
#7510 = ORIENTED_EDGE('',*,*,#7511,.F.);
#7511 = EDGE_CURVE('',#7512,#7504,#7514,.T.);
#7512 = VERTEX_POINT('',#7513);
#7513 = CARTESIAN_POINT('',(1.7,-1.35,0.5));
#7514 = LINE('',#7515,#7516);
#7515 = CARTESIAN_POINT('',(1.7,3.,0.5));
#7516 = VECTOR('',#7517,1.);
#7517 = DIRECTION('',(0.,-1.,0.));
#7518 = ORIENTED_EDGE('',*,*,#7519,.F.);
#7519 = EDGE_CURVE('',#7520,#7512,#7522,.T.);
#7520 = VERTEX_POINT('',#7521);
#7521 = CARTESIAN_POINT('',(1.6,-1.35,0.5));
#7522 = LINE('',#7523,#7524);
#7523 = CARTESIAN_POINT('',(2.158908045977,-1.35,0.5));
#7524 = VECTOR('',#7525,1.);
#7525 = DIRECTION('',(1.,0.,3.366384683392E-32));
#7526 = ORIENTED_EDGE('',*,*,#7527,.F.);
#7527 = EDGE_CURVE('',#7528,#7520,#7530,.T.);
#7528 = VERTEX_POINT('',#7529);
#7529 = CARTESIAN_POINT('',(1.6,-1.15,0.5));
#7530 = LINE('',#7531,#7532);
#7531 = CARTESIAN_POINT('',(1.6,-0.675,0.5));
#7532 = VECTOR('',#7533,1.);
#7533 = DIRECTION('',(-0.,-1.,-8.164942881078E-47));
#7534 = ORIENTED_EDGE('',*,*,#7535,.F.);
#7535 = EDGE_CURVE('',#7536,#7528,#7538,.T.);
#7536 = VERTEX_POINT('',#7537);
#7537 = CARTESIAN_POINT('',(1.7,-1.15,0.5));
#7538 = LINE('',#7539,#7540);
#7539 = CARTESIAN_POINT('',(1.258908045977,-1.15,0.5));
#7540 = VECTOR('',#7541,1.);
#7541 = DIRECTION('',(-1.,0.,-3.366384683392E-32));
#7542 = ORIENTED_EDGE('',*,*,#7543,.F.);
#7543 = EDGE_CURVE('',#7544,#7536,#7546,.T.);
#7544 = VERTEX_POINT('',#7545);
#7545 = CARTESIAN_POINT('',(1.7,-0.85,0.5));
#7546 = LINE('',#7547,#7548);
#7547 = CARTESIAN_POINT('',(1.7,3.,0.5));
#7548 = VECTOR('',#7549,1.);
#7549 = DIRECTION('',(0.,-1.,0.));
#7550 = ORIENTED_EDGE('',*,*,#7551,.F.);
#7551 = EDGE_CURVE('',#7552,#7544,#7554,.T.);
#7552 = VERTEX_POINT('',#7553);
#7553 = CARTESIAN_POINT('',(1.6,-0.85,0.5));
#7554 = LINE('',#7555,#7556);
#7555 = CARTESIAN_POINT('',(2.158908045977,-0.85,0.5));
#7556 = VECTOR('',#7557,1.);
#7557 = DIRECTION('',(1.,0.,3.366384683392E-32));
#7558 = ORIENTED_EDGE('',*,*,#7559,.F.);
#7559 = EDGE_CURVE('',#7560,#7552,#7562,.T.);
#7560 = VERTEX_POINT('',#7561);
#7561 = CARTESIAN_POINT('',(1.6,-0.65,0.5));
#7562 = LINE('',#7563,#7564);
#7563 = CARTESIAN_POINT('',(1.6,-0.425,0.5));
#7564 = VECTOR('',#7565,1.);
#7565 = DIRECTION('',(-0.,-1.,-8.164942881078E-47));
#7566 = ORIENTED_EDGE('',*,*,#7567,.F.);
#7567 = EDGE_CURVE('',#7568,#7560,#7570,.T.);
#7568 = VERTEX_POINT('',#7569);
#7569 = CARTESIAN_POINT('',(1.7,-0.65,0.5));
#7570 = LINE('',#7571,#7572);
#7571 = CARTESIAN_POINT('',(1.258908045977,-0.65,0.5));
#7572 = VECTOR('',#7573,1.);
#7573 = DIRECTION('',(-1.,0.,-3.366384683392E-32));
#7574 = ORIENTED_EDGE('',*,*,#7575,.F.);
#7575 = EDGE_CURVE('',#7576,#7568,#7578,.T.);
#7576 = VERTEX_POINT('',#7577);
#7577 = CARTESIAN_POINT('',(1.7,-0.35,0.5));
#7578 = LINE('',#7579,#7580);
#7579 = CARTESIAN_POINT('',(1.7,3.,0.5));
#7580 = VECTOR('',#7581,1.);
#7581 = DIRECTION('',(0.,-1.,0.));
#7582 = ORIENTED_EDGE('',*,*,#7583,.F.);
#7583 = EDGE_CURVE('',#7584,#7576,#7586,.T.);
#7584 = VERTEX_POINT('',#7585);
#7585 = CARTESIAN_POINT('',(1.6,-0.35,0.5));
#7586 = LINE('',#7587,#7588);
#7587 = CARTESIAN_POINT('',(2.158908045977,-0.35,0.5));
#7588 = VECTOR('',#7589,1.);
#7589 = DIRECTION('',(1.,0.,3.366384683392E-32));
#7590 = ORIENTED_EDGE('',*,*,#7591,.F.);
#7591 = EDGE_CURVE('',#7592,#7584,#7594,.T.);
#7592 = VERTEX_POINT('',#7593);
#7593 = CARTESIAN_POINT('',(1.6,-0.15,0.5));
#7594 = LINE('',#7595,#7596);
#7595 = CARTESIAN_POINT('',(1.6,-0.175,0.5));
#7596 = VECTOR('',#7597,1.);
#7597 = DIRECTION('',(-0.,-1.,-8.164942881078E-47));
#7598 = ORIENTED_EDGE('',*,*,#7599,.F.);
#7599 = EDGE_CURVE('',#7600,#7592,#7602,.T.);
#7600 = VERTEX_POINT('',#7601);
#7601 = CARTESIAN_POINT('',(1.7,-0.15,0.5));
#7602 = LINE('',#7603,#7604);
#7603 = CARTESIAN_POINT('',(1.258908045977,-0.15,0.5));
#7604 = VECTOR('',#7605,1.);
#7605 = DIRECTION('',(-1.,0.,-3.366384683392E-32));
#7606 = ORIENTED_EDGE('',*,*,#7607,.F.);
#7607 = EDGE_CURVE('',#7608,#7600,#7610,.T.);
#7608 = VERTEX_POINT('',#7609);
#7609 = CARTESIAN_POINT('',(1.7,0.15,0.5));
#7610 = LINE('',#7611,#7612);
#7611 = CARTESIAN_POINT('',(1.7,3.,0.5));
#7612 = VECTOR('',#7613,1.);
#7613 = DIRECTION('',(0.,-1.,0.));
#7614 = ORIENTED_EDGE('',*,*,#7615,.F.);
#7615 = EDGE_CURVE('',#7616,#7608,#7618,.T.);
#7616 = VERTEX_POINT('',#7617);
#7617 = CARTESIAN_POINT('',(1.6,0.15,0.5));
#7618 = LINE('',#7619,#7620);
#7619 = CARTESIAN_POINT('',(2.158908045977,0.15,0.5));
#7620 = VECTOR('',#7621,1.);
#7621 = DIRECTION('',(1.,0.,3.366384683392E-32));
#7622 = ORIENTED_EDGE('',*,*,#7623,.F.);
#7623 = EDGE_CURVE('',#7624,#7616,#7626,.T.);
#7624 = VERTEX_POINT('',#7625);
#7625 = CARTESIAN_POINT('',(1.6,0.35,0.5));
#7626 = LINE('',#7627,#7628);
#7627 = CARTESIAN_POINT('',(1.6,7.500000000002E-02,0.5));
#7628 = VECTOR('',#7629,1.);
#7629 = DIRECTION('',(-0.,-1.,-8.164942881078E-47));
#7630 = ORIENTED_EDGE('',*,*,#7631,.F.);
#7631 = EDGE_CURVE('',#7632,#7624,#7634,.T.);
#7632 = VERTEX_POINT('',#7633);
#7633 = CARTESIAN_POINT('',(1.7,0.35,0.5));
#7634 = LINE('',#7635,#7636);
#7635 = CARTESIAN_POINT('',(1.258908045977,0.35,0.5));
#7636 = VECTOR('',#7637,1.);
#7637 = DIRECTION('',(-1.,0.,-3.366384683392E-32));
#7638 = ORIENTED_EDGE('',*,*,#7639,.F.);
#7639 = EDGE_CURVE('',#7640,#7632,#7642,.T.);
#7640 = VERTEX_POINT('',#7641);
#7641 = CARTESIAN_POINT('',(1.7,0.65,0.5));
#7642 = LINE('',#7643,#7644);
#7643 = CARTESIAN_POINT('',(1.7,3.,0.5));
#7644 = VECTOR('',#7645,1.);
#7645 = DIRECTION('',(0.,-1.,0.));
#7646 = ORIENTED_EDGE('',*,*,#7647,.F.);
#7647 = EDGE_CURVE('',#7648,#7640,#7650,.T.);
#7648 = VERTEX_POINT('',#7649);
#7649 = CARTESIAN_POINT('',(1.6,0.65,0.5));
#7650 = LINE('',#7651,#7652);
#7651 = CARTESIAN_POINT('',(2.158908045977,0.65,0.5));
#7652 = VECTOR('',#7653,1.);
#7653 = DIRECTION('',(1.,0.,3.366384683392E-32));
#7654 = ORIENTED_EDGE('',*,*,#7655,.F.);
#7655 = EDGE_CURVE('',#7656,#7648,#7658,.T.);
#7656 = VERTEX_POINT('',#7657);
#7657 = CARTESIAN_POINT('',(1.6,0.85,0.5));
#7658 = LINE('',#7659,#7660);
#7659 = CARTESIAN_POINT('',(1.6,0.325,0.5));
#7660 = VECTOR('',#7661,1.);
#7661 = DIRECTION('',(-0.,-1.,-8.164942881078E-47));
#7662 = ORIENTED_EDGE('',*,*,#7663,.F.);
#7663 = EDGE_CURVE('',#7664,#7656,#7666,.T.);
#7664 = VERTEX_POINT('',#7665);
#7665 = CARTESIAN_POINT('',(1.7,0.85,0.5));
#7666 = LINE('',#7667,#7668);
#7667 = CARTESIAN_POINT('',(1.258908045977,0.85,0.5));
#7668 = VECTOR('',#7669,1.);
#7669 = DIRECTION('',(-1.,0.,-3.366384683392E-32));
#7670 = ORIENTED_EDGE('',*,*,#7671,.F.);
#7671 = EDGE_CURVE('',#7672,#7664,#7674,.T.);
#7672 = VERTEX_POINT('',#7673);
#7673 = CARTESIAN_POINT('',(1.7,1.15,0.5));
#7674 = LINE('',#7675,#7676);
#7675 = CARTESIAN_POINT('',(1.7,3.,0.5));
#7676 = VECTOR('',#7677,1.);
#7677 = DIRECTION('',(0.,-1.,0.));
#7678 = ORIENTED_EDGE('',*,*,#7679,.F.);
#7679 = EDGE_CURVE('',#7680,#7672,#7682,.T.);
#7680 = VERTEX_POINT('',#7681);
#7681 = CARTESIAN_POINT('',(1.6,1.15,0.5));
#7682 = LINE('',#7683,#7684);
#7683 = CARTESIAN_POINT('',(2.158908045977,1.15,0.5));
#7684 = VECTOR('',#7685,1.);
#7685 = DIRECTION('',(1.,0.,3.366384683392E-32));
#7686 = ORIENTED_EDGE('',*,*,#7687,.F.);
#7687 = EDGE_CURVE('',#7688,#7680,#7690,.T.);
#7688 = VERTEX_POINT('',#7689);
#7689 = CARTESIAN_POINT('',(1.6,1.35,0.5));
#7690 = LINE('',#7691,#7692);
#7691 = CARTESIAN_POINT('',(1.6,0.575,0.5));
#7692 = VECTOR('',#7693,1.);
#7693 = DIRECTION('',(-0.,-1.,-8.164942881078E-47));
#7694 = ORIENTED_EDGE('',*,*,#7695,.F.);
#7695 = EDGE_CURVE('',#7696,#7688,#7698,.T.);
#7696 = VERTEX_POINT('',#7697);
#7697 = CARTESIAN_POINT('',(1.7,1.35,0.5));
#7698 = LINE('',#7699,#7700);
#7699 = CARTESIAN_POINT('',(1.258908045977,1.35,0.5));
#7700 = VECTOR('',#7701,1.);
#7701 = DIRECTION('',(-1.,0.,-3.366384683392E-32));
#7702 = ORIENTED_EDGE('',*,*,#7703,.F.);
#7703 = EDGE_CURVE('',#7704,#7696,#7706,.T.);
#7704 = VERTEX_POINT('',#7705);
#7705 = CARTESIAN_POINT('',(1.7,1.65,0.5));
#7706 = LINE('',#7707,#7708);
#7707 = CARTESIAN_POINT('',(1.7,3.,0.5));
#7708 = VECTOR('',#7709,1.);
#7709 = DIRECTION('',(0.,-1.,0.));
#7710 = ORIENTED_EDGE('',*,*,#7711,.F.);
#7711 = EDGE_CURVE('',#7712,#7704,#7714,.T.);
#7712 = VERTEX_POINT('',#7713);
#7713 = CARTESIAN_POINT('',(1.6,1.65,0.5));
#7714 = LINE('',#7715,#7716);
#7715 = CARTESIAN_POINT('',(2.158908045977,1.65,0.5));
#7716 = VECTOR('',#7717,1.);
#7717 = DIRECTION('',(1.,0.,3.366384683392E-32));
#7718 = ORIENTED_EDGE('',*,*,#7719,.F.);
#7719 = EDGE_CURVE('',#7720,#7712,#7722,.T.);
#7720 = VERTEX_POINT('',#7721);
#7721 = CARTESIAN_POINT('',(1.6,1.85,0.5));
#7722 = LINE('',#7723,#7724);
#7723 = CARTESIAN_POINT('',(1.6,0.825,0.5));
#7724 = VECTOR('',#7725,1.);
#7725 = DIRECTION('',(-0.,-1.,-8.164942881078E-47));
#7726 = ORIENTED_EDGE('',*,*,#7727,.F.);
#7727 = EDGE_CURVE('',#7728,#7720,#7730,.T.);
#7728 = VERTEX_POINT('',#7729);
#7729 = CARTESIAN_POINT('',(1.7,1.85,0.5));
#7730 = LINE('',#7731,#7732);
#7731 = CARTESIAN_POINT('',(1.258908045977,1.85,0.5));
#7732 = VECTOR('',#7733,1.);
#7733 = DIRECTION('',(-1.,0.,-3.366384683392E-32));
#7734 = ORIENTED_EDGE('',*,*,#7735,.F.);
#7735 = EDGE_CURVE('',#7736,#7728,#7738,.T.);
#7736 = VERTEX_POINT('',#7737);
#7737 = CARTESIAN_POINT('',(1.7,2.15,0.5));
#7738 = LINE('',#7739,#7740);
#7739 = CARTESIAN_POINT('',(1.7,3.,0.5));
#7740 = VECTOR('',#7741,1.);
#7741 = DIRECTION('',(0.,-1.,0.));
#7742 = ORIENTED_EDGE('',*,*,#7743,.F.);
#7743 = EDGE_CURVE('',#7744,#7736,#7746,.T.);
#7744 = VERTEX_POINT('',#7745);
#7745 = CARTESIAN_POINT('',(1.6,2.15,0.5));
#7746 = LINE('',#7747,#7748);
#7747 = CARTESIAN_POINT('',(2.158908045977,2.15,0.5));
#7748 = VECTOR('',#7749,1.);
#7749 = DIRECTION('',(1.,0.,3.366384683392E-32));
#7750 = ORIENTED_EDGE('',*,*,#7751,.F.);
#7751 = EDGE_CURVE('',#7328,#7744,#7752,.T.);
#7752 = LINE('',#7753,#7754);
#7753 = CARTESIAN_POINT('',(1.6,1.075,0.5));
#7754 = VECTOR('',#7755,1.);
#7755 = DIRECTION('',(-0.,-1.,-8.164942881078E-47));
#7756 = ORIENTED_EDGE('',*,*,#7327,.F.);
#7757 = PLANE('',#7758);
#7758 = AXIS2_PLACEMENT_3D('',#7759,#7760,#7761);
#7759 = CARTESIAN_POINT('',(0.917816091954,4.206086309385E-14,0.5));
#7760 = DIRECTION('',(-3.366384683392E-32,-8.164942881078E-47,1.));
#7761 = DIRECTION('',(1.,0.,3.366384683392E-32));
#7762 = ADVANCED_FACE('',(#7763),#7774,.T.);
#7763 = FACE_BOUND('',#7764,.T.);
#7764 = EDGE_LOOP('',(#7765,#7771,#7772,#7773));
#7765 = ORIENTED_EDGE('',*,*,#7766,.T.);
#7766 = EDGE_CURVE('',#6928,#7392,#7767,.T.);
#7767 = LINE('',#7768,#7769);
#7768 = CARTESIAN_POINT('',(0.6,3.,0.2));
#7769 = VECTOR('',#7770,1.);
#7770 = DIRECTION('',(0.,0.,1.));
#7771 = ORIENTED_EDGE('',*,*,#7391,.T.);
#7772 = ORIENTED_EDGE('',*,*,#6896,.F.);
#7773 = ORIENTED_EDGE('',*,*,#6927,.F.);
#7774 = PLANE('',#7775);
#7775 = AXIS2_PLACEMENT_3D('',#7776,#7777,#7778);
#7776 = CARTESIAN_POINT('',(0.6,3.,0.2));
#7777 = DIRECTION('',(0.,1.,0.));
#7778 = DIRECTION('',(1.,0.,0.));
#7779 = ADVANCED_FACE('',(#7780),#7798,.T.);
#7780 = FACE_BOUND('',#7781,.T.);
#7781 = EDGE_LOOP('',(#7782,#7790,#7796,#7797));
#7782 = ORIENTED_EDGE('',*,*,#7783,.F.);
#7783 = EDGE_CURVE('',#7784,#7310,#7786,.T.);
#7784 = VERTEX_POINT('',#7785);
#7785 = CARTESIAN_POINT('',(1.6,2.15,0.));
#7786 = LINE('',#7787,#7788);
#7787 = CARTESIAN_POINT('',(1.6,2.15,0.));
#7788 = VECTOR('',#7789,1.);
#7789 = DIRECTION('',(0.,1.,0.));
#7790 = ORIENTED_EDGE('',*,*,#7791,.T.);
#7791 = EDGE_CURVE('',#7784,#7280,#7792,.T.);
#7792 = LINE('',#7793,#7794);
#7793 = CARTESIAN_POINT('',(1.6,2.15,0.));
#7794 = VECTOR('',#7795,1.);
#7795 = DIRECTION('',(0.,0.,1.));
#7796 = ORIENTED_EDGE('',*,*,#7287,.F.);
#7797 = ORIENTED_EDGE('',*,*,#7319,.F.);
#7798 = PLANE('',#7799);
#7799 = AXIS2_PLACEMENT_3D('',#7800,#7801,#7802);
#7800 = CARTESIAN_POINT('',(1.6,2.15,0.));
#7801 = DIRECTION('',(-1.,0.,0.));
#7802 = DIRECTION('',(0.,1.,0.));
#7803 = ADVANCED_FACE('',(#7804),#7870,.T.);
#7804 = FACE_BOUND('',#7805,.T.);
#7805 = EDGE_LOOP('',(#7806,#7814,#7822,#7830,#7839,#7847,#7855,#7861,
    #7862,#7868,#7869));
#7806 = ORIENTED_EDGE('',*,*,#7807,.F.);
#7807 = EDGE_CURVE('',#7808,#7784,#7810,.T.);
#7808 = VERTEX_POINT('',#7809);
#7809 = CARTESIAN_POINT('',(3.4,2.15,0.));
#7810 = LINE('',#7811,#7812);
#7811 = CARTESIAN_POINT('',(3.4,2.15,0.));
#7812 = VECTOR('',#7813,1.);
#7813 = DIRECTION('',(-1.,0.,0.));
#7814 = ORIENTED_EDGE('',*,*,#7815,.T.);
#7815 = EDGE_CURVE('',#7808,#7816,#7818,.T.);
#7816 = VERTEX_POINT('',#7817);
#7817 = CARTESIAN_POINT('',(3.4,2.15,0.3));
#7818 = LINE('',#7819,#7820);
#7819 = CARTESIAN_POINT('',(3.4,2.15,0.));
#7820 = VECTOR('',#7821,1.);
#7821 = DIRECTION('',(0.,0.,1.));
#7822 = ORIENTED_EDGE('',*,*,#7823,.T.);
#7823 = EDGE_CURVE('',#7816,#7824,#7826,.T.);
#7824 = VERTEX_POINT('',#7825);
#7825 = CARTESIAN_POINT('',(2.9,2.15,0.3));
#7826 = LINE('',#7827,#7828);
#7827 = CARTESIAN_POINT('',(3.95,2.15,0.3));
#7828 = VECTOR('',#7829,1.);
#7829 = DIRECTION('',(-1.,0.,0.));
#7830 = ORIENTED_EDGE('',*,*,#7831,.F.);
#7831 = EDGE_CURVE('',#7832,#7824,#7834,.T.);
#7832 = VERTEX_POINT('',#7833);
#7833 = CARTESIAN_POINT('',(2.7,2.15,0.5));
#7834 = CIRCLE('',#7835,0.2);
#7835 = AXIS2_PLACEMENT_3D('',#7836,#7837,#7838);
#7836 = CARTESIAN_POINT('',(2.9,2.15,0.5));
#7837 = DIRECTION('',(0.,-1.,-2.22044604925E-16));
#7838 = DIRECTION('',(1.,0.,0.));
#7839 = ORIENTED_EDGE('',*,*,#7840,.T.);
#7840 = EDGE_CURVE('',#7832,#7841,#7843,.T.);
#7841 = VERTEX_POINT('',#7842);
#7842 = CARTESIAN_POINT('',(2.7,2.15,1.8));
#7843 = LINE('',#7844,#7845);
#7844 = CARTESIAN_POINT('',(2.7,2.15,0.25));
#7845 = VECTOR('',#7846,1.);
#7846 = DIRECTION('',(0.,0.,1.));
#7847 = ORIENTED_EDGE('',*,*,#7848,.T.);
#7848 = EDGE_CURVE('',#7841,#7849,#7851,.T.);
#7849 = VERTEX_POINT('',#7850);
#7850 = CARTESIAN_POINT('',(1.6,2.15,1.8));
#7851 = LINE('',#7852,#7853);
#7852 = CARTESIAN_POINT('',(3.4,2.15,1.8));
#7853 = VECTOR('',#7854,1.);
#7854 = DIRECTION('',(-1.,0.,0.));
#7855 = ORIENTED_EDGE('',*,*,#7856,.F.);
#7856 = EDGE_CURVE('',#7744,#7849,#7857,.T.);
#7857 = LINE('',#7858,#7859);
#7858 = CARTESIAN_POINT('',(1.6,2.15,0.));
#7859 = VECTOR('',#7860,1.);
#7860 = DIRECTION('',(0.,0.,1.));
#7861 = ORIENTED_EDGE('',*,*,#7743,.T.);
#7862 = ORIENTED_EDGE('',*,*,#7863,.T.);
#7863 = EDGE_CURVE('',#7736,#7272,#7864,.T.);
#7864 = LINE('',#7865,#7866);
#7865 = CARTESIAN_POINT('',(1.7,2.15,0.1));
#7866 = VECTOR('',#7867,1.);
#7867 = DIRECTION('',(0.,0.,-1.));
#7868 = ORIENTED_EDGE('',*,*,#7279,.F.);
#7869 = ORIENTED_EDGE('',*,*,#7791,.F.);
#7870 = PLANE('',#7871);
#7871 = AXIS2_PLACEMENT_3D('',#7872,#7873,#7874);
#7872 = CARTESIAN_POINT('',(3.4,2.15,0.));
#7873 = DIRECTION('',(0.,-1.,0.));
#7874 = DIRECTION('',(-1.,0.,0.));
#7875 = ADVANCED_FACE('',(#7876),#7887,.T.);
#7876 = FACE_BOUND('',#7877,.T.);
#7877 = EDGE_LOOP('',(#7878,#7879,#7880,#7881));
#7878 = ORIENTED_EDGE('',*,*,#7271,.F.);
#7879 = ORIENTED_EDGE('',*,*,#7863,.F.);
#7880 = ORIENTED_EDGE('',*,*,#7735,.T.);
#7881 = ORIENTED_EDGE('',*,*,#7882,.F.);
#7882 = EDGE_CURVE('',#7264,#7728,#7883,.T.);
#7883 = LINE('',#7884,#7885);
#7884 = CARTESIAN_POINT('',(1.7,1.85,0.1));
#7885 = VECTOR('',#7886,1.);
#7886 = DIRECTION('',(0.,0.,1.));
#7887 = PLANE('',#7888);
#7888 = AXIS2_PLACEMENT_3D('',#7889,#7890,#7891);
#7889 = CARTESIAN_POINT('',(1.7,3.,0.2));
#7890 = DIRECTION('',(1.,0.,0.));
#7891 = DIRECTION('',(0.,-1.,0.));
#7892 = ADVANCED_FACE('',(#7893),#7961,.T.);
#7893 = FACE_BOUND('',#7894,.T.);
#7894 = EDGE_LOOP('',(#7895,#7905,#7911,#7912,#7913,#7914,#7922,#7930,
    #7938,#7947,#7955));
#7895 = ORIENTED_EDGE('',*,*,#7896,.F.);
#7896 = EDGE_CURVE('',#7897,#7899,#7901,.T.);
#7897 = VERTEX_POINT('',#7898);
#7898 = CARTESIAN_POINT('',(1.6,1.85,5.551115123126E-17));
#7899 = VERTEX_POINT('',#7900);
#7900 = CARTESIAN_POINT('',(3.4,1.85,5.551115123126E-17));
#7901 = LINE('',#7902,#7903);
#7902 = CARTESIAN_POINT('',(1.6,1.85,5.551115123126E-17));
#7903 = VECTOR('',#7904,1.);
#7904 = DIRECTION('',(1.,0.,0.));
#7905 = ORIENTED_EDGE('',*,*,#7906,.T.);
#7906 = EDGE_CURVE('',#7897,#7256,#7907,.T.);
#7907 = LINE('',#7908,#7909);
#7908 = CARTESIAN_POINT('',(1.6,1.85,5.551115123126E-17));
#7909 = VECTOR('',#7910,1.);
#7910 = DIRECTION('',(0.,0.,1.));
#7911 = ORIENTED_EDGE('',*,*,#7263,.F.);
#7912 = ORIENTED_EDGE('',*,*,#7882,.T.);
#7913 = ORIENTED_EDGE('',*,*,#7727,.T.);
#7914 = ORIENTED_EDGE('',*,*,#7915,.T.);
#7915 = EDGE_CURVE('',#7720,#7916,#7918,.T.);
#7916 = VERTEX_POINT('',#7917);
#7917 = CARTESIAN_POINT('',(1.6,1.85,1.8));
#7918 = LINE('',#7919,#7920);
#7919 = CARTESIAN_POINT('',(1.6,1.85,5.551115123126E-17));
#7920 = VECTOR('',#7921,1.);
#7921 = DIRECTION('',(0.,0.,1.));
#7922 = ORIENTED_EDGE('',*,*,#7923,.T.);
#7923 = EDGE_CURVE('',#7916,#7924,#7926,.T.);
#7924 = VERTEX_POINT('',#7925);
#7925 = CARTESIAN_POINT('',(2.7,1.85,1.8));
#7926 = LINE('',#7927,#7928);
#7927 = CARTESIAN_POINT('',(1.6,1.85,1.8));
#7928 = VECTOR('',#7929,1.);
#7929 = DIRECTION('',(1.,0.,0.));
#7930 = ORIENTED_EDGE('',*,*,#7931,.T.);
#7931 = EDGE_CURVE('',#7924,#7932,#7934,.T.);
#7932 = VERTEX_POINT('',#7933);
#7933 = CARTESIAN_POINT('',(2.7,1.85,0.5));
#7934 = LINE('',#7935,#7936);
#7935 = CARTESIAN_POINT('',(2.7,1.85,0.25));
#7936 = VECTOR('',#7937,1.);
#7937 = DIRECTION('',(0.,0.,-1.));
#7938 = ORIENTED_EDGE('',*,*,#7939,.T.);
#7939 = EDGE_CURVE('',#7932,#7940,#7942,.T.);
#7940 = VERTEX_POINT('',#7941);
#7941 = CARTESIAN_POINT('',(2.9,1.85,0.3));
#7942 = CIRCLE('',#7943,0.2);
#7943 = AXIS2_PLACEMENT_3D('',#7944,#7945,#7946);
#7944 = CARTESIAN_POINT('',(2.9,1.85,0.5));
#7945 = DIRECTION('',(0.,-1.,-2.22044604925E-16));
#7946 = DIRECTION('',(1.,0.,0.));
#7947 = ORIENTED_EDGE('',*,*,#7948,.T.);
#7948 = EDGE_CURVE('',#7940,#7949,#7951,.T.);
#7949 = VERTEX_POINT('',#7950);
#7950 = CARTESIAN_POINT('',(3.4,1.85,0.3));
#7951 = LINE('',#7952,#7953);
#7952 = CARTESIAN_POINT('',(3.05,1.85,0.3));
#7953 = VECTOR('',#7954,1.);
#7954 = DIRECTION('',(1.,0.,0.));
#7955 = ORIENTED_EDGE('',*,*,#7956,.F.);
#7956 = EDGE_CURVE('',#7899,#7949,#7957,.T.);
#7957 = LINE('',#7958,#7959);
#7958 = CARTESIAN_POINT('',(3.4,1.85,5.551115123126E-17));
#7959 = VECTOR('',#7960,1.);
#7960 = DIRECTION('',(0.,0.,1.));
#7961 = PLANE('',#7962);
#7962 = AXIS2_PLACEMENT_3D('',#7963,#7964,#7965);
#7963 = CARTESIAN_POINT('',(1.6,1.85,5.551115123126E-17));
#7964 = DIRECTION('',(0.,1.,0.));
#7965 = DIRECTION('',(1.,0.,0.));
#7966 = ADVANCED_FACE('',(#7967),#7985,.T.);
#7967 = FACE_BOUND('',#7968,.T.);
#7968 = EDGE_LOOP('',(#7969,#7977,#7983,#7984));
#7969 = ORIENTED_EDGE('',*,*,#7970,.F.);
#7970 = EDGE_CURVE('',#7971,#7897,#7973,.T.);
#7971 = VERTEX_POINT('',#7972);
#7972 = CARTESIAN_POINT('',(1.6,1.65,5.551115123126E-17));
#7973 = LINE('',#7974,#7975);
#7974 = CARTESIAN_POINT('',(1.6,1.65,5.551115123126E-17));
#7975 = VECTOR('',#7976,1.);
#7976 = DIRECTION('',(0.,1.,0.));
#7977 = ORIENTED_EDGE('',*,*,#7978,.T.);
#7978 = EDGE_CURVE('',#7971,#7248,#7979,.T.);
#7979 = LINE('',#7980,#7981);
#7980 = CARTESIAN_POINT('',(1.6,1.65,5.551115123126E-17));
#7981 = VECTOR('',#7982,1.);
#7982 = DIRECTION('',(0.,0.,1.));
#7983 = ORIENTED_EDGE('',*,*,#7255,.F.);
#7984 = ORIENTED_EDGE('',*,*,#7906,.F.);
#7985 = PLANE('',#7986);
#7986 = AXIS2_PLACEMENT_3D('',#7987,#7988,#7989);
#7987 = CARTESIAN_POINT('',(1.6,1.65,5.551115123126E-17));
#7988 = DIRECTION('',(-1.,0.,0.));
#7989 = DIRECTION('',(0.,1.,0.));
#7990 = ADVANCED_FACE('',(#7991),#8057,.T.);
#7991 = FACE_BOUND('',#7992,.T.);
#7992 = EDGE_LOOP('',(#7993,#8001,#8009,#8017,#8026,#8034,#8042,#8048,
    #8049,#8055,#8056));
#7993 = ORIENTED_EDGE('',*,*,#7994,.F.);
#7994 = EDGE_CURVE('',#7995,#7971,#7997,.T.);
#7995 = VERTEX_POINT('',#7996);
#7996 = CARTESIAN_POINT('',(3.4,1.65,5.551115123126E-17));
#7997 = LINE('',#7998,#7999);
#7998 = CARTESIAN_POINT('',(3.4,1.65,5.551115123126E-17));
#7999 = VECTOR('',#8000,1.);
#8000 = DIRECTION('',(-1.,0.,0.));
#8001 = ORIENTED_EDGE('',*,*,#8002,.T.);
#8002 = EDGE_CURVE('',#7995,#8003,#8005,.T.);
#8003 = VERTEX_POINT('',#8004);
#8004 = CARTESIAN_POINT('',(3.4,1.65,0.3));
#8005 = LINE('',#8006,#8007);
#8006 = CARTESIAN_POINT('',(3.4,1.65,5.551115123126E-17));
#8007 = VECTOR('',#8008,1.);
#8008 = DIRECTION('',(0.,0.,1.));
#8009 = ORIENTED_EDGE('',*,*,#8010,.T.);
#8010 = EDGE_CURVE('',#8003,#8011,#8013,.T.);
#8011 = VERTEX_POINT('',#8012);
#8012 = CARTESIAN_POINT('',(2.9,1.65,0.3));
#8013 = LINE('',#8014,#8015);
#8014 = CARTESIAN_POINT('',(3.95,1.65,0.3));
#8015 = VECTOR('',#8016,1.);
#8016 = DIRECTION('',(-1.,0.,0.));
#8017 = ORIENTED_EDGE('',*,*,#8018,.F.);
#8018 = EDGE_CURVE('',#8019,#8011,#8021,.T.);
#8019 = VERTEX_POINT('',#8020);
#8020 = CARTESIAN_POINT('',(2.7,1.65,0.5));
#8021 = CIRCLE('',#8022,0.2);
#8022 = AXIS2_PLACEMENT_3D('',#8023,#8024,#8025);
#8023 = CARTESIAN_POINT('',(2.9,1.65,0.5));
#8024 = DIRECTION('',(0.,-1.,-2.22044604925E-16));
#8025 = DIRECTION('',(1.,0.,0.));
#8026 = ORIENTED_EDGE('',*,*,#8027,.T.);
#8027 = EDGE_CURVE('',#8019,#8028,#8030,.T.);
#8028 = VERTEX_POINT('',#8029);
#8029 = CARTESIAN_POINT('',(2.7,1.65,1.8));
#8030 = LINE('',#8031,#8032);
#8031 = CARTESIAN_POINT('',(2.7,1.65,0.25));
#8032 = VECTOR('',#8033,1.);
#8033 = DIRECTION('',(0.,0.,1.));
#8034 = ORIENTED_EDGE('',*,*,#8035,.T.);
#8035 = EDGE_CURVE('',#8028,#8036,#8038,.T.);
#8036 = VERTEX_POINT('',#8037);
#8037 = CARTESIAN_POINT('',(1.6,1.65,1.8));
#8038 = LINE('',#8039,#8040);
#8039 = CARTESIAN_POINT('',(3.4,1.65,1.8));
#8040 = VECTOR('',#8041,1.);
#8041 = DIRECTION('',(-1.,0.,0.));
#8042 = ORIENTED_EDGE('',*,*,#8043,.F.);
#8043 = EDGE_CURVE('',#7712,#8036,#8044,.T.);
#8044 = LINE('',#8045,#8046);
#8045 = CARTESIAN_POINT('',(1.6,1.65,5.551115123126E-17));
#8046 = VECTOR('',#8047,1.);
#8047 = DIRECTION('',(0.,0.,1.));
#8048 = ORIENTED_EDGE('',*,*,#7711,.T.);
#8049 = ORIENTED_EDGE('',*,*,#8050,.T.);
#8050 = EDGE_CURVE('',#7704,#7240,#8051,.T.);
#8051 = LINE('',#8052,#8053);
#8052 = CARTESIAN_POINT('',(1.7,1.65,0.1));
#8053 = VECTOR('',#8054,1.);
#8054 = DIRECTION('',(0.,0.,-1.));
#8055 = ORIENTED_EDGE('',*,*,#7247,.F.);
#8056 = ORIENTED_EDGE('',*,*,#7978,.F.);
#8057 = PLANE('',#8058);
#8058 = AXIS2_PLACEMENT_3D('',#8059,#8060,#8061);
#8059 = CARTESIAN_POINT('',(3.4,1.65,5.551115123126E-17));
#8060 = DIRECTION('',(0.,-1.,0.));
#8061 = DIRECTION('',(-1.,0.,0.));
#8062 = ADVANCED_FACE('',(#8063),#8074,.T.);
#8063 = FACE_BOUND('',#8064,.T.);
#8064 = EDGE_LOOP('',(#8065,#8066,#8067,#8068));
#8065 = ORIENTED_EDGE('',*,*,#7239,.F.);
#8066 = ORIENTED_EDGE('',*,*,#8050,.F.);
#8067 = ORIENTED_EDGE('',*,*,#7703,.T.);
#8068 = ORIENTED_EDGE('',*,*,#8069,.F.);
#8069 = EDGE_CURVE('',#7232,#7696,#8070,.T.);
#8070 = LINE('',#8071,#8072);
#8071 = CARTESIAN_POINT('',(1.7,1.35,0.1));
#8072 = VECTOR('',#8073,1.);
#8073 = DIRECTION('',(0.,0.,1.));
#8074 = PLANE('',#8075);
#8075 = AXIS2_PLACEMENT_3D('',#8076,#8077,#8078);
#8076 = CARTESIAN_POINT('',(1.7,3.,0.2));
#8077 = DIRECTION('',(1.,0.,0.));
#8078 = DIRECTION('',(0.,-1.,0.));
#8079 = ADVANCED_FACE('',(#8080),#8148,.T.);
#8080 = FACE_BOUND('',#8081,.T.);
#8081 = EDGE_LOOP('',(#8082,#8092,#8098,#8099,#8100,#8101,#8109,#8117,
    #8125,#8134,#8142));
#8082 = ORIENTED_EDGE('',*,*,#8083,.F.);
#8083 = EDGE_CURVE('',#8084,#8086,#8088,.T.);
#8084 = VERTEX_POINT('',#8085);
#8085 = CARTESIAN_POINT('',(1.6,1.35,1.110223024625E-16));
#8086 = VERTEX_POINT('',#8087);
#8087 = CARTESIAN_POINT('',(3.4,1.35,1.110223024625E-16));
#8088 = LINE('',#8089,#8090);
#8089 = CARTESIAN_POINT('',(1.6,1.35,1.110223024625E-16));
#8090 = VECTOR('',#8091,1.);
#8091 = DIRECTION('',(1.,0.,0.));
#8092 = ORIENTED_EDGE('',*,*,#8093,.T.);
#8093 = EDGE_CURVE('',#8084,#7224,#8094,.T.);
#8094 = LINE('',#8095,#8096);
#8095 = CARTESIAN_POINT('',(1.6,1.35,1.110223024625E-16));
#8096 = VECTOR('',#8097,1.);
#8097 = DIRECTION('',(0.,0.,1.));
#8098 = ORIENTED_EDGE('',*,*,#7231,.F.);
#8099 = ORIENTED_EDGE('',*,*,#8069,.T.);
#8100 = ORIENTED_EDGE('',*,*,#7695,.T.);
#8101 = ORIENTED_EDGE('',*,*,#8102,.T.);
#8102 = EDGE_CURVE('',#7688,#8103,#8105,.T.);
#8103 = VERTEX_POINT('',#8104);
#8104 = CARTESIAN_POINT('',(1.6,1.35,1.8));
#8105 = LINE('',#8106,#8107);
#8106 = CARTESIAN_POINT('',(1.6,1.35,1.110223024625E-16));
#8107 = VECTOR('',#8108,1.);
#8108 = DIRECTION('',(0.,0.,1.));
#8109 = ORIENTED_EDGE('',*,*,#8110,.T.);
#8110 = EDGE_CURVE('',#8103,#8111,#8113,.T.);
#8111 = VERTEX_POINT('',#8112);
#8112 = CARTESIAN_POINT('',(2.7,1.35,1.8));
#8113 = LINE('',#8114,#8115);
#8114 = CARTESIAN_POINT('',(1.6,1.35,1.8));
#8115 = VECTOR('',#8116,1.);
#8116 = DIRECTION('',(1.,0.,0.));
#8117 = ORIENTED_EDGE('',*,*,#8118,.T.);
#8118 = EDGE_CURVE('',#8111,#8119,#8121,.T.);
#8119 = VERTEX_POINT('',#8120);
#8120 = CARTESIAN_POINT('',(2.7,1.35,0.5));
#8121 = LINE('',#8122,#8123);
#8122 = CARTESIAN_POINT('',(2.7,1.35,0.25));
#8123 = VECTOR('',#8124,1.);
#8124 = DIRECTION('',(0.,0.,-1.));
#8125 = ORIENTED_EDGE('',*,*,#8126,.T.);
#8126 = EDGE_CURVE('',#8119,#8127,#8129,.T.);
#8127 = VERTEX_POINT('',#8128);
#8128 = CARTESIAN_POINT('',(2.9,1.35,0.3));
#8129 = CIRCLE('',#8130,0.2);
#8130 = AXIS2_PLACEMENT_3D('',#8131,#8132,#8133);
#8131 = CARTESIAN_POINT('',(2.9,1.35,0.5));
#8132 = DIRECTION('',(0.,-1.,-2.22044604925E-16));
#8133 = DIRECTION('',(1.,0.,0.));
#8134 = ORIENTED_EDGE('',*,*,#8135,.T.);
#8135 = EDGE_CURVE('',#8127,#8136,#8138,.T.);
#8136 = VERTEX_POINT('',#8137);
#8137 = CARTESIAN_POINT('',(3.4,1.35,0.3));
#8138 = LINE('',#8139,#8140);
#8139 = CARTESIAN_POINT('',(3.05,1.35,0.3));
#8140 = VECTOR('',#8141,1.);
#8141 = DIRECTION('',(1.,0.,0.));
#8142 = ORIENTED_EDGE('',*,*,#8143,.F.);
#8143 = EDGE_CURVE('',#8086,#8136,#8144,.T.);
#8144 = LINE('',#8145,#8146);
#8145 = CARTESIAN_POINT('',(3.4,1.35,1.110223024625E-16));
#8146 = VECTOR('',#8147,1.);
#8147 = DIRECTION('',(0.,0.,1.));
#8148 = PLANE('',#8149);
#8149 = AXIS2_PLACEMENT_3D('',#8150,#8151,#8152);
#8150 = CARTESIAN_POINT('',(1.6,1.35,1.110223024625E-16));
#8151 = DIRECTION('',(0.,1.,0.));
#8152 = DIRECTION('',(1.,0.,0.));
#8153 = ADVANCED_FACE('',(#8154),#8172,.T.);
#8154 = FACE_BOUND('',#8155,.T.);
#8155 = EDGE_LOOP('',(#8156,#8164,#8170,#8171));
#8156 = ORIENTED_EDGE('',*,*,#8157,.F.);
#8157 = EDGE_CURVE('',#8158,#8084,#8160,.T.);
#8158 = VERTEX_POINT('',#8159);
#8159 = CARTESIAN_POINT('',(1.6,1.15,1.110223024625E-16));
#8160 = LINE('',#8161,#8162);
#8161 = CARTESIAN_POINT('',(1.6,1.15,1.110223024625E-16));
#8162 = VECTOR('',#8163,1.);
#8163 = DIRECTION('',(0.,1.,0.));
#8164 = ORIENTED_EDGE('',*,*,#8165,.T.);
#8165 = EDGE_CURVE('',#8158,#7216,#8166,.T.);
#8166 = LINE('',#8167,#8168);
#8167 = CARTESIAN_POINT('',(1.6,1.15,1.110223024625E-16));
#8168 = VECTOR('',#8169,1.);
#8169 = DIRECTION('',(0.,0.,1.));
#8170 = ORIENTED_EDGE('',*,*,#7223,.F.);
#8171 = ORIENTED_EDGE('',*,*,#8093,.F.);
#8172 = PLANE('',#8173);
#8173 = AXIS2_PLACEMENT_3D('',#8174,#8175,#8176);
#8174 = CARTESIAN_POINT('',(1.6,1.15,1.110223024625E-16));
#8175 = DIRECTION('',(-1.,0.,0.));
#8176 = DIRECTION('',(0.,1.,0.));
#8177 = ADVANCED_FACE('',(#8178),#8244,.T.);
#8178 = FACE_BOUND('',#8179,.T.);
#8179 = EDGE_LOOP('',(#8180,#8188,#8196,#8204,#8213,#8221,#8229,#8235,
    #8236,#8242,#8243));
#8180 = ORIENTED_EDGE('',*,*,#8181,.F.);
#8181 = EDGE_CURVE('',#8182,#8158,#8184,.T.);
#8182 = VERTEX_POINT('',#8183);
#8183 = CARTESIAN_POINT('',(3.4,1.15,1.110223024625E-16));
#8184 = LINE('',#8185,#8186);
#8185 = CARTESIAN_POINT('',(3.4,1.15,1.110223024625E-16));
#8186 = VECTOR('',#8187,1.);
#8187 = DIRECTION('',(-1.,0.,0.));
#8188 = ORIENTED_EDGE('',*,*,#8189,.T.);
#8189 = EDGE_CURVE('',#8182,#8190,#8192,.T.);
#8190 = VERTEX_POINT('',#8191);
#8191 = CARTESIAN_POINT('',(3.4,1.15,0.3));
#8192 = LINE('',#8193,#8194);
#8193 = CARTESIAN_POINT('',(3.4,1.15,1.110223024625E-16));
#8194 = VECTOR('',#8195,1.);
#8195 = DIRECTION('',(0.,0.,1.));
#8196 = ORIENTED_EDGE('',*,*,#8197,.T.);
#8197 = EDGE_CURVE('',#8190,#8198,#8200,.T.);
#8198 = VERTEX_POINT('',#8199);
#8199 = CARTESIAN_POINT('',(2.9,1.15,0.3));
#8200 = LINE('',#8201,#8202);
#8201 = CARTESIAN_POINT('',(3.95,1.15,0.3));
#8202 = VECTOR('',#8203,1.);
#8203 = DIRECTION('',(-1.,0.,0.));
#8204 = ORIENTED_EDGE('',*,*,#8205,.F.);
#8205 = EDGE_CURVE('',#8206,#8198,#8208,.T.);
#8206 = VERTEX_POINT('',#8207);
#8207 = CARTESIAN_POINT('',(2.7,1.15,0.5));
#8208 = CIRCLE('',#8209,0.2);
#8209 = AXIS2_PLACEMENT_3D('',#8210,#8211,#8212);
#8210 = CARTESIAN_POINT('',(2.9,1.15,0.5));
#8211 = DIRECTION('',(0.,-1.,-2.22044604925E-16));
#8212 = DIRECTION('',(1.,0.,0.));
#8213 = ORIENTED_EDGE('',*,*,#8214,.T.);
#8214 = EDGE_CURVE('',#8206,#8215,#8217,.T.);
#8215 = VERTEX_POINT('',#8216);
#8216 = CARTESIAN_POINT('',(2.7,1.15,1.8));
#8217 = LINE('',#8218,#8219);
#8218 = CARTESIAN_POINT('',(2.7,1.15,0.25));
#8219 = VECTOR('',#8220,1.);
#8220 = DIRECTION('',(0.,0.,1.));
#8221 = ORIENTED_EDGE('',*,*,#8222,.T.);
#8222 = EDGE_CURVE('',#8215,#8223,#8225,.T.);
#8223 = VERTEX_POINT('',#8224);
#8224 = CARTESIAN_POINT('',(1.6,1.15,1.8));
#8225 = LINE('',#8226,#8227);
#8226 = CARTESIAN_POINT('',(3.4,1.15,1.8));
#8227 = VECTOR('',#8228,1.);
#8228 = DIRECTION('',(-1.,0.,0.));
#8229 = ORIENTED_EDGE('',*,*,#8230,.F.);
#8230 = EDGE_CURVE('',#7680,#8223,#8231,.T.);
#8231 = LINE('',#8232,#8233);
#8232 = CARTESIAN_POINT('',(1.6,1.15,1.110223024625E-16));
#8233 = VECTOR('',#8234,1.);
#8234 = DIRECTION('',(0.,0.,1.));
#8235 = ORIENTED_EDGE('',*,*,#7679,.T.);
#8236 = ORIENTED_EDGE('',*,*,#8237,.T.);
#8237 = EDGE_CURVE('',#7672,#7208,#8238,.T.);
#8238 = LINE('',#8239,#8240);
#8239 = CARTESIAN_POINT('',(1.7,1.15,0.1));
#8240 = VECTOR('',#8241,1.);
#8241 = DIRECTION('',(0.,0.,-1.));
#8242 = ORIENTED_EDGE('',*,*,#7215,.F.);
#8243 = ORIENTED_EDGE('',*,*,#8165,.F.);
#8244 = PLANE('',#8245);
#8245 = AXIS2_PLACEMENT_3D('',#8246,#8247,#8248);
#8246 = CARTESIAN_POINT('',(3.4,1.15,1.110223024625E-16));
#8247 = DIRECTION('',(0.,-1.,0.));
#8248 = DIRECTION('',(-1.,0.,0.));
#8249 = ADVANCED_FACE('',(#8250),#8261,.T.);
#8250 = FACE_BOUND('',#8251,.T.);
#8251 = EDGE_LOOP('',(#8252,#8253,#8254,#8255));
#8252 = ORIENTED_EDGE('',*,*,#7207,.F.);
#8253 = ORIENTED_EDGE('',*,*,#8237,.F.);
#8254 = ORIENTED_EDGE('',*,*,#7671,.T.);
#8255 = ORIENTED_EDGE('',*,*,#8256,.F.);
#8256 = EDGE_CURVE('',#7200,#7664,#8257,.T.);
#8257 = LINE('',#8258,#8259);
#8258 = CARTESIAN_POINT('',(1.7,0.85,0.1));
#8259 = VECTOR('',#8260,1.);
#8260 = DIRECTION('',(0.,0.,1.));
#8261 = PLANE('',#8262);
#8262 = AXIS2_PLACEMENT_3D('',#8263,#8264,#8265);
#8263 = CARTESIAN_POINT('',(1.7,3.,0.2));
#8264 = DIRECTION('',(1.,0.,0.));
#8265 = DIRECTION('',(0.,-1.,0.));
#8266 = ADVANCED_FACE('',(#8267),#8335,.T.);
#8267 = FACE_BOUND('',#8268,.T.);
#8268 = EDGE_LOOP('',(#8269,#8279,#8285,#8286,#8287,#8288,#8296,#8304,
    #8312,#8321,#8329));
#8269 = ORIENTED_EDGE('',*,*,#8270,.F.);
#8270 = EDGE_CURVE('',#8271,#8273,#8275,.T.);
#8271 = VERTEX_POINT('',#8272);
#8272 = CARTESIAN_POINT('',(1.6,0.85,1.665334536938E-16));
#8273 = VERTEX_POINT('',#8274);
#8274 = CARTESIAN_POINT('',(3.4,0.85,1.665334536938E-16));
#8275 = LINE('',#8276,#8277);
#8276 = CARTESIAN_POINT('',(1.6,0.85,1.665334536938E-16));
#8277 = VECTOR('',#8278,1.);
#8278 = DIRECTION('',(1.,0.,0.));
#8279 = ORIENTED_EDGE('',*,*,#8280,.T.);
#8280 = EDGE_CURVE('',#8271,#7192,#8281,.T.);
#8281 = LINE('',#8282,#8283);
#8282 = CARTESIAN_POINT('',(1.6,0.85,1.665334536938E-16));
#8283 = VECTOR('',#8284,1.);
#8284 = DIRECTION('',(0.,0.,1.));
#8285 = ORIENTED_EDGE('',*,*,#7199,.F.);
#8286 = ORIENTED_EDGE('',*,*,#8256,.T.);
#8287 = ORIENTED_EDGE('',*,*,#7663,.T.);
#8288 = ORIENTED_EDGE('',*,*,#8289,.T.);
#8289 = EDGE_CURVE('',#7656,#8290,#8292,.T.);
#8290 = VERTEX_POINT('',#8291);
#8291 = CARTESIAN_POINT('',(1.6,0.85,1.8));
#8292 = LINE('',#8293,#8294);
#8293 = CARTESIAN_POINT('',(1.6,0.85,1.665334536938E-16));
#8294 = VECTOR('',#8295,1.);
#8295 = DIRECTION('',(0.,0.,1.));
#8296 = ORIENTED_EDGE('',*,*,#8297,.T.);
#8297 = EDGE_CURVE('',#8290,#8298,#8300,.T.);
#8298 = VERTEX_POINT('',#8299);
#8299 = CARTESIAN_POINT('',(2.7,0.85,1.8));
#8300 = LINE('',#8301,#8302);
#8301 = CARTESIAN_POINT('',(1.6,0.85,1.8));
#8302 = VECTOR('',#8303,1.);
#8303 = DIRECTION('',(1.,0.,0.));
#8304 = ORIENTED_EDGE('',*,*,#8305,.T.);
#8305 = EDGE_CURVE('',#8298,#8306,#8308,.T.);
#8306 = VERTEX_POINT('',#8307);
#8307 = CARTESIAN_POINT('',(2.7,0.85,0.5));
#8308 = LINE('',#8309,#8310);
#8309 = CARTESIAN_POINT('',(2.7,0.85,0.25));
#8310 = VECTOR('',#8311,1.);
#8311 = DIRECTION('',(0.,0.,-1.));
#8312 = ORIENTED_EDGE('',*,*,#8313,.T.);
#8313 = EDGE_CURVE('',#8306,#8314,#8316,.T.);
#8314 = VERTEX_POINT('',#8315);
#8315 = CARTESIAN_POINT('',(2.9,0.85,0.3));
#8316 = CIRCLE('',#8317,0.2);
#8317 = AXIS2_PLACEMENT_3D('',#8318,#8319,#8320);
#8318 = CARTESIAN_POINT('',(2.9,0.85,0.5));
#8319 = DIRECTION('',(0.,-1.,-2.22044604925E-16));
#8320 = DIRECTION('',(1.,0.,0.));
#8321 = ORIENTED_EDGE('',*,*,#8322,.T.);
#8322 = EDGE_CURVE('',#8314,#8323,#8325,.T.);
#8323 = VERTEX_POINT('',#8324);
#8324 = CARTESIAN_POINT('',(3.4,0.85,0.3));
#8325 = LINE('',#8326,#8327);
#8326 = CARTESIAN_POINT('',(3.05,0.85,0.3));
#8327 = VECTOR('',#8328,1.);
#8328 = DIRECTION('',(1.,0.,0.));
#8329 = ORIENTED_EDGE('',*,*,#8330,.F.);
#8330 = EDGE_CURVE('',#8273,#8323,#8331,.T.);
#8331 = LINE('',#8332,#8333);
#8332 = CARTESIAN_POINT('',(3.4,0.85,1.665334536938E-16));
#8333 = VECTOR('',#8334,1.);
#8334 = DIRECTION('',(0.,0.,1.));
#8335 = PLANE('',#8336);
#8336 = AXIS2_PLACEMENT_3D('',#8337,#8338,#8339);
#8337 = CARTESIAN_POINT('',(1.6,0.85,1.665334536938E-16));
#8338 = DIRECTION('',(0.,1.,0.));
#8339 = DIRECTION('',(1.,0.,0.));
#8340 = ADVANCED_FACE('',(#8341),#8359,.T.);
#8341 = FACE_BOUND('',#8342,.T.);
#8342 = EDGE_LOOP('',(#8343,#8351,#8357,#8358));
#8343 = ORIENTED_EDGE('',*,*,#8344,.F.);
#8344 = EDGE_CURVE('',#8345,#8271,#8347,.T.);
#8345 = VERTEX_POINT('',#8346);
#8346 = CARTESIAN_POINT('',(1.6,0.65,1.665334536938E-16));
#8347 = LINE('',#8348,#8349);
#8348 = CARTESIAN_POINT('',(1.6,0.65,1.665334536938E-16));
#8349 = VECTOR('',#8350,1.);
#8350 = DIRECTION('',(0.,1.,0.));
#8351 = ORIENTED_EDGE('',*,*,#8352,.T.);
#8352 = EDGE_CURVE('',#8345,#7184,#8353,.T.);
#8353 = LINE('',#8354,#8355);
#8354 = CARTESIAN_POINT('',(1.6,0.65,1.665334536938E-16));
#8355 = VECTOR('',#8356,1.);
#8356 = DIRECTION('',(0.,0.,1.));
#8357 = ORIENTED_EDGE('',*,*,#7191,.F.);
#8358 = ORIENTED_EDGE('',*,*,#8280,.F.);
#8359 = PLANE('',#8360);
#8360 = AXIS2_PLACEMENT_3D('',#8361,#8362,#8363);
#8361 = CARTESIAN_POINT('',(1.6,0.65,1.665334536938E-16));
#8362 = DIRECTION('',(-1.,0.,0.));
#8363 = DIRECTION('',(0.,1.,0.));
#8364 = ADVANCED_FACE('',(#8365),#8431,.T.);
#8365 = FACE_BOUND('',#8366,.T.);
#8366 = EDGE_LOOP('',(#8367,#8375,#8383,#8391,#8400,#8408,#8416,#8422,
    #8423,#8429,#8430));
#8367 = ORIENTED_EDGE('',*,*,#8368,.F.);
#8368 = EDGE_CURVE('',#8369,#8345,#8371,.T.);
#8369 = VERTEX_POINT('',#8370);
#8370 = CARTESIAN_POINT('',(3.4,0.65,1.665334536938E-16));
#8371 = LINE('',#8372,#8373);
#8372 = CARTESIAN_POINT('',(3.4,0.65,1.665334536938E-16));
#8373 = VECTOR('',#8374,1.);
#8374 = DIRECTION('',(-1.,0.,0.));
#8375 = ORIENTED_EDGE('',*,*,#8376,.T.);
#8376 = EDGE_CURVE('',#8369,#8377,#8379,.T.);
#8377 = VERTEX_POINT('',#8378);
#8378 = CARTESIAN_POINT('',(3.4,0.65,0.3));
#8379 = LINE('',#8380,#8381);
#8380 = CARTESIAN_POINT('',(3.4,0.65,1.665334536938E-16));
#8381 = VECTOR('',#8382,1.);
#8382 = DIRECTION('',(0.,0.,1.));
#8383 = ORIENTED_EDGE('',*,*,#8384,.T.);
#8384 = EDGE_CURVE('',#8377,#8385,#8387,.T.);
#8385 = VERTEX_POINT('',#8386);
#8386 = CARTESIAN_POINT('',(2.9,0.65,0.3));
#8387 = LINE('',#8388,#8389);
#8388 = CARTESIAN_POINT('',(3.95,0.65,0.3));
#8389 = VECTOR('',#8390,1.);
#8390 = DIRECTION('',(-1.,0.,0.));
#8391 = ORIENTED_EDGE('',*,*,#8392,.F.);
#8392 = EDGE_CURVE('',#8393,#8385,#8395,.T.);
#8393 = VERTEX_POINT('',#8394);
#8394 = CARTESIAN_POINT('',(2.7,0.65,0.5));
#8395 = CIRCLE('',#8396,0.2);
#8396 = AXIS2_PLACEMENT_3D('',#8397,#8398,#8399);
#8397 = CARTESIAN_POINT('',(2.9,0.65,0.5));
#8398 = DIRECTION('',(0.,-1.,-2.22044604925E-16));
#8399 = DIRECTION('',(1.,0.,0.));
#8400 = ORIENTED_EDGE('',*,*,#8401,.T.);
#8401 = EDGE_CURVE('',#8393,#8402,#8404,.T.);
#8402 = VERTEX_POINT('',#8403);
#8403 = CARTESIAN_POINT('',(2.7,0.65,1.8));
#8404 = LINE('',#8405,#8406);
#8405 = CARTESIAN_POINT('',(2.7,0.65,0.25));
#8406 = VECTOR('',#8407,1.);
#8407 = DIRECTION('',(0.,0.,1.));
#8408 = ORIENTED_EDGE('',*,*,#8409,.T.);
#8409 = EDGE_CURVE('',#8402,#8410,#8412,.T.);
#8410 = VERTEX_POINT('',#8411);
#8411 = CARTESIAN_POINT('',(1.6,0.65,1.8));
#8412 = LINE('',#8413,#8414);
#8413 = CARTESIAN_POINT('',(3.4,0.65,1.8));
#8414 = VECTOR('',#8415,1.);
#8415 = DIRECTION('',(-1.,0.,0.));
#8416 = ORIENTED_EDGE('',*,*,#8417,.F.);
#8417 = EDGE_CURVE('',#7648,#8410,#8418,.T.);
#8418 = LINE('',#8419,#8420);
#8419 = CARTESIAN_POINT('',(1.6,0.65,1.665334536938E-16));
#8420 = VECTOR('',#8421,1.);
#8421 = DIRECTION('',(0.,0.,1.));
#8422 = ORIENTED_EDGE('',*,*,#7647,.T.);
#8423 = ORIENTED_EDGE('',*,*,#8424,.T.);
#8424 = EDGE_CURVE('',#7640,#7176,#8425,.T.);
#8425 = LINE('',#8426,#8427);
#8426 = CARTESIAN_POINT('',(1.7,0.65,0.1));
#8427 = VECTOR('',#8428,1.);
#8428 = DIRECTION('',(0.,0.,-1.));
#8429 = ORIENTED_EDGE('',*,*,#7183,.F.);
#8430 = ORIENTED_EDGE('',*,*,#8352,.F.);
#8431 = PLANE('',#8432);
#8432 = AXIS2_PLACEMENT_3D('',#8433,#8434,#8435);
#8433 = CARTESIAN_POINT('',(3.4,0.65,1.665334536938E-16));
#8434 = DIRECTION('',(0.,-1.,0.));
#8435 = DIRECTION('',(-1.,0.,0.));
#8436 = ADVANCED_FACE('',(#8437),#8448,.T.);
#8437 = FACE_BOUND('',#8438,.T.);
#8438 = EDGE_LOOP('',(#8439,#8440,#8441,#8442));
#8439 = ORIENTED_EDGE('',*,*,#7175,.F.);
#8440 = ORIENTED_EDGE('',*,*,#8424,.F.);
#8441 = ORIENTED_EDGE('',*,*,#7639,.T.);
#8442 = ORIENTED_EDGE('',*,*,#8443,.F.);
#8443 = EDGE_CURVE('',#7168,#7632,#8444,.T.);
#8444 = LINE('',#8445,#8446);
#8445 = CARTESIAN_POINT('',(1.7,0.35,0.1));
#8446 = VECTOR('',#8447,1.);
#8447 = DIRECTION('',(0.,0.,1.));
#8448 = PLANE('',#8449);
#8449 = AXIS2_PLACEMENT_3D('',#8450,#8451,#8452);
#8450 = CARTESIAN_POINT('',(1.7,3.,0.2));
#8451 = DIRECTION('',(1.,0.,0.));
#8452 = DIRECTION('',(0.,-1.,0.));
#8453 = ADVANCED_FACE('',(#8454),#8522,.T.);
#8454 = FACE_BOUND('',#8455,.T.);
#8455 = EDGE_LOOP('',(#8456,#8466,#8472,#8473,#8474,#8475,#8483,#8491,
    #8499,#8508,#8516));
#8456 = ORIENTED_EDGE('',*,*,#8457,.F.);
#8457 = EDGE_CURVE('',#8458,#8460,#8462,.T.);
#8458 = VERTEX_POINT('',#8459);
#8459 = CARTESIAN_POINT('',(1.6,0.35,2.22044604925E-16));
#8460 = VERTEX_POINT('',#8461);
#8461 = CARTESIAN_POINT('',(3.4,0.35,2.22044604925E-16));
#8462 = LINE('',#8463,#8464);
#8463 = CARTESIAN_POINT('',(1.6,0.35,2.22044604925E-16));
#8464 = VECTOR('',#8465,1.);
#8465 = DIRECTION('',(1.,0.,0.));
#8466 = ORIENTED_EDGE('',*,*,#8467,.T.);
#8467 = EDGE_CURVE('',#8458,#7160,#8468,.T.);
#8468 = LINE('',#8469,#8470);
#8469 = CARTESIAN_POINT('',(1.6,0.35,2.22044604925E-16));
#8470 = VECTOR('',#8471,1.);
#8471 = DIRECTION('',(0.,0.,1.));
#8472 = ORIENTED_EDGE('',*,*,#7167,.F.);
#8473 = ORIENTED_EDGE('',*,*,#8443,.T.);
#8474 = ORIENTED_EDGE('',*,*,#7631,.T.);
#8475 = ORIENTED_EDGE('',*,*,#8476,.T.);
#8476 = EDGE_CURVE('',#7624,#8477,#8479,.T.);
#8477 = VERTEX_POINT('',#8478);
#8478 = CARTESIAN_POINT('',(1.6,0.35,1.8));
#8479 = LINE('',#8480,#8481);
#8480 = CARTESIAN_POINT('',(1.6,0.35,2.22044604925E-16));
#8481 = VECTOR('',#8482,1.);
#8482 = DIRECTION('',(0.,0.,1.));
#8483 = ORIENTED_EDGE('',*,*,#8484,.T.);
#8484 = EDGE_CURVE('',#8477,#8485,#8487,.T.);
#8485 = VERTEX_POINT('',#8486);
#8486 = CARTESIAN_POINT('',(2.7,0.35,1.8));
#8487 = LINE('',#8488,#8489);
#8488 = CARTESIAN_POINT('',(1.6,0.35,1.8));
#8489 = VECTOR('',#8490,1.);
#8490 = DIRECTION('',(1.,0.,0.));
#8491 = ORIENTED_EDGE('',*,*,#8492,.T.);
#8492 = EDGE_CURVE('',#8485,#8493,#8495,.T.);
#8493 = VERTEX_POINT('',#8494);
#8494 = CARTESIAN_POINT('',(2.7,0.35,0.5));
#8495 = LINE('',#8496,#8497);
#8496 = CARTESIAN_POINT('',(2.7,0.35,0.25));
#8497 = VECTOR('',#8498,1.);
#8498 = DIRECTION('',(0.,0.,-1.));
#8499 = ORIENTED_EDGE('',*,*,#8500,.T.);
#8500 = EDGE_CURVE('',#8493,#8501,#8503,.T.);
#8501 = VERTEX_POINT('',#8502);
#8502 = CARTESIAN_POINT('',(2.9,0.35,0.3));
#8503 = CIRCLE('',#8504,0.2);
#8504 = AXIS2_PLACEMENT_3D('',#8505,#8506,#8507);
#8505 = CARTESIAN_POINT('',(2.9,0.35,0.5));
#8506 = DIRECTION('',(0.,-1.,-2.22044604925E-16));
#8507 = DIRECTION('',(1.,0.,0.));
#8508 = ORIENTED_EDGE('',*,*,#8509,.T.);
#8509 = EDGE_CURVE('',#8501,#8510,#8512,.T.);
#8510 = VERTEX_POINT('',#8511);
#8511 = CARTESIAN_POINT('',(3.4,0.35,0.3));
#8512 = LINE('',#8513,#8514);
#8513 = CARTESIAN_POINT('',(3.05,0.35,0.3));
#8514 = VECTOR('',#8515,1.);
#8515 = DIRECTION('',(1.,0.,0.));
#8516 = ORIENTED_EDGE('',*,*,#8517,.F.);
#8517 = EDGE_CURVE('',#8460,#8510,#8518,.T.);
#8518 = LINE('',#8519,#8520);
#8519 = CARTESIAN_POINT('',(3.4,0.35,2.22044604925E-16));
#8520 = VECTOR('',#8521,1.);
#8521 = DIRECTION('',(0.,0.,1.));
#8522 = PLANE('',#8523);
#8523 = AXIS2_PLACEMENT_3D('',#8524,#8525,#8526);
#8524 = CARTESIAN_POINT('',(1.6,0.35,2.22044604925E-16));
#8525 = DIRECTION('',(0.,1.,0.));
#8526 = DIRECTION('',(1.,0.,0.));
#8527 = ADVANCED_FACE('',(#8528),#8546,.T.);
#8528 = FACE_BOUND('',#8529,.T.);
#8529 = EDGE_LOOP('',(#8530,#8538,#8544,#8545));
#8530 = ORIENTED_EDGE('',*,*,#8531,.F.);
#8531 = EDGE_CURVE('',#8532,#8458,#8534,.T.);
#8532 = VERTEX_POINT('',#8533);
#8533 = CARTESIAN_POINT('',(1.6,0.15,2.22044604925E-16));
#8534 = LINE('',#8535,#8536);
#8535 = CARTESIAN_POINT('',(1.6,0.15,2.22044604925E-16));
#8536 = VECTOR('',#8537,1.);
#8537 = DIRECTION('',(0.,1.,0.));
#8538 = ORIENTED_EDGE('',*,*,#8539,.T.);
#8539 = EDGE_CURVE('',#8532,#7152,#8540,.T.);
#8540 = LINE('',#8541,#8542);
#8541 = CARTESIAN_POINT('',(1.6,0.15,2.22044604925E-16));
#8542 = VECTOR('',#8543,1.);
#8543 = DIRECTION('',(0.,0.,1.));
#8544 = ORIENTED_EDGE('',*,*,#7159,.F.);
#8545 = ORIENTED_EDGE('',*,*,#8467,.F.);
#8546 = PLANE('',#8547);
#8547 = AXIS2_PLACEMENT_3D('',#8548,#8549,#8550);
#8548 = CARTESIAN_POINT('',(1.6,0.15,2.22044604925E-16));
#8549 = DIRECTION('',(-1.,0.,0.));
#8550 = DIRECTION('',(0.,1.,0.));
#8551 = ADVANCED_FACE('',(#8552),#8618,.T.);
#8552 = FACE_BOUND('',#8553,.T.);
#8553 = EDGE_LOOP('',(#8554,#8562,#8570,#8578,#8587,#8595,#8603,#8609,
    #8610,#8616,#8617));
#8554 = ORIENTED_EDGE('',*,*,#8555,.F.);
#8555 = EDGE_CURVE('',#8556,#8532,#8558,.T.);
#8556 = VERTEX_POINT('',#8557);
#8557 = CARTESIAN_POINT('',(3.4,0.15,2.22044604925E-16));
#8558 = LINE('',#8559,#8560);
#8559 = CARTESIAN_POINT('',(3.4,0.15,2.22044604925E-16));
#8560 = VECTOR('',#8561,1.);
#8561 = DIRECTION('',(-1.,0.,0.));
#8562 = ORIENTED_EDGE('',*,*,#8563,.T.);
#8563 = EDGE_CURVE('',#8556,#8564,#8566,.T.);
#8564 = VERTEX_POINT('',#8565);
#8565 = CARTESIAN_POINT('',(3.4,0.15,0.3));
#8566 = LINE('',#8567,#8568);
#8567 = CARTESIAN_POINT('',(3.4,0.15,2.22044604925E-16));
#8568 = VECTOR('',#8569,1.);
#8569 = DIRECTION('',(0.,0.,1.));
#8570 = ORIENTED_EDGE('',*,*,#8571,.T.);
#8571 = EDGE_CURVE('',#8564,#8572,#8574,.T.);
#8572 = VERTEX_POINT('',#8573);
#8573 = CARTESIAN_POINT('',(2.9,0.15,0.3));
#8574 = LINE('',#8575,#8576);
#8575 = CARTESIAN_POINT('',(3.95,0.15,0.3));
#8576 = VECTOR('',#8577,1.);
#8577 = DIRECTION('',(-1.,0.,0.));
#8578 = ORIENTED_EDGE('',*,*,#8579,.F.);
#8579 = EDGE_CURVE('',#8580,#8572,#8582,.T.);
#8580 = VERTEX_POINT('',#8581);
#8581 = CARTESIAN_POINT('',(2.7,0.15,0.5));
#8582 = CIRCLE('',#8583,0.2);
#8583 = AXIS2_PLACEMENT_3D('',#8584,#8585,#8586);
#8584 = CARTESIAN_POINT('',(2.9,0.15,0.5));
#8585 = DIRECTION('',(0.,-1.,-2.22044604925E-16));
#8586 = DIRECTION('',(1.,0.,0.));
#8587 = ORIENTED_EDGE('',*,*,#8588,.T.);
#8588 = EDGE_CURVE('',#8580,#8589,#8591,.T.);
#8589 = VERTEX_POINT('',#8590);
#8590 = CARTESIAN_POINT('',(2.7,0.15,1.8));
#8591 = LINE('',#8592,#8593);
#8592 = CARTESIAN_POINT('',(2.7,0.15,0.25));
#8593 = VECTOR('',#8594,1.);
#8594 = DIRECTION('',(0.,0.,1.));
#8595 = ORIENTED_EDGE('',*,*,#8596,.T.);
#8596 = EDGE_CURVE('',#8589,#8597,#8599,.T.);
#8597 = VERTEX_POINT('',#8598);
#8598 = CARTESIAN_POINT('',(1.6,0.15,1.8));
#8599 = LINE('',#8600,#8601);
#8600 = CARTESIAN_POINT('',(3.4,0.15,1.8));
#8601 = VECTOR('',#8602,1.);
#8602 = DIRECTION('',(-1.,0.,0.));
#8603 = ORIENTED_EDGE('',*,*,#8604,.F.);
#8604 = EDGE_CURVE('',#7616,#8597,#8605,.T.);
#8605 = LINE('',#8606,#8607);
#8606 = CARTESIAN_POINT('',(1.6,0.15,2.22044604925E-16));
#8607 = VECTOR('',#8608,1.);
#8608 = DIRECTION('',(0.,0.,1.));
#8609 = ORIENTED_EDGE('',*,*,#7615,.T.);
#8610 = ORIENTED_EDGE('',*,*,#8611,.T.);
#8611 = EDGE_CURVE('',#7608,#7144,#8612,.T.);
#8612 = LINE('',#8613,#8614);
#8613 = CARTESIAN_POINT('',(1.7,0.15,0.1));
#8614 = VECTOR('',#8615,1.);
#8615 = DIRECTION('',(0.,0.,-1.));
#8616 = ORIENTED_EDGE('',*,*,#7151,.F.);
#8617 = ORIENTED_EDGE('',*,*,#8539,.F.);
#8618 = PLANE('',#8619);
#8619 = AXIS2_PLACEMENT_3D('',#8620,#8621,#8622);
#8620 = CARTESIAN_POINT('',(3.4,0.15,2.22044604925E-16));
#8621 = DIRECTION('',(0.,-1.,0.));
#8622 = DIRECTION('',(-1.,0.,0.));
#8623 = ADVANCED_FACE('',(#8624),#8635,.T.);
#8624 = FACE_BOUND('',#8625,.T.);
#8625 = EDGE_LOOP('',(#8626,#8627,#8628,#8629));
#8626 = ORIENTED_EDGE('',*,*,#7143,.F.);
#8627 = ORIENTED_EDGE('',*,*,#8611,.F.);
#8628 = ORIENTED_EDGE('',*,*,#7607,.T.);
#8629 = ORIENTED_EDGE('',*,*,#8630,.F.);
#8630 = EDGE_CURVE('',#7136,#7600,#8631,.T.);
#8631 = LINE('',#8632,#8633);
#8632 = CARTESIAN_POINT('',(1.7,-0.15,0.1));
#8633 = VECTOR('',#8634,1.);
#8634 = DIRECTION('',(0.,0.,1.));
#8635 = PLANE('',#8636);
#8636 = AXIS2_PLACEMENT_3D('',#8637,#8638,#8639);
#8637 = CARTESIAN_POINT('',(1.7,3.,0.2));
#8638 = DIRECTION('',(1.,0.,0.));
#8639 = DIRECTION('',(0.,-1.,0.));
#8640 = ADVANCED_FACE('',(#8641),#8709,.T.);
#8641 = FACE_BOUND('',#8642,.T.);
#8642 = EDGE_LOOP('',(#8643,#8653,#8659,#8660,#8661,#8662,#8670,#8678,
    #8686,#8695,#8703));
#8643 = ORIENTED_EDGE('',*,*,#8644,.F.);
#8644 = EDGE_CURVE('',#8645,#8647,#8649,.T.);
#8645 = VERTEX_POINT('',#8646);
#8646 = CARTESIAN_POINT('',(1.6,-0.15,2.775557561563E-16));
#8647 = VERTEX_POINT('',#8648);
#8648 = CARTESIAN_POINT('',(3.4,-0.15,2.775557561563E-16));
#8649 = LINE('',#8650,#8651);
#8650 = CARTESIAN_POINT('',(1.6,-0.15,2.775557561563E-16));
#8651 = VECTOR('',#8652,1.);
#8652 = DIRECTION('',(1.,0.,0.));
#8653 = ORIENTED_EDGE('',*,*,#8654,.T.);
#8654 = EDGE_CURVE('',#8645,#7128,#8655,.T.);
#8655 = LINE('',#8656,#8657);
#8656 = CARTESIAN_POINT('',(1.6,-0.15,2.775557561563E-16));
#8657 = VECTOR('',#8658,1.);
#8658 = DIRECTION('',(0.,0.,1.));
#8659 = ORIENTED_EDGE('',*,*,#7135,.F.);
#8660 = ORIENTED_EDGE('',*,*,#8630,.T.);
#8661 = ORIENTED_EDGE('',*,*,#7599,.T.);
#8662 = ORIENTED_EDGE('',*,*,#8663,.T.);
#8663 = EDGE_CURVE('',#7592,#8664,#8666,.T.);
#8664 = VERTEX_POINT('',#8665);
#8665 = CARTESIAN_POINT('',(1.6,-0.15,1.8));
#8666 = LINE('',#8667,#8668);
#8667 = CARTESIAN_POINT('',(1.6,-0.15,2.775557561563E-16));
#8668 = VECTOR('',#8669,1.);
#8669 = DIRECTION('',(0.,0.,1.));
#8670 = ORIENTED_EDGE('',*,*,#8671,.T.);
#8671 = EDGE_CURVE('',#8664,#8672,#8674,.T.);
#8672 = VERTEX_POINT('',#8673);
#8673 = CARTESIAN_POINT('',(2.7,-0.15,1.8));
#8674 = LINE('',#8675,#8676);
#8675 = CARTESIAN_POINT('',(1.6,-0.15,1.8));
#8676 = VECTOR('',#8677,1.);
#8677 = DIRECTION('',(1.,0.,0.));
#8678 = ORIENTED_EDGE('',*,*,#8679,.T.);
#8679 = EDGE_CURVE('',#8672,#8680,#8682,.T.);
#8680 = VERTEX_POINT('',#8681);
#8681 = CARTESIAN_POINT('',(2.7,-0.15,0.5));
#8682 = LINE('',#8683,#8684);
#8683 = CARTESIAN_POINT('',(2.7,-0.15,0.25));
#8684 = VECTOR('',#8685,1.);
#8685 = DIRECTION('',(0.,0.,-1.));
#8686 = ORIENTED_EDGE('',*,*,#8687,.T.);
#8687 = EDGE_CURVE('',#8680,#8688,#8690,.T.);
#8688 = VERTEX_POINT('',#8689);
#8689 = CARTESIAN_POINT('',(2.9,-0.15,0.3));
#8690 = CIRCLE('',#8691,0.2);
#8691 = AXIS2_PLACEMENT_3D('',#8692,#8693,#8694);
#8692 = CARTESIAN_POINT('',(2.9,-0.15,0.5));
#8693 = DIRECTION('',(0.,-1.,-2.22044604925E-16));
#8694 = DIRECTION('',(1.,0.,0.));
#8695 = ORIENTED_EDGE('',*,*,#8696,.T.);
#8696 = EDGE_CURVE('',#8688,#8697,#8699,.T.);
#8697 = VERTEX_POINT('',#8698);
#8698 = CARTESIAN_POINT('',(3.4,-0.15,0.3));
#8699 = LINE('',#8700,#8701);
#8700 = CARTESIAN_POINT('',(3.05,-0.15,0.3));
#8701 = VECTOR('',#8702,1.);
#8702 = DIRECTION('',(1.,0.,0.));
#8703 = ORIENTED_EDGE('',*,*,#8704,.F.);
#8704 = EDGE_CURVE('',#8647,#8697,#8705,.T.);
#8705 = LINE('',#8706,#8707);
#8706 = CARTESIAN_POINT('',(3.4,-0.15,2.775557561563E-16));
#8707 = VECTOR('',#8708,1.);
#8708 = DIRECTION('',(0.,0.,1.));
#8709 = PLANE('',#8710);
#8710 = AXIS2_PLACEMENT_3D('',#8711,#8712,#8713);
#8711 = CARTESIAN_POINT('',(1.6,-0.15,2.775557561563E-16));
#8712 = DIRECTION('',(0.,1.,0.));
#8713 = DIRECTION('',(1.,0.,0.));
#8714 = ADVANCED_FACE('',(#8715),#8733,.T.);
#8715 = FACE_BOUND('',#8716,.T.);
#8716 = EDGE_LOOP('',(#8717,#8725,#8731,#8732));
#8717 = ORIENTED_EDGE('',*,*,#8718,.F.);
#8718 = EDGE_CURVE('',#8719,#8645,#8721,.T.);
#8719 = VERTEX_POINT('',#8720);
#8720 = CARTESIAN_POINT('',(1.6,-0.35,2.775557561563E-16));
#8721 = LINE('',#8722,#8723);
#8722 = CARTESIAN_POINT('',(1.6,-0.35,2.775557561563E-16));
#8723 = VECTOR('',#8724,1.);
#8724 = DIRECTION('',(0.,1.,0.));
#8725 = ORIENTED_EDGE('',*,*,#8726,.T.);
#8726 = EDGE_CURVE('',#8719,#7120,#8727,.T.);
#8727 = LINE('',#8728,#8729);
#8728 = CARTESIAN_POINT('',(1.6,-0.35,2.775557561563E-16));
#8729 = VECTOR('',#8730,1.);
#8730 = DIRECTION('',(0.,0.,1.));
#8731 = ORIENTED_EDGE('',*,*,#7127,.F.);
#8732 = ORIENTED_EDGE('',*,*,#8654,.F.);
#8733 = PLANE('',#8734);
#8734 = AXIS2_PLACEMENT_3D('',#8735,#8736,#8737);
#8735 = CARTESIAN_POINT('',(1.6,-0.35,2.775557561563E-16));
#8736 = DIRECTION('',(-1.,0.,0.));
#8737 = DIRECTION('',(0.,1.,0.));
#8738 = ADVANCED_FACE('',(#8739),#8805,.T.);
#8739 = FACE_BOUND('',#8740,.T.);
#8740 = EDGE_LOOP('',(#8741,#8749,#8757,#8765,#8774,#8782,#8790,#8796,
    #8797,#8803,#8804));
#8741 = ORIENTED_EDGE('',*,*,#8742,.F.);
#8742 = EDGE_CURVE('',#8743,#8719,#8745,.T.);
#8743 = VERTEX_POINT('',#8744);
#8744 = CARTESIAN_POINT('',(3.4,-0.35,2.775557561563E-16));
#8745 = LINE('',#8746,#8747);
#8746 = CARTESIAN_POINT('',(3.4,-0.35,2.775557561563E-16));
#8747 = VECTOR('',#8748,1.);
#8748 = DIRECTION('',(-1.,0.,0.));
#8749 = ORIENTED_EDGE('',*,*,#8750,.T.);
#8750 = EDGE_CURVE('',#8743,#8751,#8753,.T.);
#8751 = VERTEX_POINT('',#8752);
#8752 = CARTESIAN_POINT('',(3.4,-0.35,0.3));
#8753 = LINE('',#8754,#8755);
#8754 = CARTESIAN_POINT('',(3.4,-0.35,2.775557561563E-16));
#8755 = VECTOR('',#8756,1.);
#8756 = DIRECTION('',(0.,0.,1.));
#8757 = ORIENTED_EDGE('',*,*,#8758,.T.);
#8758 = EDGE_CURVE('',#8751,#8759,#8761,.T.);
#8759 = VERTEX_POINT('',#8760);
#8760 = CARTESIAN_POINT('',(2.9,-0.35,0.3));
#8761 = LINE('',#8762,#8763);
#8762 = CARTESIAN_POINT('',(3.95,-0.35,0.3));
#8763 = VECTOR('',#8764,1.);
#8764 = DIRECTION('',(-1.,0.,0.));
#8765 = ORIENTED_EDGE('',*,*,#8766,.F.);
#8766 = EDGE_CURVE('',#8767,#8759,#8769,.T.);
#8767 = VERTEX_POINT('',#8768);
#8768 = CARTESIAN_POINT('',(2.7,-0.35,0.5));
#8769 = CIRCLE('',#8770,0.2);
#8770 = AXIS2_PLACEMENT_3D('',#8771,#8772,#8773);
#8771 = CARTESIAN_POINT('',(2.9,-0.35,0.5));
#8772 = DIRECTION('',(0.,-1.,-2.22044604925E-16));
#8773 = DIRECTION('',(1.,0.,0.));
#8774 = ORIENTED_EDGE('',*,*,#8775,.T.);
#8775 = EDGE_CURVE('',#8767,#8776,#8778,.T.);
#8776 = VERTEX_POINT('',#8777);
#8777 = CARTESIAN_POINT('',(2.7,-0.35,1.8));
#8778 = LINE('',#8779,#8780);
#8779 = CARTESIAN_POINT('',(2.7,-0.35,0.25));
#8780 = VECTOR('',#8781,1.);
#8781 = DIRECTION('',(0.,0.,1.));
#8782 = ORIENTED_EDGE('',*,*,#8783,.T.);
#8783 = EDGE_CURVE('',#8776,#8784,#8786,.T.);
#8784 = VERTEX_POINT('',#8785);
#8785 = CARTESIAN_POINT('',(1.6,-0.35,1.8));
#8786 = LINE('',#8787,#8788);
#8787 = CARTESIAN_POINT('',(3.4,-0.35,1.8));
#8788 = VECTOR('',#8789,1.);
#8789 = DIRECTION('',(-1.,0.,0.));
#8790 = ORIENTED_EDGE('',*,*,#8791,.F.);
#8791 = EDGE_CURVE('',#7584,#8784,#8792,.T.);
#8792 = LINE('',#8793,#8794);
#8793 = CARTESIAN_POINT('',(1.6,-0.35,2.775557561563E-16));
#8794 = VECTOR('',#8795,1.);
#8795 = DIRECTION('',(0.,0.,1.));
#8796 = ORIENTED_EDGE('',*,*,#7583,.T.);
#8797 = ORIENTED_EDGE('',*,*,#8798,.T.);
#8798 = EDGE_CURVE('',#7576,#7112,#8799,.T.);
#8799 = LINE('',#8800,#8801);
#8800 = CARTESIAN_POINT('',(1.7,-0.35,0.1));
#8801 = VECTOR('',#8802,1.);
#8802 = DIRECTION('',(0.,0.,-1.));
#8803 = ORIENTED_EDGE('',*,*,#7119,.F.);
#8804 = ORIENTED_EDGE('',*,*,#8726,.F.);
#8805 = PLANE('',#8806);
#8806 = AXIS2_PLACEMENT_3D('',#8807,#8808,#8809);
#8807 = CARTESIAN_POINT('',(3.4,-0.35,2.775557561563E-16));
#8808 = DIRECTION('',(0.,-1.,0.));
#8809 = DIRECTION('',(-1.,0.,0.));
#8810 = ADVANCED_FACE('',(#8811),#8822,.T.);
#8811 = FACE_BOUND('',#8812,.T.);
#8812 = EDGE_LOOP('',(#8813,#8814,#8815,#8816));
#8813 = ORIENTED_EDGE('',*,*,#7111,.F.);
#8814 = ORIENTED_EDGE('',*,*,#8798,.F.);
#8815 = ORIENTED_EDGE('',*,*,#7575,.T.);
#8816 = ORIENTED_EDGE('',*,*,#8817,.F.);
#8817 = EDGE_CURVE('',#7104,#7568,#8818,.T.);
#8818 = LINE('',#8819,#8820);
#8819 = CARTESIAN_POINT('',(1.7,-0.65,0.1));
#8820 = VECTOR('',#8821,1.);
#8821 = DIRECTION('',(0.,0.,1.));
#8822 = PLANE('',#8823);
#8823 = AXIS2_PLACEMENT_3D('',#8824,#8825,#8826);
#8824 = CARTESIAN_POINT('',(1.7,3.,0.2));
#8825 = DIRECTION('',(1.,0.,0.));
#8826 = DIRECTION('',(0.,-1.,0.));
#8827 = ADVANCED_FACE('',(#8828),#8896,.T.);
#8828 = FACE_BOUND('',#8829,.T.);
#8829 = EDGE_LOOP('',(#8830,#8840,#8846,#8847,#8848,#8849,#8857,#8865,
    #8873,#8882,#8890));
#8830 = ORIENTED_EDGE('',*,*,#8831,.F.);
#8831 = EDGE_CURVE('',#8832,#8834,#8836,.T.);
#8832 = VERTEX_POINT('',#8833);
#8833 = CARTESIAN_POINT('',(1.6,-0.65,3.330669073875E-16));
#8834 = VERTEX_POINT('',#8835);
#8835 = CARTESIAN_POINT('',(3.4,-0.65,3.330669073875E-16));
#8836 = LINE('',#8837,#8838);
#8837 = CARTESIAN_POINT('',(1.6,-0.65,3.330669073875E-16));
#8838 = VECTOR('',#8839,1.);
#8839 = DIRECTION('',(1.,0.,0.));
#8840 = ORIENTED_EDGE('',*,*,#8841,.T.);
#8841 = EDGE_CURVE('',#8832,#7096,#8842,.T.);
#8842 = LINE('',#8843,#8844);
#8843 = CARTESIAN_POINT('',(1.6,-0.65,3.330669073875E-16));
#8844 = VECTOR('',#8845,1.);
#8845 = DIRECTION('',(0.,0.,1.));
#8846 = ORIENTED_EDGE('',*,*,#7103,.F.);
#8847 = ORIENTED_EDGE('',*,*,#8817,.T.);
#8848 = ORIENTED_EDGE('',*,*,#7567,.T.);
#8849 = ORIENTED_EDGE('',*,*,#8850,.T.);
#8850 = EDGE_CURVE('',#7560,#8851,#8853,.T.);
#8851 = VERTEX_POINT('',#8852);
#8852 = CARTESIAN_POINT('',(1.6,-0.65,1.8));
#8853 = LINE('',#8854,#8855);
#8854 = CARTESIAN_POINT('',(1.6,-0.65,3.330669073875E-16));
#8855 = VECTOR('',#8856,1.);
#8856 = DIRECTION('',(0.,0.,1.));
#8857 = ORIENTED_EDGE('',*,*,#8858,.T.);
#8858 = EDGE_CURVE('',#8851,#8859,#8861,.T.);
#8859 = VERTEX_POINT('',#8860);
#8860 = CARTESIAN_POINT('',(2.7,-0.65,1.8));
#8861 = LINE('',#8862,#8863);
#8862 = CARTESIAN_POINT('',(1.6,-0.65,1.8));
#8863 = VECTOR('',#8864,1.);
#8864 = DIRECTION('',(1.,0.,0.));
#8865 = ORIENTED_EDGE('',*,*,#8866,.T.);
#8866 = EDGE_CURVE('',#8859,#8867,#8869,.T.);
#8867 = VERTEX_POINT('',#8868);
#8868 = CARTESIAN_POINT('',(2.7,-0.65,0.5));
#8869 = LINE('',#8870,#8871);
#8870 = CARTESIAN_POINT('',(2.7,-0.65,0.25));
#8871 = VECTOR('',#8872,1.);
#8872 = DIRECTION('',(0.,0.,-1.));
#8873 = ORIENTED_EDGE('',*,*,#8874,.T.);
#8874 = EDGE_CURVE('',#8867,#8875,#8877,.T.);
#8875 = VERTEX_POINT('',#8876);
#8876 = CARTESIAN_POINT('',(2.9,-0.65,0.3));
#8877 = CIRCLE('',#8878,0.2);
#8878 = AXIS2_PLACEMENT_3D('',#8879,#8880,#8881);
#8879 = CARTESIAN_POINT('',(2.9,-0.65,0.5));
#8880 = DIRECTION('',(0.,-1.,-2.22044604925E-16));
#8881 = DIRECTION('',(1.,0.,0.));
#8882 = ORIENTED_EDGE('',*,*,#8883,.T.);
#8883 = EDGE_CURVE('',#8875,#8884,#8886,.T.);
#8884 = VERTEX_POINT('',#8885);
#8885 = CARTESIAN_POINT('',(3.4,-0.65,0.3));
#8886 = LINE('',#8887,#8888);
#8887 = CARTESIAN_POINT('',(3.05,-0.65,0.3));
#8888 = VECTOR('',#8889,1.);
#8889 = DIRECTION('',(1.,0.,0.));
#8890 = ORIENTED_EDGE('',*,*,#8891,.F.);
#8891 = EDGE_CURVE('',#8834,#8884,#8892,.T.);
#8892 = LINE('',#8893,#8894);
#8893 = CARTESIAN_POINT('',(3.4,-0.65,3.330669073875E-16));
#8894 = VECTOR('',#8895,1.);
#8895 = DIRECTION('',(0.,0.,1.));
#8896 = PLANE('',#8897);
#8897 = AXIS2_PLACEMENT_3D('',#8898,#8899,#8900);
#8898 = CARTESIAN_POINT('',(1.6,-0.65,3.330669073875E-16));
#8899 = DIRECTION('',(0.,1.,0.));
#8900 = DIRECTION('',(1.,0.,0.));
#8901 = ADVANCED_FACE('',(#8902),#8920,.T.);
#8902 = FACE_BOUND('',#8903,.T.);
#8903 = EDGE_LOOP('',(#8904,#8912,#8918,#8919));
#8904 = ORIENTED_EDGE('',*,*,#8905,.F.);
#8905 = EDGE_CURVE('',#8906,#8832,#8908,.T.);
#8906 = VERTEX_POINT('',#8907);
#8907 = CARTESIAN_POINT('',(1.6,-0.85,3.330669073875E-16));
#8908 = LINE('',#8909,#8910);
#8909 = CARTESIAN_POINT('',(1.6,-0.85,3.330669073875E-16));
#8910 = VECTOR('',#8911,1.);
#8911 = DIRECTION('',(0.,1.,0.));
#8912 = ORIENTED_EDGE('',*,*,#8913,.T.);
#8913 = EDGE_CURVE('',#8906,#7088,#8914,.T.);
#8914 = LINE('',#8915,#8916);
#8915 = CARTESIAN_POINT('',(1.6,-0.85,3.330669073875E-16));
#8916 = VECTOR('',#8917,1.);
#8917 = DIRECTION('',(0.,0.,1.));
#8918 = ORIENTED_EDGE('',*,*,#7095,.F.);
#8919 = ORIENTED_EDGE('',*,*,#8841,.F.);
#8920 = PLANE('',#8921);
#8921 = AXIS2_PLACEMENT_3D('',#8922,#8923,#8924);
#8922 = CARTESIAN_POINT('',(1.6,-0.85,3.330669073875E-16));
#8923 = DIRECTION('',(-1.,0.,0.));
#8924 = DIRECTION('',(0.,1.,0.));
#8925 = ADVANCED_FACE('',(#8926),#8992,.T.);
#8926 = FACE_BOUND('',#8927,.T.);
#8927 = EDGE_LOOP('',(#8928,#8936,#8944,#8952,#8961,#8969,#8977,#8983,
    #8984,#8990,#8991));
#8928 = ORIENTED_EDGE('',*,*,#8929,.F.);
#8929 = EDGE_CURVE('',#8930,#8906,#8932,.T.);
#8930 = VERTEX_POINT('',#8931);
#8931 = CARTESIAN_POINT('',(3.4,-0.85,3.330669073875E-16));
#8932 = LINE('',#8933,#8934);
#8933 = CARTESIAN_POINT('',(3.4,-0.85,3.330669073875E-16));
#8934 = VECTOR('',#8935,1.);
#8935 = DIRECTION('',(-1.,0.,0.));
#8936 = ORIENTED_EDGE('',*,*,#8937,.T.);
#8937 = EDGE_CURVE('',#8930,#8938,#8940,.T.);
#8938 = VERTEX_POINT('',#8939);
#8939 = CARTESIAN_POINT('',(3.4,-0.85,0.3));
#8940 = LINE('',#8941,#8942);
#8941 = CARTESIAN_POINT('',(3.4,-0.85,3.330669073875E-16));
#8942 = VECTOR('',#8943,1.);
#8943 = DIRECTION('',(0.,0.,1.));
#8944 = ORIENTED_EDGE('',*,*,#8945,.T.);
#8945 = EDGE_CURVE('',#8938,#8946,#8948,.T.);
#8946 = VERTEX_POINT('',#8947);
#8947 = CARTESIAN_POINT('',(2.9,-0.85,0.3));
#8948 = LINE('',#8949,#8950);
#8949 = CARTESIAN_POINT('',(3.95,-0.85,0.3));
#8950 = VECTOR('',#8951,1.);
#8951 = DIRECTION('',(-1.,0.,0.));
#8952 = ORIENTED_EDGE('',*,*,#8953,.F.);
#8953 = EDGE_CURVE('',#8954,#8946,#8956,.T.);
#8954 = VERTEX_POINT('',#8955);
#8955 = CARTESIAN_POINT('',(2.7,-0.85,0.5));
#8956 = CIRCLE('',#8957,0.2);
#8957 = AXIS2_PLACEMENT_3D('',#8958,#8959,#8960);
#8958 = CARTESIAN_POINT('',(2.9,-0.85,0.5));
#8959 = DIRECTION('',(0.,-1.,-2.22044604925E-16));
#8960 = DIRECTION('',(1.,0.,0.));
#8961 = ORIENTED_EDGE('',*,*,#8962,.T.);
#8962 = EDGE_CURVE('',#8954,#8963,#8965,.T.);
#8963 = VERTEX_POINT('',#8964);
#8964 = CARTESIAN_POINT('',(2.7,-0.85,1.8));
#8965 = LINE('',#8966,#8967);
#8966 = CARTESIAN_POINT('',(2.7,-0.85,0.25));
#8967 = VECTOR('',#8968,1.);
#8968 = DIRECTION('',(0.,0.,1.));
#8969 = ORIENTED_EDGE('',*,*,#8970,.T.);
#8970 = EDGE_CURVE('',#8963,#8971,#8973,.T.);
#8971 = VERTEX_POINT('',#8972);
#8972 = CARTESIAN_POINT('',(1.6,-0.85,1.8));
#8973 = LINE('',#8974,#8975);
#8974 = CARTESIAN_POINT('',(3.4,-0.85,1.8));
#8975 = VECTOR('',#8976,1.);
#8976 = DIRECTION('',(-1.,0.,0.));
#8977 = ORIENTED_EDGE('',*,*,#8978,.F.);
#8978 = EDGE_CURVE('',#7552,#8971,#8979,.T.);
#8979 = LINE('',#8980,#8981);
#8980 = CARTESIAN_POINT('',(1.6,-0.85,3.330669073875E-16));
#8981 = VECTOR('',#8982,1.);
#8982 = DIRECTION('',(0.,0.,1.));
#8983 = ORIENTED_EDGE('',*,*,#7551,.T.);
#8984 = ORIENTED_EDGE('',*,*,#8985,.T.);
#8985 = EDGE_CURVE('',#7544,#7080,#8986,.T.);
#8986 = LINE('',#8987,#8988);
#8987 = CARTESIAN_POINT('',(1.7,-0.85,0.1));
#8988 = VECTOR('',#8989,1.);
#8989 = DIRECTION('',(0.,0.,-1.));
#8990 = ORIENTED_EDGE('',*,*,#7087,.F.);
#8991 = ORIENTED_EDGE('',*,*,#8913,.F.);
#8992 = PLANE('',#8993);
#8993 = AXIS2_PLACEMENT_3D('',#8994,#8995,#8996);
#8994 = CARTESIAN_POINT('',(3.4,-0.85,3.330669073875E-16));
#8995 = DIRECTION('',(0.,-1.,0.));
#8996 = DIRECTION('',(-1.,0.,0.));
#8997 = ADVANCED_FACE('',(#8998),#9009,.T.);
#8998 = FACE_BOUND('',#8999,.T.);
#8999 = EDGE_LOOP('',(#9000,#9001,#9002,#9003));
#9000 = ORIENTED_EDGE('',*,*,#7079,.F.);
#9001 = ORIENTED_EDGE('',*,*,#8985,.F.);
#9002 = ORIENTED_EDGE('',*,*,#7543,.T.);
#9003 = ORIENTED_EDGE('',*,*,#9004,.F.);
#9004 = EDGE_CURVE('',#7072,#7536,#9005,.T.);
#9005 = LINE('',#9006,#9007);
#9006 = CARTESIAN_POINT('',(1.7,-1.15,0.1));
#9007 = VECTOR('',#9008,1.);
#9008 = DIRECTION('',(0.,0.,1.));
#9009 = PLANE('',#9010);
#9010 = AXIS2_PLACEMENT_3D('',#9011,#9012,#9013);
#9011 = CARTESIAN_POINT('',(1.7,3.,0.2));
#9012 = DIRECTION('',(1.,0.,0.));
#9013 = DIRECTION('',(0.,-1.,0.));
#9014 = ADVANCED_FACE('',(#9015),#9083,.T.);
#9015 = FACE_BOUND('',#9016,.T.);
#9016 = EDGE_LOOP('',(#9017,#9027,#9033,#9034,#9035,#9036,#9044,#9052,
    #9060,#9069,#9077));
#9017 = ORIENTED_EDGE('',*,*,#9018,.F.);
#9018 = EDGE_CURVE('',#9019,#9021,#9023,.T.);
#9019 = VERTEX_POINT('',#9020);
#9020 = CARTESIAN_POINT('',(1.6,-1.15,3.885780586188E-16));
#9021 = VERTEX_POINT('',#9022);
#9022 = CARTESIAN_POINT('',(3.4,-1.15,3.885780586188E-16));
#9023 = LINE('',#9024,#9025);
#9024 = CARTESIAN_POINT('',(1.6,-1.15,3.885780586188E-16));
#9025 = VECTOR('',#9026,1.);
#9026 = DIRECTION('',(1.,0.,0.));
#9027 = ORIENTED_EDGE('',*,*,#9028,.T.);
#9028 = EDGE_CURVE('',#9019,#7064,#9029,.T.);
#9029 = LINE('',#9030,#9031);
#9030 = CARTESIAN_POINT('',(1.6,-1.15,3.885780586188E-16));
#9031 = VECTOR('',#9032,1.);
#9032 = DIRECTION('',(0.,0.,1.));
#9033 = ORIENTED_EDGE('',*,*,#7071,.F.);
#9034 = ORIENTED_EDGE('',*,*,#9004,.T.);
#9035 = ORIENTED_EDGE('',*,*,#7535,.T.);
#9036 = ORIENTED_EDGE('',*,*,#9037,.T.);
#9037 = EDGE_CURVE('',#7528,#9038,#9040,.T.);
#9038 = VERTEX_POINT('',#9039);
#9039 = CARTESIAN_POINT('',(1.6,-1.15,1.8));
#9040 = LINE('',#9041,#9042);
#9041 = CARTESIAN_POINT('',(1.6,-1.15,3.885780586188E-16));
#9042 = VECTOR('',#9043,1.);
#9043 = DIRECTION('',(0.,0.,1.));
#9044 = ORIENTED_EDGE('',*,*,#9045,.T.);
#9045 = EDGE_CURVE('',#9038,#9046,#9048,.T.);
#9046 = VERTEX_POINT('',#9047);
#9047 = CARTESIAN_POINT('',(2.7,-1.15,1.8));
#9048 = LINE('',#9049,#9050);
#9049 = CARTESIAN_POINT('',(1.6,-1.15,1.8));
#9050 = VECTOR('',#9051,1.);
#9051 = DIRECTION('',(1.,0.,0.));
#9052 = ORIENTED_EDGE('',*,*,#9053,.T.);
#9053 = EDGE_CURVE('',#9046,#9054,#9056,.T.);
#9054 = VERTEX_POINT('',#9055);
#9055 = CARTESIAN_POINT('',(2.7,-1.15,0.5));
#9056 = LINE('',#9057,#9058);
#9057 = CARTESIAN_POINT('',(2.7,-1.15,0.25));
#9058 = VECTOR('',#9059,1.);
#9059 = DIRECTION('',(0.,0.,-1.));
#9060 = ORIENTED_EDGE('',*,*,#9061,.T.);
#9061 = EDGE_CURVE('',#9054,#9062,#9064,.T.);
#9062 = VERTEX_POINT('',#9063);
#9063 = CARTESIAN_POINT('',(2.9,-1.15,0.3));
#9064 = CIRCLE('',#9065,0.2);
#9065 = AXIS2_PLACEMENT_3D('',#9066,#9067,#9068);
#9066 = CARTESIAN_POINT('',(2.9,-1.15,0.5));
#9067 = DIRECTION('',(0.,-1.,-2.22044604925E-16));
#9068 = DIRECTION('',(1.,0.,0.));
#9069 = ORIENTED_EDGE('',*,*,#9070,.T.);
#9070 = EDGE_CURVE('',#9062,#9071,#9073,.T.);
#9071 = VERTEX_POINT('',#9072);
#9072 = CARTESIAN_POINT('',(3.4,-1.15,0.3));
#9073 = LINE('',#9074,#9075);
#9074 = CARTESIAN_POINT('',(3.05,-1.15,0.3));
#9075 = VECTOR('',#9076,1.);
#9076 = DIRECTION('',(1.,0.,0.));
#9077 = ORIENTED_EDGE('',*,*,#9078,.F.);
#9078 = EDGE_CURVE('',#9021,#9071,#9079,.T.);
#9079 = LINE('',#9080,#9081);
#9080 = CARTESIAN_POINT('',(3.4,-1.15,3.885780586188E-16));
#9081 = VECTOR('',#9082,1.);
#9082 = DIRECTION('',(0.,0.,1.));
#9083 = PLANE('',#9084);
#9084 = AXIS2_PLACEMENT_3D('',#9085,#9086,#9087);
#9085 = CARTESIAN_POINT('',(1.6,-1.15,3.885780586188E-16));
#9086 = DIRECTION('',(0.,1.,0.));
#9087 = DIRECTION('',(1.,0.,0.));
#9088 = ADVANCED_FACE('',(#9089),#9107,.T.);
#9089 = FACE_BOUND('',#9090,.T.);
#9090 = EDGE_LOOP('',(#9091,#9099,#9105,#9106));
#9091 = ORIENTED_EDGE('',*,*,#9092,.F.);
#9092 = EDGE_CURVE('',#9093,#9019,#9095,.T.);
#9093 = VERTEX_POINT('',#9094);
#9094 = CARTESIAN_POINT('',(1.6,-1.35,3.885780586188E-16));
#9095 = LINE('',#9096,#9097);
#9096 = CARTESIAN_POINT('',(1.6,-1.35,3.885780586188E-16));
#9097 = VECTOR('',#9098,1.);
#9098 = DIRECTION('',(0.,1.,0.));
#9099 = ORIENTED_EDGE('',*,*,#9100,.T.);
#9100 = EDGE_CURVE('',#9093,#7056,#9101,.T.);
#9101 = LINE('',#9102,#9103);
#9102 = CARTESIAN_POINT('',(1.6,-1.35,3.885780586188E-16));
#9103 = VECTOR('',#9104,1.);
#9104 = DIRECTION('',(0.,0.,1.));
#9105 = ORIENTED_EDGE('',*,*,#7063,.F.);
#9106 = ORIENTED_EDGE('',*,*,#9028,.F.);
#9107 = PLANE('',#9108);
#9108 = AXIS2_PLACEMENT_3D('',#9109,#9110,#9111);
#9109 = CARTESIAN_POINT('',(1.6,-1.35,3.885780586188E-16));
#9110 = DIRECTION('',(-1.,0.,0.));
#9111 = DIRECTION('',(0.,1.,0.));
#9112 = ADVANCED_FACE('',(#9113),#9179,.T.);
#9113 = FACE_BOUND('',#9114,.T.);
#9114 = EDGE_LOOP('',(#9115,#9123,#9131,#9139,#9148,#9156,#9164,#9170,
    #9171,#9177,#9178));
#9115 = ORIENTED_EDGE('',*,*,#9116,.F.);
#9116 = EDGE_CURVE('',#9117,#9093,#9119,.T.);
#9117 = VERTEX_POINT('',#9118);
#9118 = CARTESIAN_POINT('',(3.4,-1.35,3.885780586188E-16));
#9119 = LINE('',#9120,#9121);
#9120 = CARTESIAN_POINT('',(3.4,-1.35,3.885780586188E-16));
#9121 = VECTOR('',#9122,1.);
#9122 = DIRECTION('',(-1.,0.,0.));
#9123 = ORIENTED_EDGE('',*,*,#9124,.T.);
#9124 = EDGE_CURVE('',#9117,#9125,#9127,.T.);
#9125 = VERTEX_POINT('',#9126);
#9126 = CARTESIAN_POINT('',(3.4,-1.35,0.3));
#9127 = LINE('',#9128,#9129);
#9128 = CARTESIAN_POINT('',(3.4,-1.35,3.885780586188E-16));
#9129 = VECTOR('',#9130,1.);
#9130 = DIRECTION('',(0.,0.,1.));
#9131 = ORIENTED_EDGE('',*,*,#9132,.T.);
#9132 = EDGE_CURVE('',#9125,#9133,#9135,.T.);
#9133 = VERTEX_POINT('',#9134);
#9134 = CARTESIAN_POINT('',(2.9,-1.35,0.3));
#9135 = LINE('',#9136,#9137);
#9136 = CARTESIAN_POINT('',(3.95,-1.35,0.3));
#9137 = VECTOR('',#9138,1.);
#9138 = DIRECTION('',(-1.,0.,0.));
#9139 = ORIENTED_EDGE('',*,*,#9140,.F.);
#9140 = EDGE_CURVE('',#9141,#9133,#9143,.T.);
#9141 = VERTEX_POINT('',#9142);
#9142 = CARTESIAN_POINT('',(2.7,-1.35,0.5));
#9143 = CIRCLE('',#9144,0.2);
#9144 = AXIS2_PLACEMENT_3D('',#9145,#9146,#9147);
#9145 = CARTESIAN_POINT('',(2.9,-1.35,0.5));
#9146 = DIRECTION('',(0.,-1.,-2.22044604925E-16));
#9147 = DIRECTION('',(1.,0.,0.));
#9148 = ORIENTED_EDGE('',*,*,#9149,.T.);
#9149 = EDGE_CURVE('',#9141,#9150,#9152,.T.);
#9150 = VERTEX_POINT('',#9151);
#9151 = CARTESIAN_POINT('',(2.7,-1.35,1.8));
#9152 = LINE('',#9153,#9154);
#9153 = CARTESIAN_POINT('',(2.7,-1.35,0.25));
#9154 = VECTOR('',#9155,1.);
#9155 = DIRECTION('',(0.,0.,1.));
#9156 = ORIENTED_EDGE('',*,*,#9157,.T.);
#9157 = EDGE_CURVE('',#9150,#9158,#9160,.T.);
#9158 = VERTEX_POINT('',#9159);
#9159 = CARTESIAN_POINT('',(1.6,-1.35,1.8));
#9160 = LINE('',#9161,#9162);
#9161 = CARTESIAN_POINT('',(3.4,-1.35,1.8));
#9162 = VECTOR('',#9163,1.);
#9163 = DIRECTION('',(-1.,0.,0.));
#9164 = ORIENTED_EDGE('',*,*,#9165,.F.);
#9165 = EDGE_CURVE('',#7520,#9158,#9166,.T.);
#9166 = LINE('',#9167,#9168);
#9167 = CARTESIAN_POINT('',(1.6,-1.35,3.885780586188E-16));
#9168 = VECTOR('',#9169,1.);
#9169 = DIRECTION('',(0.,0.,1.));
#9170 = ORIENTED_EDGE('',*,*,#7519,.T.);
#9171 = ORIENTED_EDGE('',*,*,#9172,.T.);
#9172 = EDGE_CURVE('',#7512,#7048,#9173,.T.);
#9173 = LINE('',#9174,#9175);
#9174 = CARTESIAN_POINT('',(1.7,-1.35,0.1));
#9175 = VECTOR('',#9176,1.);
#9176 = DIRECTION('',(0.,0.,-1.));
#9177 = ORIENTED_EDGE('',*,*,#7055,.F.);
#9178 = ORIENTED_EDGE('',*,*,#9100,.F.);
#9179 = PLANE('',#9180);
#9180 = AXIS2_PLACEMENT_3D('',#9181,#9182,#9183);
#9181 = CARTESIAN_POINT('',(3.4,-1.35,3.885780586188E-16));
#9182 = DIRECTION('',(0.,-1.,0.));
#9183 = DIRECTION('',(-1.,0.,0.));
#9184 = ADVANCED_FACE('',(#9185),#9196,.T.);
#9185 = FACE_BOUND('',#9186,.T.);
#9186 = EDGE_LOOP('',(#9187,#9188,#9189,#9190));
#9187 = ORIENTED_EDGE('',*,*,#7047,.F.);
#9188 = ORIENTED_EDGE('',*,*,#9172,.F.);
#9189 = ORIENTED_EDGE('',*,*,#7511,.T.);
#9190 = ORIENTED_EDGE('',*,*,#9191,.F.);
#9191 = EDGE_CURVE('',#7040,#7504,#9192,.T.);
#9192 = LINE('',#9193,#9194);
#9193 = CARTESIAN_POINT('',(1.7,-1.65,0.1));
#9194 = VECTOR('',#9195,1.);
#9195 = DIRECTION('',(0.,0.,1.));
#9196 = PLANE('',#9197);
#9197 = AXIS2_PLACEMENT_3D('',#9198,#9199,#9200);
#9198 = CARTESIAN_POINT('',(1.7,3.,0.2));
#9199 = DIRECTION('',(1.,0.,0.));
#9200 = DIRECTION('',(0.,-1.,0.));
#9201 = ADVANCED_FACE('',(#9202),#9270,.T.);
#9202 = FACE_BOUND('',#9203,.T.);
#9203 = EDGE_LOOP('',(#9204,#9214,#9220,#9221,#9222,#9223,#9231,#9239,
    #9247,#9256,#9264));
#9204 = ORIENTED_EDGE('',*,*,#9205,.F.);
#9205 = EDGE_CURVE('',#9206,#9208,#9210,.T.);
#9206 = VERTEX_POINT('',#9207);
#9207 = CARTESIAN_POINT('',(1.6,-1.65,4.440892098501E-16));
#9208 = VERTEX_POINT('',#9209);
#9209 = CARTESIAN_POINT('',(3.4,-1.65,4.440892098501E-16));
#9210 = LINE('',#9211,#9212);
#9211 = CARTESIAN_POINT('',(1.6,-1.65,4.440892098501E-16));
#9212 = VECTOR('',#9213,1.);
#9213 = DIRECTION('',(1.,0.,0.));
#9214 = ORIENTED_EDGE('',*,*,#9215,.T.);
#9215 = EDGE_CURVE('',#9206,#7032,#9216,.T.);
#9216 = LINE('',#9217,#9218);
#9217 = CARTESIAN_POINT('',(1.6,-1.65,4.440892098501E-16));
#9218 = VECTOR('',#9219,1.);
#9219 = DIRECTION('',(0.,0.,1.));
#9220 = ORIENTED_EDGE('',*,*,#7039,.F.);
#9221 = ORIENTED_EDGE('',*,*,#9191,.T.);
#9222 = ORIENTED_EDGE('',*,*,#7503,.T.);
#9223 = ORIENTED_EDGE('',*,*,#9224,.T.);
#9224 = EDGE_CURVE('',#7496,#9225,#9227,.T.);
#9225 = VERTEX_POINT('',#9226);
#9226 = CARTESIAN_POINT('',(1.6,-1.65,1.8));
#9227 = LINE('',#9228,#9229);
#9228 = CARTESIAN_POINT('',(1.6,-1.65,4.440892098501E-16));
#9229 = VECTOR('',#9230,1.);
#9230 = DIRECTION('',(0.,0.,1.));
#9231 = ORIENTED_EDGE('',*,*,#9232,.T.);
#9232 = EDGE_CURVE('',#9225,#9233,#9235,.T.);
#9233 = VERTEX_POINT('',#9234);
#9234 = CARTESIAN_POINT('',(2.7,-1.65,1.8));
#9235 = LINE('',#9236,#9237);
#9236 = CARTESIAN_POINT('',(1.6,-1.65,1.8));
#9237 = VECTOR('',#9238,1.);
#9238 = DIRECTION('',(1.,0.,0.));
#9239 = ORIENTED_EDGE('',*,*,#9240,.T.);
#9240 = EDGE_CURVE('',#9233,#9241,#9243,.T.);
#9241 = VERTEX_POINT('',#9242);
#9242 = CARTESIAN_POINT('',(2.7,-1.65,0.5));
#9243 = LINE('',#9244,#9245);
#9244 = CARTESIAN_POINT('',(2.7,-1.65,0.25));
#9245 = VECTOR('',#9246,1.);
#9246 = DIRECTION('',(0.,0.,-1.));
#9247 = ORIENTED_EDGE('',*,*,#9248,.T.);
#9248 = EDGE_CURVE('',#9241,#9249,#9251,.T.);
#9249 = VERTEX_POINT('',#9250);
#9250 = CARTESIAN_POINT('',(2.9,-1.65,0.3));
#9251 = CIRCLE('',#9252,0.2);
#9252 = AXIS2_PLACEMENT_3D('',#9253,#9254,#9255);
#9253 = CARTESIAN_POINT('',(2.9,-1.65,0.5));
#9254 = DIRECTION('',(0.,-1.,-2.22044604925E-16));
#9255 = DIRECTION('',(1.,0.,0.));
#9256 = ORIENTED_EDGE('',*,*,#9257,.T.);
#9257 = EDGE_CURVE('',#9249,#9258,#9260,.T.);
#9258 = VERTEX_POINT('',#9259);
#9259 = CARTESIAN_POINT('',(3.4,-1.65,0.3));
#9260 = LINE('',#9261,#9262);
#9261 = CARTESIAN_POINT('',(3.05,-1.65,0.3));
#9262 = VECTOR('',#9263,1.);
#9263 = DIRECTION('',(1.,0.,0.));
#9264 = ORIENTED_EDGE('',*,*,#9265,.F.);
#9265 = EDGE_CURVE('',#9208,#9258,#9266,.T.);
#9266 = LINE('',#9267,#9268);
#9267 = CARTESIAN_POINT('',(3.4,-1.65,4.440892098501E-16));
#9268 = VECTOR('',#9269,1.);
#9269 = DIRECTION('',(0.,0.,1.));
#9270 = PLANE('',#9271);
#9271 = AXIS2_PLACEMENT_3D('',#9272,#9273,#9274);
#9272 = CARTESIAN_POINT('',(1.6,-1.65,4.440892098501E-16));
#9273 = DIRECTION('',(0.,1.,0.));
#9274 = DIRECTION('',(1.,0.,0.));
#9275 = ADVANCED_FACE('',(#9276),#9294,.T.);
#9276 = FACE_BOUND('',#9277,.T.);
#9277 = EDGE_LOOP('',(#9278,#9286,#9292,#9293));
#9278 = ORIENTED_EDGE('',*,*,#9279,.F.);
#9279 = EDGE_CURVE('',#9280,#9206,#9282,.T.);
#9280 = VERTEX_POINT('',#9281);
#9281 = CARTESIAN_POINT('',(1.6,-1.85,4.440892098501E-16));
#9282 = LINE('',#9283,#9284);
#9283 = CARTESIAN_POINT('',(1.6,-1.85,4.440892098501E-16));
#9284 = VECTOR('',#9285,1.);
#9285 = DIRECTION('',(0.,1.,0.));
#9286 = ORIENTED_EDGE('',*,*,#9287,.T.);
#9287 = EDGE_CURVE('',#9280,#7024,#9288,.T.);
#9288 = LINE('',#9289,#9290);
#9289 = CARTESIAN_POINT('',(1.6,-1.85,4.440892098501E-16));
#9290 = VECTOR('',#9291,1.);
#9291 = DIRECTION('',(0.,0.,1.));
#9292 = ORIENTED_EDGE('',*,*,#7031,.F.);
#9293 = ORIENTED_EDGE('',*,*,#9215,.F.);
#9294 = PLANE('',#9295);
#9295 = AXIS2_PLACEMENT_3D('',#9296,#9297,#9298);
#9296 = CARTESIAN_POINT('',(1.6,-1.85,4.440892098501E-16));
#9297 = DIRECTION('',(-1.,0.,0.));
#9298 = DIRECTION('',(0.,1.,0.));
#9299 = ADVANCED_FACE('',(#9300),#9366,.T.);
#9300 = FACE_BOUND('',#9301,.T.);
#9301 = EDGE_LOOP('',(#9302,#9310,#9318,#9326,#9335,#9343,#9351,#9357,
    #9358,#9364,#9365));
#9302 = ORIENTED_EDGE('',*,*,#9303,.F.);
#9303 = EDGE_CURVE('',#9304,#9280,#9306,.T.);
#9304 = VERTEX_POINT('',#9305);
#9305 = CARTESIAN_POINT('',(3.4,-1.85,4.440892098501E-16));
#9306 = LINE('',#9307,#9308);
#9307 = CARTESIAN_POINT('',(3.4,-1.85,4.440892098501E-16));
#9308 = VECTOR('',#9309,1.);
#9309 = DIRECTION('',(-1.,0.,0.));
#9310 = ORIENTED_EDGE('',*,*,#9311,.T.);
#9311 = EDGE_CURVE('',#9304,#9312,#9314,.T.);
#9312 = VERTEX_POINT('',#9313);
#9313 = CARTESIAN_POINT('',(3.4,-1.85,0.3));
#9314 = LINE('',#9315,#9316);
#9315 = CARTESIAN_POINT('',(3.4,-1.85,4.440892098501E-16));
#9316 = VECTOR('',#9317,1.);
#9317 = DIRECTION('',(0.,0.,1.));
#9318 = ORIENTED_EDGE('',*,*,#9319,.T.);
#9319 = EDGE_CURVE('',#9312,#9320,#9322,.T.);
#9320 = VERTEX_POINT('',#9321);
#9321 = CARTESIAN_POINT('',(2.9,-1.85,0.3));
#9322 = LINE('',#9323,#9324);
#9323 = CARTESIAN_POINT('',(3.95,-1.85,0.3));
#9324 = VECTOR('',#9325,1.);
#9325 = DIRECTION('',(-1.,0.,0.));
#9326 = ORIENTED_EDGE('',*,*,#9327,.F.);
#9327 = EDGE_CURVE('',#9328,#9320,#9330,.T.);
#9328 = VERTEX_POINT('',#9329);
#9329 = CARTESIAN_POINT('',(2.7,-1.85,0.5));
#9330 = CIRCLE('',#9331,0.2);
#9331 = AXIS2_PLACEMENT_3D('',#9332,#9333,#9334);
#9332 = CARTESIAN_POINT('',(2.9,-1.85,0.5));
#9333 = DIRECTION('',(0.,-1.,-2.22044604925E-16));
#9334 = DIRECTION('',(1.,0.,0.));
#9335 = ORIENTED_EDGE('',*,*,#9336,.T.);
#9336 = EDGE_CURVE('',#9328,#9337,#9339,.T.);
#9337 = VERTEX_POINT('',#9338);
#9338 = CARTESIAN_POINT('',(2.7,-1.85,1.8));
#9339 = LINE('',#9340,#9341);
#9340 = CARTESIAN_POINT('',(2.7,-1.85,0.25));
#9341 = VECTOR('',#9342,1.);
#9342 = DIRECTION('',(0.,0.,1.));
#9343 = ORIENTED_EDGE('',*,*,#9344,.T.);
#9344 = EDGE_CURVE('',#9337,#9345,#9347,.T.);
#9345 = VERTEX_POINT('',#9346);
#9346 = CARTESIAN_POINT('',(1.6,-1.85,1.8));
#9347 = LINE('',#9348,#9349);
#9348 = CARTESIAN_POINT('',(3.4,-1.85,1.8));
#9349 = VECTOR('',#9350,1.);
#9350 = DIRECTION('',(-1.,0.,0.));
#9351 = ORIENTED_EDGE('',*,*,#9352,.F.);
#9352 = EDGE_CURVE('',#7488,#9345,#9353,.T.);
#9353 = LINE('',#9354,#9355);
#9354 = CARTESIAN_POINT('',(1.6,-1.85,4.440892098501E-16));
#9355 = VECTOR('',#9356,1.);
#9356 = DIRECTION('',(0.,0.,1.));
#9357 = ORIENTED_EDGE('',*,*,#7487,.T.);
#9358 = ORIENTED_EDGE('',*,*,#9359,.T.);
#9359 = EDGE_CURVE('',#7480,#7016,#9360,.T.);
#9360 = LINE('',#9361,#9362);
#9361 = CARTESIAN_POINT('',(1.7,-1.85,0.1));
#9362 = VECTOR('',#9363,1.);
#9363 = DIRECTION('',(0.,0.,-1.));
#9364 = ORIENTED_EDGE('',*,*,#7023,.F.);
#9365 = ORIENTED_EDGE('',*,*,#9287,.F.);
#9366 = PLANE('',#9367);
#9367 = AXIS2_PLACEMENT_3D('',#9368,#9369,#9370);
#9368 = CARTESIAN_POINT('',(3.4,-1.85,4.440892098501E-16));
#9369 = DIRECTION('',(0.,-1.,0.));
#9370 = DIRECTION('',(-1.,0.,0.));
#9371 = ADVANCED_FACE('',(#9372),#9383,.T.);
#9372 = FACE_BOUND('',#9373,.T.);
#9373 = EDGE_LOOP('',(#9374,#9375,#9376,#9377));
#9374 = ORIENTED_EDGE('',*,*,#7015,.F.);
#9375 = ORIENTED_EDGE('',*,*,#9359,.F.);
#9376 = ORIENTED_EDGE('',*,*,#7479,.T.);
#9377 = ORIENTED_EDGE('',*,*,#9378,.F.);
#9378 = EDGE_CURVE('',#7008,#7472,#9379,.T.);
#9379 = LINE('',#9380,#9381);
#9380 = CARTESIAN_POINT('',(1.7,-2.15,0.1));
#9381 = VECTOR('',#9382,1.);
#9382 = DIRECTION('',(0.,0.,1.));
#9383 = PLANE('',#9384);
#9384 = AXIS2_PLACEMENT_3D('',#9385,#9386,#9387);
#9385 = CARTESIAN_POINT('',(1.7,3.,0.2));
#9386 = DIRECTION('',(1.,0.,0.));
#9387 = DIRECTION('',(0.,-1.,0.));
#9388 = ADVANCED_FACE('',(#9389),#9457,.T.);
#9389 = FACE_BOUND('',#9390,.T.);
#9390 = EDGE_LOOP('',(#9391,#9401,#9407,#9408,#9409,#9410,#9418,#9426,
    #9434,#9443,#9451));
#9391 = ORIENTED_EDGE('',*,*,#9392,.F.);
#9392 = EDGE_CURVE('',#9393,#9395,#9397,.T.);
#9393 = VERTEX_POINT('',#9394);
#9394 = CARTESIAN_POINT('',(1.6,-2.15,4.996003610813E-16));
#9395 = VERTEX_POINT('',#9396);
#9396 = CARTESIAN_POINT('',(3.4,-2.15,4.996003610813E-16));
#9397 = LINE('',#9398,#9399);
#9398 = CARTESIAN_POINT('',(1.6,-2.15,4.996003610813E-16));
#9399 = VECTOR('',#9400,1.);
#9400 = DIRECTION('',(1.,0.,0.));
#9401 = ORIENTED_EDGE('',*,*,#9402,.T.);
#9402 = EDGE_CURVE('',#9393,#7000,#9403,.T.);
#9403 = LINE('',#9404,#9405);
#9404 = CARTESIAN_POINT('',(1.6,-2.15,4.996003610813E-16));
#9405 = VECTOR('',#9406,1.);
#9406 = DIRECTION('',(0.,0.,1.));
#9407 = ORIENTED_EDGE('',*,*,#7007,.F.);
#9408 = ORIENTED_EDGE('',*,*,#9378,.T.);
#9409 = ORIENTED_EDGE('',*,*,#7471,.T.);
#9410 = ORIENTED_EDGE('',*,*,#9411,.T.);
#9411 = EDGE_CURVE('',#7464,#9412,#9414,.T.);
#9412 = VERTEX_POINT('',#9413);
#9413 = CARTESIAN_POINT('',(1.6,-2.15,1.8));
#9414 = LINE('',#9415,#9416);
#9415 = CARTESIAN_POINT('',(1.6,-2.15,4.996003610813E-16));
#9416 = VECTOR('',#9417,1.);
#9417 = DIRECTION('',(0.,0.,1.));
#9418 = ORIENTED_EDGE('',*,*,#9419,.T.);
#9419 = EDGE_CURVE('',#9412,#9420,#9422,.T.);
#9420 = VERTEX_POINT('',#9421);
#9421 = CARTESIAN_POINT('',(2.7,-2.15,1.8));
#9422 = LINE('',#9423,#9424);
#9423 = CARTESIAN_POINT('',(1.6,-2.15,1.8));
#9424 = VECTOR('',#9425,1.);
#9425 = DIRECTION('',(1.,0.,0.));
#9426 = ORIENTED_EDGE('',*,*,#9427,.T.);
#9427 = EDGE_CURVE('',#9420,#9428,#9430,.T.);
#9428 = VERTEX_POINT('',#9429);
#9429 = CARTESIAN_POINT('',(2.7,-2.15,0.5));
#9430 = LINE('',#9431,#9432);
#9431 = CARTESIAN_POINT('',(2.7,-2.15,0.25));
#9432 = VECTOR('',#9433,1.);
#9433 = DIRECTION('',(0.,0.,-1.));
#9434 = ORIENTED_EDGE('',*,*,#9435,.T.);
#9435 = EDGE_CURVE('',#9428,#9436,#9438,.T.);
#9436 = VERTEX_POINT('',#9437);
#9437 = CARTESIAN_POINT('',(2.9,-2.15,0.3));
#9438 = CIRCLE('',#9439,0.2);
#9439 = AXIS2_PLACEMENT_3D('',#9440,#9441,#9442);
#9440 = CARTESIAN_POINT('',(2.9,-2.15,0.5));
#9441 = DIRECTION('',(0.,-1.,-2.22044604925E-16));
#9442 = DIRECTION('',(1.,0.,0.));
#9443 = ORIENTED_EDGE('',*,*,#9444,.T.);
#9444 = EDGE_CURVE('',#9436,#9445,#9447,.T.);
#9445 = VERTEX_POINT('',#9446);
#9446 = CARTESIAN_POINT('',(3.4,-2.15,0.3));
#9447 = LINE('',#9448,#9449);
#9448 = CARTESIAN_POINT('',(3.05,-2.15,0.3));
#9449 = VECTOR('',#9450,1.);
#9450 = DIRECTION('',(1.,0.,0.));
#9451 = ORIENTED_EDGE('',*,*,#9452,.F.);
#9452 = EDGE_CURVE('',#9395,#9445,#9453,.T.);
#9453 = LINE('',#9454,#9455);
#9454 = CARTESIAN_POINT('',(3.4,-2.15,4.996003610813E-16));
#9455 = VECTOR('',#9456,1.);
#9456 = DIRECTION('',(0.,0.,1.));
#9457 = PLANE('',#9458);
#9458 = AXIS2_PLACEMENT_3D('',#9459,#9460,#9461);
#9459 = CARTESIAN_POINT('',(1.6,-2.15,4.996003610813E-16));
#9460 = DIRECTION('',(0.,1.,0.));
#9461 = DIRECTION('',(1.,0.,0.));
#9462 = ADVANCED_FACE('',(#9463),#9481,.T.);
#9463 = FACE_BOUND('',#9464,.T.);
#9464 = EDGE_LOOP('',(#9465,#9473,#9479,#9480));
#9465 = ORIENTED_EDGE('',*,*,#9466,.F.);
#9466 = EDGE_CURVE('',#9467,#9393,#9469,.T.);
#9467 = VERTEX_POINT('',#9468);
#9468 = CARTESIAN_POINT('',(1.6,-2.35,4.996003610813E-16));
#9469 = LINE('',#9470,#9471);
#9470 = CARTESIAN_POINT('',(1.6,-2.35,4.996003610813E-16));
#9471 = VECTOR('',#9472,1.);
#9472 = DIRECTION('',(0.,1.,0.));
#9473 = ORIENTED_EDGE('',*,*,#9474,.T.);
#9474 = EDGE_CURVE('',#9467,#6992,#9475,.T.);
#9475 = LINE('',#9476,#9477);
#9476 = CARTESIAN_POINT('',(1.6,-2.35,4.996003610813E-16));
#9477 = VECTOR('',#9478,1.);
#9478 = DIRECTION('',(0.,0.,1.));
#9479 = ORIENTED_EDGE('',*,*,#6999,.F.);
#9480 = ORIENTED_EDGE('',*,*,#9402,.F.);
#9481 = PLANE('',#9482);
#9482 = AXIS2_PLACEMENT_3D('',#9483,#9484,#9485);
#9483 = CARTESIAN_POINT('',(1.6,-2.35,4.996003610813E-16));
#9484 = DIRECTION('',(-1.,0.,0.));
#9485 = DIRECTION('',(0.,1.,0.));
#9486 = ADVANCED_FACE('',(#9487),#9553,.T.);
#9487 = FACE_BOUND('',#9488,.T.);
#9488 = EDGE_LOOP('',(#9489,#9497,#9505,#9513,#9522,#9530,#9538,#9544,
    #9545,#9551,#9552));
#9489 = ORIENTED_EDGE('',*,*,#9490,.F.);
#9490 = EDGE_CURVE('',#9491,#9467,#9493,.T.);
#9491 = VERTEX_POINT('',#9492);
#9492 = CARTESIAN_POINT('',(3.4,-2.35,4.996003610813E-16));
#9493 = LINE('',#9494,#9495);
#9494 = CARTESIAN_POINT('',(3.4,-2.35,4.996003610813E-16));
#9495 = VECTOR('',#9496,1.);
#9496 = DIRECTION('',(-1.,0.,0.));
#9497 = ORIENTED_EDGE('',*,*,#9498,.T.);
#9498 = EDGE_CURVE('',#9491,#9499,#9501,.T.);
#9499 = VERTEX_POINT('',#9500);
#9500 = CARTESIAN_POINT('',(3.4,-2.35,0.3));
#9501 = LINE('',#9502,#9503);
#9502 = CARTESIAN_POINT('',(3.4,-2.35,4.996003610813E-16));
#9503 = VECTOR('',#9504,1.);
#9504 = DIRECTION('',(0.,0.,1.));
#9505 = ORIENTED_EDGE('',*,*,#9506,.T.);
#9506 = EDGE_CURVE('',#9499,#9507,#9509,.T.);
#9507 = VERTEX_POINT('',#9508);
#9508 = CARTESIAN_POINT('',(2.9,-2.35,0.3));
#9509 = LINE('',#9510,#9511);
#9510 = CARTESIAN_POINT('',(3.95,-2.35,0.3));
#9511 = VECTOR('',#9512,1.);
#9512 = DIRECTION('',(-1.,0.,0.));
#9513 = ORIENTED_EDGE('',*,*,#9514,.F.);
#9514 = EDGE_CURVE('',#9515,#9507,#9517,.T.);
#9515 = VERTEX_POINT('',#9516);
#9516 = CARTESIAN_POINT('',(2.7,-2.35,0.5));
#9517 = CIRCLE('',#9518,0.2);
#9518 = AXIS2_PLACEMENT_3D('',#9519,#9520,#9521);
#9519 = CARTESIAN_POINT('',(2.9,-2.35,0.5));
#9520 = DIRECTION('',(0.,-1.,-2.22044604925E-16));
#9521 = DIRECTION('',(1.,0.,0.));
#9522 = ORIENTED_EDGE('',*,*,#9523,.T.);
#9523 = EDGE_CURVE('',#9515,#9524,#9526,.T.);
#9524 = VERTEX_POINT('',#9525);
#9525 = CARTESIAN_POINT('',(2.7,-2.35,1.8));
#9526 = LINE('',#9527,#9528);
#9527 = CARTESIAN_POINT('',(2.7,-2.35,0.25));
#9528 = VECTOR('',#9529,1.);
#9529 = DIRECTION('',(0.,0.,1.));
#9530 = ORIENTED_EDGE('',*,*,#9531,.T.);
#9531 = EDGE_CURVE('',#9524,#9532,#9534,.T.);
#9532 = VERTEX_POINT('',#9533);
#9533 = CARTESIAN_POINT('',(1.6,-2.35,1.8));
#9534 = LINE('',#9535,#9536);
#9535 = CARTESIAN_POINT('',(3.4,-2.35,1.8));
#9536 = VECTOR('',#9537,1.);
#9537 = DIRECTION('',(-1.,0.,0.));
#9538 = ORIENTED_EDGE('',*,*,#9539,.F.);
#9539 = EDGE_CURVE('',#7456,#9532,#9540,.T.);
#9540 = LINE('',#9541,#9542);
#9541 = CARTESIAN_POINT('',(1.6,-2.35,4.996003610813E-16));
#9542 = VECTOR('',#9543,1.);
#9543 = DIRECTION('',(0.,0.,1.));
#9544 = ORIENTED_EDGE('',*,*,#7455,.T.);
#9545 = ORIENTED_EDGE('',*,*,#9546,.T.);
#9546 = EDGE_CURVE('',#7448,#6984,#9547,.T.);
#9547 = LINE('',#9548,#9549);
#9548 = CARTESIAN_POINT('',(1.7,-2.35,0.1));
#9549 = VECTOR('',#9550,1.);
#9550 = DIRECTION('',(0.,0.,-1.));
#9551 = ORIENTED_EDGE('',*,*,#6991,.F.);
#9552 = ORIENTED_EDGE('',*,*,#9474,.F.);
#9553 = PLANE('',#9554);
#9554 = AXIS2_PLACEMENT_3D('',#9555,#9556,#9557);
#9555 = CARTESIAN_POINT('',(3.4,-2.35,4.996003610813E-16));
#9556 = DIRECTION('',(0.,-1.,0.));
#9557 = DIRECTION('',(-1.,0.,0.));
#9558 = ADVANCED_FACE('',(#9559),#9570,.T.);
#9559 = FACE_BOUND('',#9560,.T.);
#9560 = EDGE_LOOP('',(#9561,#9562,#9563,#9564));
#9561 = ORIENTED_EDGE('',*,*,#6983,.F.);
#9562 = ORIENTED_EDGE('',*,*,#9546,.F.);
#9563 = ORIENTED_EDGE('',*,*,#7447,.T.);
#9564 = ORIENTED_EDGE('',*,*,#9565,.F.);
#9565 = EDGE_CURVE('',#6976,#7440,#9566,.T.);
#9566 = LINE('',#9567,#9568);
#9567 = CARTESIAN_POINT('',(1.7,-3.,0.2));
#9568 = VECTOR('',#9569,1.);
#9569 = DIRECTION('',(0.,0.,1.));
#9570 = PLANE('',#9571);
#9571 = AXIS2_PLACEMENT_3D('',#9572,#9573,#9574);
#9572 = CARTESIAN_POINT('',(1.7,3.,0.2));
#9573 = DIRECTION('',(1.,0.,0.));
#9574 = DIRECTION('',(0.,-1.,0.));
#9575 = ADVANCED_FACE('',(#9576),#9587,.T.);
#9576 = FACE_BOUND('',#9577,.T.);
#9577 = EDGE_LOOP('',(#9578,#9579,#9580,#9586));
#9578 = ORIENTED_EDGE('',*,*,#9565,.T.);
#9579 = ORIENTED_EDGE('',*,*,#7439,.T.);
#9580 = ORIENTED_EDGE('',*,*,#9581,.F.);
#9581 = EDGE_CURVE('',#6968,#7432,#9582,.T.);
#9582 = LINE('',#9583,#9584);
#9583 = CARTESIAN_POINT('',(0.6,-3.,0.2));
#9584 = VECTOR('',#9585,1.);
#9585 = DIRECTION('',(0.,0.,1.));
#9586 = ORIENTED_EDGE('',*,*,#6975,.F.);
#9587 = PLANE('',#9588);
#9588 = AXIS2_PLACEMENT_3D('',#9589,#9590,#9591);
#9589 = CARTESIAN_POINT('',(1.7,-3.,0.2));
#9590 = DIRECTION('',(0.,-1.,0.));
#9591 = DIRECTION('',(-1.,0.,0.));
#9592 = ADVANCED_FACE('',(#9593),#9604,.T.);
#9593 = FACE_BOUND('',#9594,.T.);
#9594 = EDGE_LOOP('',(#9595,#9596,#9597,#9598));
#9595 = ORIENTED_EDGE('',*,*,#6967,.F.);
#9596 = ORIENTED_EDGE('',*,*,#9581,.T.);
#9597 = ORIENTED_EDGE('',*,*,#7431,.T.);
#9598 = ORIENTED_EDGE('',*,*,#9599,.T.);
#9599 = EDGE_CURVE('',#7424,#6960,#9600,.T.);
#9600 = LINE('',#9601,#9602);
#9601 = CARTESIAN_POINT('',(0.6,-3.55,0.8));
#9602 = VECTOR('',#9603,1.);
#9603 = DIRECTION('',(2.22044604925E-16,-2.22044604925E-16,-1.));
#9604 = PLANE('',#9605);
#9605 = AXIS2_PLACEMENT_3D('',#9606,#9607,#9608);
#9606 = CARTESIAN_POINT('',(0.6,-3.,0.2));
#9607 = DIRECTION('',(1.,-1.883963071018E-13,0.));
#9608 = DIRECTION('',(-1.883963071018E-13,-1.,0.));
#9609 = ADVANCED_FACE('',(#9610),#9658,.F.);
#9610 = FACE_BOUND('',#9611,.F.);
#9611 = EDGE_LOOP('',(#9612,#9620,#9628,#9636,#9644,#9650,#9651,#9657));
#9612 = ORIENTED_EDGE('',*,*,#9613,.F.);
#9613 = EDGE_CURVE('',#9614,#7424,#9616,.T.);
#9614 = VERTEX_POINT('',#9615);
#9615 = CARTESIAN_POINT('',(0.6,-3.55,0.8));
#9616 = LINE('',#9617,#9618);
#9617 = CARTESIAN_POINT('',(0.6,-3.55,0.8));
#9618 = VECTOR('',#9619,1.);
#9619 = DIRECTION('',(2.22044604925E-16,-2.22044604925E-16,-1.));
#9620 = ORIENTED_EDGE('',*,*,#9621,.T.);
#9621 = EDGE_CURVE('',#9614,#9622,#9624,.T.);
#9622 = VERTEX_POINT('',#9623);
#9623 = CARTESIAN_POINT('',(-0.6,-3.55,0.8));
#9624 = LINE('',#9625,#9626);
#9625 = CARTESIAN_POINT('',(0.6,-3.55,0.8));
#9626 = VECTOR('',#9627,1.);
#9627 = DIRECTION('',(-1.,2.22044604925E-16,-2.775557561563E-16));
#9628 = ORIENTED_EDGE('',*,*,#9629,.T.);
#9629 = EDGE_CURVE('',#9622,#9630,#9632,.T.);
#9630 = VERTEX_POINT('',#9631);
#9631 = CARTESIAN_POINT('',(-0.6,-3.55,0.1));
#9632 = LINE('',#9633,#9634);
#9633 = CARTESIAN_POINT('',(-0.6,-3.55,0.8));
#9634 = VECTOR('',#9635,1.);
#9635 = DIRECTION('',(2.22044604925E-16,-2.22044604925E-16,-1.));
#9636 = ORIENTED_EDGE('',*,*,#9637,.F.);
#9637 = EDGE_CURVE('',#9638,#9630,#9640,.T.);
#9638 = VERTEX_POINT('',#9639);
#9639 = CARTESIAN_POINT('',(0.6,-3.55,0.1));
#9640 = LINE('',#9641,#9642);
#9641 = CARTESIAN_POINT('',(0.6,-3.55,0.1));
#9642 = VECTOR('',#9643,1.);
#9643 = DIRECTION('',(-1.,2.22044604925E-16,-2.775557561563E-16));
#9644 = ORIENTED_EDGE('',*,*,#9645,.F.);
#9645 = EDGE_CURVE('',#6960,#9638,#9646,.T.);
#9646 = LINE('',#9647,#9648);
#9647 = CARTESIAN_POINT('',(0.6,-3.55,0.8));
#9648 = VECTOR('',#9649,1.);
#9649 = DIRECTION('',(2.22044604925E-16,-2.22044604925E-16,-1.));
#9650 = ORIENTED_EDGE('',*,*,#6959,.F.);
#9651 = ORIENTED_EDGE('',*,*,#9652,.T.);
#9652 = EDGE_CURVE('',#6952,#7416,#9653,.T.);
#9653 = LINE('',#9654,#9655);
#9654 = CARTESIAN_POINT('',(0.3,-3.55,0.5));
#9655 = VECTOR('',#9656,1.);
#9656 = DIRECTION('',(0.,2.22044604925E-16,1.));
#9657 = ORIENTED_EDGE('',*,*,#7423,.T.);
#9658 = PLANE('',#9659);
#9659 = AXIS2_PLACEMENT_3D('',#9660,#9661,#9662);
#9660 = CARTESIAN_POINT('',(0.6,-3.55,0.8));
#9661 = DIRECTION('',(-2.22044604925E-16,-1.,2.22044604925E-16));
#9662 = DIRECTION('',(2.22044604925E-16,-2.22044604925E-16,-1.));
#9663 = ADVANCED_FACE('',(#9664),#9675,.T.);
#9664 = FACE_BOUND('',#9665,.T.);
#9665 = EDGE_LOOP('',(#9666,#9667,#9668,#9669));
#9666 = ORIENTED_EDGE('',*,*,#6951,.F.);
#9667 = ORIENTED_EDGE('',*,*,#9652,.T.);
#9668 = ORIENTED_EDGE('',*,*,#7415,.T.);
#9669 = ORIENTED_EDGE('',*,*,#9670,.F.);
#9670 = EDGE_CURVE('',#6944,#7408,#9671,.T.);
#9671 = LINE('',#9672,#9673);
#9672 = CARTESIAN_POINT('',(0.3,3.55,0.5));
#9673 = VECTOR('',#9674,1.);
#9674 = DIRECTION('',(0.,-6.661338147751E-16,1.));
#9675 = PLANE('',#9676);
#9676 = AXIS2_PLACEMENT_3D('',#9677,#9678,#9679);
#9677 = CARTESIAN_POINT('',(0.3,-3.65,0.2));
#9678 = DIRECTION('',(-1.,0.,0.));
#9679 = DIRECTION('',(0.,1.,0.));
#9680 = ADVANCED_FACE('',(#9681),#9724,.F.);
#9681 = FACE_BOUND('',#9682,.T.);
#9682 = EDGE_LOOP('',(#9683,#9691,#9699,#9707,#9715,#9721,#9722,#9723));
#9683 = ORIENTED_EDGE('',*,*,#9684,.F.);
#9684 = EDGE_CURVE('',#9685,#7400,#9687,.T.);
#9685 = VERTEX_POINT('',#9686);
#9686 = CARTESIAN_POINT('',(0.6,3.55,0.8));
#9687 = LINE('',#9688,#9689);
#9688 = CARTESIAN_POINT('',(0.6,3.55,0.8));
#9689 = VECTOR('',#9690,1.);
#9690 = DIRECTION('',(2.22044604925E-16,6.661338147751E-16,-1.));
#9691 = ORIENTED_EDGE('',*,*,#9692,.T.);
#9692 = EDGE_CURVE('',#9685,#9693,#9695,.T.);
#9693 = VERTEX_POINT('',#9694);
#9694 = CARTESIAN_POINT('',(-0.6,3.55,0.8));
#9695 = LINE('',#9696,#9697);
#9696 = CARTESIAN_POINT('',(0.6,3.55,0.8));
#9697 = VECTOR('',#9698,1.);
#9698 = DIRECTION('',(-1.,-2.22044604925E-16,-2.775557561563E-16));
#9699 = ORIENTED_EDGE('',*,*,#9700,.T.);
#9700 = EDGE_CURVE('',#9693,#9701,#9703,.T.);
#9701 = VERTEX_POINT('',#9702);
#9702 = CARTESIAN_POINT('',(-0.6,3.55,0.1));
#9703 = LINE('',#9704,#9705);
#9704 = CARTESIAN_POINT('',(-0.6,3.55,0.8));
#9705 = VECTOR('',#9706,1.);
#9706 = DIRECTION('',(2.22044604925E-16,6.661338147751E-16,-1.));
#9707 = ORIENTED_EDGE('',*,*,#9708,.F.);
#9708 = EDGE_CURVE('',#9709,#9701,#9711,.T.);
#9709 = VERTEX_POINT('',#9710);
#9710 = CARTESIAN_POINT('',(0.6,3.55,0.1));
#9711 = LINE('',#9712,#9713);
#9712 = CARTESIAN_POINT('',(0.6,3.55,0.1));
#9713 = VECTOR('',#9714,1.);
#9714 = DIRECTION('',(-1.,-2.22044604925E-16,-2.775557561563E-16));
#9715 = ORIENTED_EDGE('',*,*,#9716,.F.);
#9716 = EDGE_CURVE('',#6936,#9709,#9717,.T.);
#9717 = LINE('',#9718,#9719);
#9718 = CARTESIAN_POINT('',(0.6,3.55,0.8));
#9719 = VECTOR('',#9720,1.);
#9720 = DIRECTION('',(2.22044604925E-16,6.661338147751E-16,-1.));
#9721 = ORIENTED_EDGE('',*,*,#6943,.F.);
#9722 = ORIENTED_EDGE('',*,*,#9670,.T.);
#9723 = ORIENTED_EDGE('',*,*,#7407,.T.);
#9724 = PLANE('',#9725);
#9725 = AXIS2_PLACEMENT_3D('',#9726,#9727,#9728);
#9726 = CARTESIAN_POINT('',(0.6,3.55,0.8));
#9727 = DIRECTION('',(-2.22044604925E-16,1.,6.661338147751E-16));
#9728 = DIRECTION('',(-2.22044604925E-16,-6.661338147751E-16,1.));
#9729 = ADVANCED_FACE('',(#9730),#9741,.T.);
#9730 = FACE_BOUND('',#9731,.T.);
#9731 = EDGE_LOOP('',(#9732,#9733,#9739,#9740));
#9732 = ORIENTED_EDGE('',*,*,#6935,.F.);
#9733 = ORIENTED_EDGE('',*,*,#9734,.F.);
#9734 = EDGE_CURVE('',#7400,#6936,#9735,.T.);
#9735 = LINE('',#9736,#9737);
#9736 = CARTESIAN_POINT('',(0.6,3.55,0.8));
#9737 = VECTOR('',#9738,1.);
#9738 = DIRECTION('',(2.22044604925E-16,6.661338147751E-16,-1.));
#9739 = ORIENTED_EDGE('',*,*,#7399,.T.);
#9740 = ORIENTED_EDGE('',*,*,#7766,.F.);
#9741 = PLANE('',#9742);
#9742 = AXIS2_PLACEMENT_3D('',#9743,#9744,#9745);
#9743 = CARTESIAN_POINT('',(0.6,3.65,0.2));
#9744 = DIRECTION('',(1.,-1.880547000173E-13,0.));
#9745 = DIRECTION('',(-1.880547000173E-13,-1.,0.));
#9746 = ADVANCED_FACE('',(#9747),#9758,.F.);
#9747 = FACE_BOUND('',#9748,.T.);
#9748 = EDGE_LOOP('',(#9749,#9750,#9751,#9752));
#9749 = ORIENTED_EDGE('',*,*,#7807,.T.);
#9750 = ORIENTED_EDGE('',*,*,#7783,.T.);
#9751 = ORIENTED_EDGE('',*,*,#7309,.T.);
#9752 = ORIENTED_EDGE('',*,*,#9753,.T.);
#9753 = EDGE_CURVE('',#7312,#7808,#9754,.T.);
#9754 = LINE('',#9755,#9756);
#9755 = CARTESIAN_POINT('',(3.4,2.35,0.));
#9756 = VECTOR('',#9757,1.);
#9757 = DIRECTION('',(0.,-1.,0.));
#9758 = PLANE('',#9759);
#9759 = AXIS2_PLACEMENT_3D('',#9760,#9761,#9762);
#9760 = CARTESIAN_POINT('',(2.5,2.25,0.));
#9761 = DIRECTION('',(0.,0.,1.));
#9762 = DIRECTION('',(1.,0.,-0.));
#9763 = ADVANCED_FACE('',(#9764),#9775,.T.);
#9764 = FACE_BOUND('',#9765,.T.);
#9765 = EDGE_LOOP('',(#9766,#9767,#9768,#9774));
#9766 = ORIENTED_EDGE('',*,*,#9753,.F.);
#9767 = ORIENTED_EDGE('',*,*,#7376,.T.);
#9768 = ORIENTED_EDGE('',*,*,#9769,.T.);
#9769 = EDGE_CURVE('',#7369,#7816,#9770,.T.);
#9770 = LINE('',#9771,#9772);
#9771 = CARTESIAN_POINT('',(3.4,-3.890630809682,0.3));
#9772 = VECTOR('',#9773,1.);
#9773 = DIRECTION('',(0.,-1.,-2.22044604925E-16));
#9774 = ORIENTED_EDGE('',*,*,#7815,.F.);
#9775 = PLANE('',#9776);
#9776 = AXIS2_PLACEMENT_3D('',#9777,#9778,#9779);
#9777 = CARTESIAN_POINT('',(3.4,2.35,0.));
#9778 = DIRECTION('',(1.,0.,0.));
#9779 = DIRECTION('',(0.,-1.,0.));
#9780 = ADVANCED_FACE('',(#9781),#9792,.T.);
#9781 = FACE_BOUND('',#9782,.T.);
#9782 = EDGE_LOOP('',(#9783,#9784,#9790,#9791));
#9783 = ORIENTED_EDGE('',*,*,#7368,.F.);
#9784 = ORIENTED_EDGE('',*,*,#9785,.F.);
#9785 = EDGE_CURVE('',#7824,#7360,#9786,.T.);
#9786 = LINE('',#9787,#9788);
#9787 = CARTESIAN_POINT('',(2.9,-10.13126161936,0.3));
#9788 = VECTOR('',#9789,1.);
#9789 = DIRECTION('',(0.,1.,2.22044604925E-16));
#9790 = ORIENTED_EDGE('',*,*,#7823,.F.);
#9791 = ORIENTED_EDGE('',*,*,#9769,.F.);
#9792 = PLANE('',#9793);
#9793 = AXIS2_PLACEMENT_3D('',#9794,#9795,#9796);
#9794 = CARTESIAN_POINT('',(4.5,-10.13126161936,0.3));
#9795 = DIRECTION('',(0.,-2.22044604925E-16,1.));
#9796 = DIRECTION('',(-1.,0.,0.));
#9797 = ADVANCED_FACE('',(#9798),#9809,.F.);
#9798 = FACE_BOUND('',#9799,.F.);
#9799 = EDGE_LOOP('',(#9800,#9801,#9807,#9808));
#9800 = ORIENTED_EDGE('',*,*,#7831,.F.);
#9801 = ORIENTED_EDGE('',*,*,#9802,.T.);
#9802 = EDGE_CURVE('',#7832,#7352,#9803,.T.);
#9803 = LINE('',#9804,#9805);
#9804 = CARTESIAN_POINT('',(2.7,-10.13126161936,0.5));
#9805 = VECTOR('',#9806,1.);
#9806 = DIRECTION('',(0.,1.,2.22044604925E-16));
#9807 = ORIENTED_EDGE('',*,*,#7359,.T.);
#9808 = ORIENTED_EDGE('',*,*,#9785,.F.);
#9809 = CYLINDRICAL_SURFACE('',#9810,0.2);
#9810 = AXIS2_PLACEMENT_3D('',#9811,#9812,#9813);
#9811 = CARTESIAN_POINT('',(2.9,-10.13126161936,0.5));
#9812 = DIRECTION('',(0.,-1.,-2.22044604925E-16));
#9813 = DIRECTION('',(1.,0.,0.));
#9814 = ADVANCED_FACE('',(#9815),#9826,.T.);
#9815 = FACE_BOUND('',#9816,.T.);
#9816 = EDGE_LOOP('',(#9817,#9818,#9819,#9825));
#9817 = ORIENTED_EDGE('',*,*,#9802,.T.);
#9818 = ORIENTED_EDGE('',*,*,#7351,.F.);
#9819 = ORIENTED_EDGE('',*,*,#9820,.F.);
#9820 = EDGE_CURVE('',#7841,#7344,#9821,.T.);
#9821 = LINE('',#9822,#9823);
#9822 = CARTESIAN_POINT('',(2.7,-3.940630809682,1.8));
#9823 = VECTOR('',#9824,1.);
#9824 = DIRECTION('',(0.,1.,0.));
#9825 = ORIENTED_EDGE('',*,*,#7840,.F.);
#9826 = PLANE('',#9827);
#9827 = AXIS2_PLACEMENT_3D('',#9828,#9829,#9830);
#9828 = CARTESIAN_POINT('',(2.7,-10.13126161936,0.5));
#9829 = DIRECTION('',(1.,0.,0.));
#9830 = DIRECTION('',(0.,-2.22044604925E-16,1.));
#9831 = ADVANCED_FACE('',(#9832),#9843,.T.);
#9832 = FACE_BOUND('',#9833,.T.);
#9833 = EDGE_LOOP('',(#9834,#9835,#9836,#9837));
#9834 = ORIENTED_EDGE('',*,*,#7848,.F.);
#9835 = ORIENTED_EDGE('',*,*,#9820,.T.);
#9836 = ORIENTED_EDGE('',*,*,#7343,.F.);
#9837 = ORIENTED_EDGE('',*,*,#9838,.F.);
#9838 = EDGE_CURVE('',#7849,#7336,#9839,.T.);
#9839 = LINE('',#9840,#9841);
#9840 = CARTESIAN_POINT('',(1.6,2.15,1.8));
#9841 = VECTOR('',#9842,1.);
#9842 = DIRECTION('',(0.,1.,0.));
#9843 = PLANE('',#9844);
#9844 = AXIS2_PLACEMENT_3D('',#9845,#9846,#9847);
#9845 = CARTESIAN_POINT('',(2.5,2.25,1.8));
#9846 = DIRECTION('',(0.,0.,1.));
#9847 = DIRECTION('',(1.,0.,-0.));
#9848 = ADVANCED_FACE('',(#9849),#9855,.T.);
#9849 = FACE_BOUND('',#9850,.T.);
#9850 = EDGE_LOOP('',(#9851,#9852,#9853,#9854));
#9851 = ORIENTED_EDGE('',*,*,#7751,.T.);
#9852 = ORIENTED_EDGE('',*,*,#7856,.T.);
#9853 = ORIENTED_EDGE('',*,*,#9838,.T.);
#9854 = ORIENTED_EDGE('',*,*,#7335,.F.);
#9855 = PLANE('',#9856);
#9856 = AXIS2_PLACEMENT_3D('',#9857,#9858,#9859);
#9857 = CARTESIAN_POINT('',(1.6,2.15,0.));
#9858 = DIRECTION('',(-1.,0.,0.));
#9859 = DIRECTION('',(0.,1.,0.));
#9860 = ADVANCED_FACE('',(#9861),#9872,.T.);
#9861 = FACE_BOUND('',#9862,.T.);
#9862 = EDGE_LOOP('',(#9863,#9864,#9865,#9871));
#9863 = ORIENTED_EDGE('',*,*,#7719,.T.);
#9864 = ORIENTED_EDGE('',*,*,#8043,.T.);
#9865 = ORIENTED_EDGE('',*,*,#9866,.T.);
#9866 = EDGE_CURVE('',#8036,#7916,#9867,.T.);
#9867 = LINE('',#9868,#9869);
#9868 = CARTESIAN_POINT('',(1.6,1.65,1.8));
#9869 = VECTOR('',#9870,1.);
#9870 = DIRECTION('',(0.,1.,0.));
#9871 = ORIENTED_EDGE('',*,*,#7915,.F.);
#9872 = PLANE('',#9873);
#9873 = AXIS2_PLACEMENT_3D('',#9874,#9875,#9876);
#9874 = CARTESIAN_POINT('',(1.6,1.65,5.551115123126E-17));
#9875 = DIRECTION('',(-1.,0.,0.));
#9876 = DIRECTION('',(0.,1.,0.));
#9877 = ADVANCED_FACE('',(#9878),#9889,.T.);
#9878 = FACE_BOUND('',#9879,.T.);
#9879 = EDGE_LOOP('',(#9880,#9881,#9882,#9888));
#9880 = ORIENTED_EDGE('',*,*,#7687,.T.);
#9881 = ORIENTED_EDGE('',*,*,#8230,.T.);
#9882 = ORIENTED_EDGE('',*,*,#9883,.T.);
#9883 = EDGE_CURVE('',#8223,#8103,#9884,.T.);
#9884 = LINE('',#9885,#9886);
#9885 = CARTESIAN_POINT('',(1.6,1.15,1.8));
#9886 = VECTOR('',#9887,1.);
#9887 = DIRECTION('',(0.,1.,0.));
#9888 = ORIENTED_EDGE('',*,*,#8102,.F.);
#9889 = PLANE('',#9890);
#9890 = AXIS2_PLACEMENT_3D('',#9891,#9892,#9893);
#9891 = CARTESIAN_POINT('',(1.6,1.15,1.110223024625E-16));
#9892 = DIRECTION('',(-1.,0.,0.));
#9893 = DIRECTION('',(0.,1.,0.));
#9894 = ADVANCED_FACE('',(#9895),#9906,.T.);
#9895 = FACE_BOUND('',#9896,.T.);
#9896 = EDGE_LOOP('',(#9897,#9898,#9899,#9905));
#9897 = ORIENTED_EDGE('',*,*,#7655,.T.);
#9898 = ORIENTED_EDGE('',*,*,#8417,.T.);
#9899 = ORIENTED_EDGE('',*,*,#9900,.T.);
#9900 = EDGE_CURVE('',#8410,#8290,#9901,.T.);
#9901 = LINE('',#9902,#9903);
#9902 = CARTESIAN_POINT('',(1.6,0.65,1.8));
#9903 = VECTOR('',#9904,1.);
#9904 = DIRECTION('',(0.,1.,0.));
#9905 = ORIENTED_EDGE('',*,*,#8289,.F.);
#9906 = PLANE('',#9907);
#9907 = AXIS2_PLACEMENT_3D('',#9908,#9909,#9910);
#9908 = CARTESIAN_POINT('',(1.6,0.65,1.665334536938E-16));
#9909 = DIRECTION('',(-1.,0.,0.));
#9910 = DIRECTION('',(0.,1.,0.));
#9911 = ADVANCED_FACE('',(#9912),#9923,.T.);
#9912 = FACE_BOUND('',#9913,.T.);
#9913 = EDGE_LOOP('',(#9914,#9915,#9916,#9922));
#9914 = ORIENTED_EDGE('',*,*,#7623,.T.);
#9915 = ORIENTED_EDGE('',*,*,#8604,.T.);
#9916 = ORIENTED_EDGE('',*,*,#9917,.T.);
#9917 = EDGE_CURVE('',#8597,#8477,#9918,.T.);
#9918 = LINE('',#9919,#9920);
#9919 = CARTESIAN_POINT('',(1.6,0.15,1.8));
#9920 = VECTOR('',#9921,1.);
#9921 = DIRECTION('',(0.,1.,0.));
#9922 = ORIENTED_EDGE('',*,*,#8476,.F.);
#9923 = PLANE('',#9924);
#9924 = AXIS2_PLACEMENT_3D('',#9925,#9926,#9927);
#9925 = CARTESIAN_POINT('',(1.6,0.15,2.22044604925E-16));
#9926 = DIRECTION('',(-1.,0.,0.));
#9927 = DIRECTION('',(0.,1.,0.));
#9928 = ADVANCED_FACE('',(#9929),#9940,.T.);
#9929 = FACE_BOUND('',#9930,.T.);
#9930 = EDGE_LOOP('',(#9931,#9932,#9933,#9939));
#9931 = ORIENTED_EDGE('',*,*,#7591,.T.);
#9932 = ORIENTED_EDGE('',*,*,#8791,.T.);
#9933 = ORIENTED_EDGE('',*,*,#9934,.T.);
#9934 = EDGE_CURVE('',#8784,#8664,#9935,.T.);
#9935 = LINE('',#9936,#9937);
#9936 = CARTESIAN_POINT('',(1.6,-0.35,1.8));
#9937 = VECTOR('',#9938,1.);
#9938 = DIRECTION('',(0.,1.,0.));
#9939 = ORIENTED_EDGE('',*,*,#8663,.F.);
#9940 = PLANE('',#9941);
#9941 = AXIS2_PLACEMENT_3D('',#9942,#9943,#9944);
#9942 = CARTESIAN_POINT('',(1.6,-0.35,2.775557561563E-16));
#9943 = DIRECTION('',(-1.,0.,0.));
#9944 = DIRECTION('',(0.,1.,0.));
#9945 = ADVANCED_FACE('',(#9946),#9957,.T.);
#9946 = FACE_BOUND('',#9947,.T.);
#9947 = EDGE_LOOP('',(#9948,#9949,#9950,#9956));
#9948 = ORIENTED_EDGE('',*,*,#7559,.T.);
#9949 = ORIENTED_EDGE('',*,*,#8978,.T.);
#9950 = ORIENTED_EDGE('',*,*,#9951,.T.);
#9951 = EDGE_CURVE('',#8971,#8851,#9952,.T.);
#9952 = LINE('',#9953,#9954);
#9953 = CARTESIAN_POINT('',(1.6,-0.85,1.8));
#9954 = VECTOR('',#9955,1.);
#9955 = DIRECTION('',(0.,1.,0.));
#9956 = ORIENTED_EDGE('',*,*,#8850,.F.);
#9957 = PLANE('',#9958);
#9958 = AXIS2_PLACEMENT_3D('',#9959,#9960,#9961);
#9959 = CARTESIAN_POINT('',(1.6,-0.85,3.330669073875E-16));
#9960 = DIRECTION('',(-1.,0.,0.));
#9961 = DIRECTION('',(0.,1.,0.));
#9962 = ADVANCED_FACE('',(#9963),#9974,.T.);
#9963 = FACE_BOUND('',#9964,.T.);
#9964 = EDGE_LOOP('',(#9965,#9966,#9967,#9973));
#9965 = ORIENTED_EDGE('',*,*,#7527,.T.);
#9966 = ORIENTED_EDGE('',*,*,#9165,.T.);
#9967 = ORIENTED_EDGE('',*,*,#9968,.T.);
#9968 = EDGE_CURVE('',#9158,#9038,#9969,.T.);
#9969 = LINE('',#9970,#9971);
#9970 = CARTESIAN_POINT('',(1.6,-1.35,1.8));
#9971 = VECTOR('',#9972,1.);
#9972 = DIRECTION('',(0.,1.,0.));
#9973 = ORIENTED_EDGE('',*,*,#9037,.F.);
#9974 = PLANE('',#9975);
#9975 = AXIS2_PLACEMENT_3D('',#9976,#9977,#9978);
#9976 = CARTESIAN_POINT('',(1.6,-1.35,3.885780586188E-16));
#9977 = DIRECTION('',(-1.,0.,0.));
#9978 = DIRECTION('',(0.,1.,0.));
#9979 = ADVANCED_FACE('',(#9980),#9991,.T.);
#9980 = FACE_BOUND('',#9981,.T.);
#9981 = EDGE_LOOP('',(#9982,#9983,#9984,#9990));
#9982 = ORIENTED_EDGE('',*,*,#7495,.T.);
#9983 = ORIENTED_EDGE('',*,*,#9352,.T.);
#9984 = ORIENTED_EDGE('',*,*,#9985,.T.);
#9985 = EDGE_CURVE('',#9345,#9225,#9986,.T.);
#9986 = LINE('',#9987,#9988);
#9987 = CARTESIAN_POINT('',(1.6,-1.85,1.8));
#9988 = VECTOR('',#9989,1.);
#9989 = DIRECTION('',(0.,1.,0.));
#9990 = ORIENTED_EDGE('',*,*,#9224,.F.);
#9991 = PLANE('',#9992);
#9992 = AXIS2_PLACEMENT_3D('',#9993,#9994,#9995);
#9993 = CARTESIAN_POINT('',(1.6,-1.85,4.440892098501E-16));
#9994 = DIRECTION('',(-1.,0.,0.));
#9995 = DIRECTION('',(0.,1.,0.));
#9996 = ADVANCED_FACE('',(#9997),#10008,.T.);
#9997 = FACE_BOUND('',#9998,.T.);
#9998 = EDGE_LOOP('',(#9999,#10000,#10001,#10007));
#9999 = ORIENTED_EDGE('',*,*,#7463,.T.);
#10000 = ORIENTED_EDGE('',*,*,#9539,.T.);
#10001 = ORIENTED_EDGE('',*,*,#10002,.T.);
#10002 = EDGE_CURVE('',#9532,#9412,#10003,.T.);
#10003 = LINE('',#10004,#10005);
#10004 = CARTESIAN_POINT('',(1.6,-2.35,1.8));
#10005 = VECTOR('',#10006,1.);
#10006 = DIRECTION('',(0.,1.,0.));
#10007 = ORIENTED_EDGE('',*,*,#9411,.F.);
#10008 = PLANE('',#10009);
#10009 = AXIS2_PLACEMENT_3D('',#10010,#10011,#10012);
#10010 = CARTESIAN_POINT('',(1.6,-2.35,4.996003610813E-16));
#10011 = DIRECTION('',(-1.,0.,0.));
#10012 = DIRECTION('',(0.,1.,0.));
#10013 = ADVANCED_FACE('',(#10014),#10025,.F.);
#10014 = FACE_BOUND('',#10015,.T.);
#10015 = EDGE_LOOP('',(#10016,#10017,#10018,#10019));
#10016 = ORIENTED_EDGE('',*,*,#7994,.T.);
#10017 = ORIENTED_EDGE('',*,*,#7970,.T.);
#10018 = ORIENTED_EDGE('',*,*,#7896,.T.);
#10019 = ORIENTED_EDGE('',*,*,#10020,.T.);
#10020 = EDGE_CURVE('',#7899,#7995,#10021,.T.);
#10021 = LINE('',#10022,#10023);
#10022 = CARTESIAN_POINT('',(3.4,1.85,5.551115123126E-17));
#10023 = VECTOR('',#10024,1.);
#10024 = DIRECTION('',(0.,-1.,0.));
#10025 = PLANE('',#10026);
#10026 = AXIS2_PLACEMENT_3D('',#10027,#10028,#10029);
#10027 = CARTESIAN_POINT('',(2.5,1.75,5.551115123126E-17));
#10028 = DIRECTION('',(0.,0.,1.));
#10029 = DIRECTION('',(1.,0.,-0.));
#10030 = ADVANCED_FACE('',(#10031),#10042,.T.);
#10031 = FACE_BOUND('',#10032,.T.);
#10032 = EDGE_LOOP('',(#10033,#10034,#10035,#10041));
#10033 = ORIENTED_EDGE('',*,*,#10020,.F.);
#10034 = ORIENTED_EDGE('',*,*,#7956,.T.);
#10035 = ORIENTED_EDGE('',*,*,#10036,.T.);
#10036 = EDGE_CURVE('',#7949,#8003,#10037,.T.);
#10037 = LINE('',#10038,#10039);
#10038 = CARTESIAN_POINT('',(3.4,-4.140630809682,0.3));
#10039 = VECTOR('',#10040,1.);
#10040 = DIRECTION('',(0.,-1.,-2.22044604925E-16));
#10041 = ORIENTED_EDGE('',*,*,#8002,.F.);
#10042 = PLANE('',#10043);
#10043 = AXIS2_PLACEMENT_3D('',#10044,#10045,#10046);
#10044 = CARTESIAN_POINT('',(3.4,1.85,5.551115123126E-17));
#10045 = DIRECTION('',(1.,0.,0.));
#10046 = DIRECTION('',(0.,-1.,0.));
#10047 = ADVANCED_FACE('',(#10048),#10059,.T.);
#10048 = FACE_BOUND('',#10049,.T.);
#10049 = EDGE_LOOP('',(#10050,#10051,#10057,#10058));
#10050 = ORIENTED_EDGE('',*,*,#7948,.F.);
#10051 = ORIENTED_EDGE('',*,*,#10052,.F.);
#10052 = EDGE_CURVE('',#8011,#7940,#10053,.T.);
#10053 = LINE('',#10054,#10055);
#10054 = CARTESIAN_POINT('',(2.9,-10.13126161936,0.3));
#10055 = VECTOR('',#10056,1.);
#10056 = DIRECTION('',(0.,1.,2.22044604925E-16));
#10057 = ORIENTED_EDGE('',*,*,#8010,.F.);
#10058 = ORIENTED_EDGE('',*,*,#10036,.F.);
#10059 = PLANE('',#10060);
#10060 = AXIS2_PLACEMENT_3D('',#10061,#10062,#10063);
#10061 = CARTESIAN_POINT('',(4.5,-10.13126161936,0.3));
#10062 = DIRECTION('',(0.,-2.22044604925E-16,1.));
#10063 = DIRECTION('',(-1.,0.,0.));
#10064 = ADVANCED_FACE('',(#10065),#10076,.F.);
#10065 = FACE_BOUND('',#10066,.F.);
#10066 = EDGE_LOOP('',(#10067,#10068,#10074,#10075));
#10067 = ORIENTED_EDGE('',*,*,#8018,.F.);
#10068 = ORIENTED_EDGE('',*,*,#10069,.T.);
#10069 = EDGE_CURVE('',#8019,#7932,#10070,.T.);
#10070 = LINE('',#10071,#10072);
#10071 = CARTESIAN_POINT('',(2.7,-10.13126161936,0.5));
#10072 = VECTOR('',#10073,1.);
#10073 = DIRECTION('',(0.,1.,2.22044604925E-16));
#10074 = ORIENTED_EDGE('',*,*,#7939,.T.);
#10075 = ORIENTED_EDGE('',*,*,#10052,.F.);
#10076 = CYLINDRICAL_SURFACE('',#10077,0.2);
#10077 = AXIS2_PLACEMENT_3D('',#10078,#10079,#10080);
#10078 = CARTESIAN_POINT('',(2.9,-10.13126161936,0.5));
#10079 = DIRECTION('',(0.,-1.,-2.22044604925E-16));
#10080 = DIRECTION('',(1.,0.,0.));
#10081 = ADVANCED_FACE('',(#10082),#10093,.T.);
#10082 = FACE_BOUND('',#10083,.T.);
#10083 = EDGE_LOOP('',(#10084,#10085,#10086,#10092));
#10084 = ORIENTED_EDGE('',*,*,#10069,.T.);
#10085 = ORIENTED_EDGE('',*,*,#7931,.F.);
#10086 = ORIENTED_EDGE('',*,*,#10087,.F.);
#10087 = EDGE_CURVE('',#8028,#7924,#10088,.T.);
#10088 = LINE('',#10089,#10090);
#10089 = CARTESIAN_POINT('',(2.7,-4.190630809682,1.8));
#10090 = VECTOR('',#10091,1.);
#10091 = DIRECTION('',(0.,1.,0.));
#10092 = ORIENTED_EDGE('',*,*,#8027,.F.);
#10093 = PLANE('',#10094);
#10094 = AXIS2_PLACEMENT_3D('',#10095,#10096,#10097);
#10095 = CARTESIAN_POINT('',(2.7,-10.13126161936,0.5));
#10096 = DIRECTION('',(1.,0.,0.));
#10097 = DIRECTION('',(0.,-2.22044604925E-16,1.));
#10098 = ADVANCED_FACE('',(#10099),#10105,.T.);
#10099 = FACE_BOUND('',#10100,.T.);
#10100 = EDGE_LOOP('',(#10101,#10102,#10103,#10104));
#10101 = ORIENTED_EDGE('',*,*,#8035,.F.);
#10102 = ORIENTED_EDGE('',*,*,#10087,.T.);
#10103 = ORIENTED_EDGE('',*,*,#7923,.F.);
#10104 = ORIENTED_EDGE('',*,*,#9866,.F.);
#10105 = PLANE('',#10106);
#10106 = AXIS2_PLACEMENT_3D('',#10107,#10108,#10109);
#10107 = CARTESIAN_POINT('',(2.5,1.75,1.8));
#10108 = DIRECTION('',(0.,0.,1.));
#10109 = DIRECTION('',(1.,0.,-0.));
#10110 = ADVANCED_FACE('',(#10111),#10122,.F.);
#10111 = FACE_BOUND('',#10112,.T.);
#10112 = EDGE_LOOP('',(#10113,#10114,#10115,#10116));
#10113 = ORIENTED_EDGE('',*,*,#8181,.T.);
#10114 = ORIENTED_EDGE('',*,*,#8157,.T.);
#10115 = ORIENTED_EDGE('',*,*,#8083,.T.);
#10116 = ORIENTED_EDGE('',*,*,#10117,.T.);
#10117 = EDGE_CURVE('',#8086,#8182,#10118,.T.);
#10118 = LINE('',#10119,#10120);
#10119 = CARTESIAN_POINT('',(3.4,1.35,1.110223024625E-16));
#10120 = VECTOR('',#10121,1.);
#10121 = DIRECTION('',(0.,-1.,0.));
#10122 = PLANE('',#10123);
#10123 = AXIS2_PLACEMENT_3D('',#10124,#10125,#10126);
#10124 = CARTESIAN_POINT('',(2.5,1.25,1.110223024625E-16));
#10125 = DIRECTION('',(0.,0.,1.));
#10126 = DIRECTION('',(1.,0.,-0.));
#10127 = ADVANCED_FACE('',(#10128),#10139,.T.);
#10128 = FACE_BOUND('',#10129,.T.);
#10129 = EDGE_LOOP('',(#10130,#10131,#10132,#10138));
#10130 = ORIENTED_EDGE('',*,*,#10117,.F.);
#10131 = ORIENTED_EDGE('',*,*,#8143,.T.);
#10132 = ORIENTED_EDGE('',*,*,#10133,.T.);
#10133 = EDGE_CURVE('',#8136,#8190,#10134,.T.);
#10134 = LINE('',#10135,#10136);
#10135 = CARTESIAN_POINT('',(3.4,-4.390630809682,0.3));
#10136 = VECTOR('',#10137,1.);
#10137 = DIRECTION('',(0.,-1.,-2.22044604925E-16));
#10138 = ORIENTED_EDGE('',*,*,#8189,.F.);
#10139 = PLANE('',#10140);
#10140 = AXIS2_PLACEMENT_3D('',#10141,#10142,#10143);
#10141 = CARTESIAN_POINT('',(3.4,1.35,1.110223024625E-16));
#10142 = DIRECTION('',(1.,0.,0.));
#10143 = DIRECTION('',(0.,-1.,0.));
#10144 = ADVANCED_FACE('',(#10145),#10156,.T.);
#10145 = FACE_BOUND('',#10146,.T.);
#10146 = EDGE_LOOP('',(#10147,#10148,#10154,#10155));
#10147 = ORIENTED_EDGE('',*,*,#8135,.F.);
#10148 = ORIENTED_EDGE('',*,*,#10149,.F.);
#10149 = EDGE_CURVE('',#8198,#8127,#10150,.T.);
#10150 = LINE('',#10151,#10152);
#10151 = CARTESIAN_POINT('',(2.9,-10.13126161936,0.3));
#10152 = VECTOR('',#10153,1.);
#10153 = DIRECTION('',(0.,1.,2.22044604925E-16));
#10154 = ORIENTED_EDGE('',*,*,#8197,.F.);
#10155 = ORIENTED_EDGE('',*,*,#10133,.F.);
#10156 = PLANE('',#10157);
#10157 = AXIS2_PLACEMENT_3D('',#10158,#10159,#10160);
#10158 = CARTESIAN_POINT('',(4.5,-10.13126161936,0.3));
#10159 = DIRECTION('',(0.,-2.22044604925E-16,1.));
#10160 = DIRECTION('',(-1.,0.,0.));
#10161 = ADVANCED_FACE('',(#10162),#10173,.F.);
#10162 = FACE_BOUND('',#10163,.F.);
#10163 = EDGE_LOOP('',(#10164,#10165,#10171,#10172));
#10164 = ORIENTED_EDGE('',*,*,#8205,.F.);
#10165 = ORIENTED_EDGE('',*,*,#10166,.T.);
#10166 = EDGE_CURVE('',#8206,#8119,#10167,.T.);
#10167 = LINE('',#10168,#10169);
#10168 = CARTESIAN_POINT('',(2.7,-10.13126161936,0.5));
#10169 = VECTOR('',#10170,1.);
#10170 = DIRECTION('',(0.,1.,2.22044604925E-16));
#10171 = ORIENTED_EDGE('',*,*,#8126,.T.);
#10172 = ORIENTED_EDGE('',*,*,#10149,.F.);
#10173 = CYLINDRICAL_SURFACE('',#10174,0.2);
#10174 = AXIS2_PLACEMENT_3D('',#10175,#10176,#10177);
#10175 = CARTESIAN_POINT('',(2.9,-10.13126161936,0.5));
#10176 = DIRECTION('',(0.,-1.,-2.22044604925E-16));
#10177 = DIRECTION('',(1.,0.,0.));
#10178 = ADVANCED_FACE('',(#10179),#10190,.T.);
#10179 = FACE_BOUND('',#10180,.T.);
#10180 = EDGE_LOOP('',(#10181,#10182,#10183,#10189));
#10181 = ORIENTED_EDGE('',*,*,#10166,.T.);
#10182 = ORIENTED_EDGE('',*,*,#8118,.F.);
#10183 = ORIENTED_EDGE('',*,*,#10184,.F.);
#10184 = EDGE_CURVE('',#8215,#8111,#10185,.T.);
#10185 = LINE('',#10186,#10187);
#10186 = CARTESIAN_POINT('',(2.7,-4.440630809682,1.8));
#10187 = VECTOR('',#10188,1.);
#10188 = DIRECTION('',(0.,1.,0.));
#10189 = ORIENTED_EDGE('',*,*,#8214,.F.);
#10190 = PLANE('',#10191);
#10191 = AXIS2_PLACEMENT_3D('',#10192,#10193,#10194);
#10192 = CARTESIAN_POINT('',(2.7,-10.13126161936,0.5));
#10193 = DIRECTION('',(1.,0.,0.));
#10194 = DIRECTION('',(0.,-2.22044604925E-16,1.));
#10195 = ADVANCED_FACE('',(#10196),#10202,.T.);
#10196 = FACE_BOUND('',#10197,.T.);
#10197 = EDGE_LOOP('',(#10198,#10199,#10200,#10201));
#10198 = ORIENTED_EDGE('',*,*,#8222,.F.);
#10199 = ORIENTED_EDGE('',*,*,#10184,.T.);
#10200 = ORIENTED_EDGE('',*,*,#8110,.F.);
#10201 = ORIENTED_EDGE('',*,*,#9883,.F.);
#10202 = PLANE('',#10203);
#10203 = AXIS2_PLACEMENT_3D('',#10204,#10205,#10206);
#10204 = CARTESIAN_POINT('',(2.5,1.25,1.8));
#10205 = DIRECTION('',(0.,0.,1.));
#10206 = DIRECTION('',(1.,0.,-0.));
#10207 = ADVANCED_FACE('',(#10208),#10219,.F.);
#10208 = FACE_BOUND('',#10209,.T.);
#10209 = EDGE_LOOP('',(#10210,#10211,#10212,#10213));
#10210 = ORIENTED_EDGE('',*,*,#8368,.T.);
#10211 = ORIENTED_EDGE('',*,*,#8344,.T.);
#10212 = ORIENTED_EDGE('',*,*,#8270,.T.);
#10213 = ORIENTED_EDGE('',*,*,#10214,.T.);
#10214 = EDGE_CURVE('',#8273,#8369,#10215,.T.);
#10215 = LINE('',#10216,#10217);
#10216 = CARTESIAN_POINT('',(3.4,0.85,1.665334536938E-16));
#10217 = VECTOR('',#10218,1.);
#10218 = DIRECTION('',(0.,-1.,0.));
#10219 = PLANE('',#10220);
#10220 = AXIS2_PLACEMENT_3D('',#10221,#10222,#10223);
#10221 = CARTESIAN_POINT('',(2.5,0.75,1.665334536938E-16));
#10222 = DIRECTION('',(0.,0.,1.));
#10223 = DIRECTION('',(1.,0.,-0.));
#10224 = ADVANCED_FACE('',(#10225),#10236,.T.);
#10225 = FACE_BOUND('',#10226,.T.);
#10226 = EDGE_LOOP('',(#10227,#10228,#10229,#10235));
#10227 = ORIENTED_EDGE('',*,*,#10214,.F.);
#10228 = ORIENTED_EDGE('',*,*,#8330,.T.);
#10229 = ORIENTED_EDGE('',*,*,#10230,.T.);
#10230 = EDGE_CURVE('',#8323,#8377,#10231,.T.);
#10231 = LINE('',#10232,#10233);
#10232 = CARTESIAN_POINT('',(3.4,-4.640630809682,0.3));
#10233 = VECTOR('',#10234,1.);
#10234 = DIRECTION('',(0.,-1.,-2.22044604925E-16));
#10235 = ORIENTED_EDGE('',*,*,#8376,.F.);
#10236 = PLANE('',#10237);
#10237 = AXIS2_PLACEMENT_3D('',#10238,#10239,#10240);
#10238 = CARTESIAN_POINT('',(3.4,0.85,1.665334536938E-16));
#10239 = DIRECTION('',(1.,0.,0.));
#10240 = DIRECTION('',(0.,-1.,0.));
#10241 = ADVANCED_FACE('',(#10242),#10253,.T.);
#10242 = FACE_BOUND('',#10243,.T.);
#10243 = EDGE_LOOP('',(#10244,#10245,#10251,#10252));
#10244 = ORIENTED_EDGE('',*,*,#8322,.F.);
#10245 = ORIENTED_EDGE('',*,*,#10246,.F.);
#10246 = EDGE_CURVE('',#8385,#8314,#10247,.T.);
#10247 = LINE('',#10248,#10249);
#10248 = CARTESIAN_POINT('',(2.9,-10.13126161936,0.3));
#10249 = VECTOR('',#10250,1.);
#10250 = DIRECTION('',(0.,1.,2.22044604925E-16));
#10251 = ORIENTED_EDGE('',*,*,#8384,.F.);
#10252 = ORIENTED_EDGE('',*,*,#10230,.F.);
#10253 = PLANE('',#10254);
#10254 = AXIS2_PLACEMENT_3D('',#10255,#10256,#10257);
#10255 = CARTESIAN_POINT('',(4.5,-10.13126161936,0.3));
#10256 = DIRECTION('',(0.,-2.22044604925E-16,1.));
#10257 = DIRECTION('',(-1.,0.,0.));
#10258 = ADVANCED_FACE('',(#10259),#10270,.F.);
#10259 = FACE_BOUND('',#10260,.F.);
#10260 = EDGE_LOOP('',(#10261,#10262,#10268,#10269));
#10261 = ORIENTED_EDGE('',*,*,#8392,.F.);
#10262 = ORIENTED_EDGE('',*,*,#10263,.T.);
#10263 = EDGE_CURVE('',#8393,#8306,#10264,.T.);
#10264 = LINE('',#10265,#10266);
#10265 = CARTESIAN_POINT('',(2.7,-10.13126161936,0.5));
#10266 = VECTOR('',#10267,1.);
#10267 = DIRECTION('',(0.,1.,2.22044604925E-16));
#10268 = ORIENTED_EDGE('',*,*,#8313,.T.);
#10269 = ORIENTED_EDGE('',*,*,#10246,.F.);
#10270 = CYLINDRICAL_SURFACE('',#10271,0.2);
#10271 = AXIS2_PLACEMENT_3D('',#10272,#10273,#10274);
#10272 = CARTESIAN_POINT('',(2.9,-10.13126161936,0.5));
#10273 = DIRECTION('',(0.,-1.,-2.22044604925E-16));
#10274 = DIRECTION('',(1.,0.,0.));
#10275 = ADVANCED_FACE('',(#10276),#10287,.T.);
#10276 = FACE_BOUND('',#10277,.T.);
#10277 = EDGE_LOOP('',(#10278,#10279,#10280,#10286));
#10278 = ORIENTED_EDGE('',*,*,#10263,.T.);
#10279 = ORIENTED_EDGE('',*,*,#8305,.F.);
#10280 = ORIENTED_EDGE('',*,*,#10281,.F.);
#10281 = EDGE_CURVE('',#8402,#8298,#10282,.T.);
#10282 = LINE('',#10283,#10284);
#10283 = CARTESIAN_POINT('',(2.7,-4.690630809682,1.8));
#10284 = VECTOR('',#10285,1.);
#10285 = DIRECTION('',(0.,1.,0.));
#10286 = ORIENTED_EDGE('',*,*,#8401,.F.);
#10287 = PLANE('',#10288);
#10288 = AXIS2_PLACEMENT_3D('',#10289,#10290,#10291);
#10289 = CARTESIAN_POINT('',(2.7,-10.13126161936,0.5));
#10290 = DIRECTION('',(1.,0.,0.));
#10291 = DIRECTION('',(0.,-2.22044604925E-16,1.));
#10292 = ADVANCED_FACE('',(#10293),#10299,.T.);
#10293 = FACE_BOUND('',#10294,.T.);
#10294 = EDGE_LOOP('',(#10295,#10296,#10297,#10298));
#10295 = ORIENTED_EDGE('',*,*,#8409,.F.);
#10296 = ORIENTED_EDGE('',*,*,#10281,.T.);
#10297 = ORIENTED_EDGE('',*,*,#8297,.F.);
#10298 = ORIENTED_EDGE('',*,*,#9900,.F.);
#10299 = PLANE('',#10300);
#10300 = AXIS2_PLACEMENT_3D('',#10301,#10302,#10303);
#10301 = CARTESIAN_POINT('',(2.5,0.75,1.8));
#10302 = DIRECTION('',(0.,0.,1.));
#10303 = DIRECTION('',(1.,0.,-0.));
#10304 = ADVANCED_FACE('',(#10305),#10316,.F.);
#10305 = FACE_BOUND('',#10306,.T.);
#10306 = EDGE_LOOP('',(#10307,#10308,#10309,#10310));
#10307 = ORIENTED_EDGE('',*,*,#8555,.T.);
#10308 = ORIENTED_EDGE('',*,*,#8531,.T.);
#10309 = ORIENTED_EDGE('',*,*,#8457,.T.);
#10310 = ORIENTED_EDGE('',*,*,#10311,.T.);
#10311 = EDGE_CURVE('',#8460,#8556,#10312,.T.);
#10312 = LINE('',#10313,#10314);
#10313 = CARTESIAN_POINT('',(3.4,0.35,2.22044604925E-16));
#10314 = VECTOR('',#10315,1.);
#10315 = DIRECTION('',(0.,-1.,0.));
#10316 = PLANE('',#10317);
#10317 = AXIS2_PLACEMENT_3D('',#10318,#10319,#10320);
#10318 = CARTESIAN_POINT('',(2.5,0.25,2.22044604925E-16));
#10319 = DIRECTION('',(0.,0.,1.));
#10320 = DIRECTION('',(1.,0.,-0.));
#10321 = ADVANCED_FACE('',(#10322),#10333,.T.);
#10322 = FACE_BOUND('',#10323,.T.);
#10323 = EDGE_LOOP('',(#10324,#10325,#10326,#10332));
#10324 = ORIENTED_EDGE('',*,*,#10311,.F.);
#10325 = ORIENTED_EDGE('',*,*,#8517,.T.);
#10326 = ORIENTED_EDGE('',*,*,#10327,.T.);
#10327 = EDGE_CURVE('',#8510,#8564,#10328,.T.);
#10328 = LINE('',#10329,#10330);
#10329 = CARTESIAN_POINT('',(3.4,-4.890630809682,0.3));
#10330 = VECTOR('',#10331,1.);
#10331 = DIRECTION('',(0.,-1.,-2.22044604925E-16));
#10332 = ORIENTED_EDGE('',*,*,#8563,.F.);
#10333 = PLANE('',#10334);
#10334 = AXIS2_PLACEMENT_3D('',#10335,#10336,#10337);
#10335 = CARTESIAN_POINT('',(3.4,0.35,2.22044604925E-16));
#10336 = DIRECTION('',(1.,0.,0.));
#10337 = DIRECTION('',(0.,-1.,0.));
#10338 = ADVANCED_FACE('',(#10339),#10350,.T.);
#10339 = FACE_BOUND('',#10340,.T.);
#10340 = EDGE_LOOP('',(#10341,#10342,#10348,#10349));
#10341 = ORIENTED_EDGE('',*,*,#8509,.F.);
#10342 = ORIENTED_EDGE('',*,*,#10343,.F.);
#10343 = EDGE_CURVE('',#8572,#8501,#10344,.T.);
#10344 = LINE('',#10345,#10346);
#10345 = CARTESIAN_POINT('',(2.9,-10.13126161936,0.3));
#10346 = VECTOR('',#10347,1.);
#10347 = DIRECTION('',(0.,1.,2.22044604925E-16));
#10348 = ORIENTED_EDGE('',*,*,#8571,.F.);
#10349 = ORIENTED_EDGE('',*,*,#10327,.F.);
#10350 = PLANE('',#10351);
#10351 = AXIS2_PLACEMENT_3D('',#10352,#10353,#10354);
#10352 = CARTESIAN_POINT('',(4.5,-10.13126161936,0.3));
#10353 = DIRECTION('',(0.,-2.22044604925E-16,1.));
#10354 = DIRECTION('',(-1.,0.,0.));
#10355 = ADVANCED_FACE('',(#10356),#10367,.F.);
#10356 = FACE_BOUND('',#10357,.F.);
#10357 = EDGE_LOOP('',(#10358,#10359,#10365,#10366));
#10358 = ORIENTED_EDGE('',*,*,#8579,.F.);
#10359 = ORIENTED_EDGE('',*,*,#10360,.T.);
#10360 = EDGE_CURVE('',#8580,#8493,#10361,.T.);
#10361 = LINE('',#10362,#10363);
#10362 = CARTESIAN_POINT('',(2.7,-10.13126161936,0.5));
#10363 = VECTOR('',#10364,1.);
#10364 = DIRECTION('',(0.,1.,2.22044604925E-16));
#10365 = ORIENTED_EDGE('',*,*,#8500,.T.);
#10366 = ORIENTED_EDGE('',*,*,#10343,.F.);
#10367 = CYLINDRICAL_SURFACE('',#10368,0.2);
#10368 = AXIS2_PLACEMENT_3D('',#10369,#10370,#10371);
#10369 = CARTESIAN_POINT('',(2.9,-10.13126161936,0.5));
#10370 = DIRECTION('',(0.,-1.,-2.22044604925E-16));
#10371 = DIRECTION('',(1.,0.,0.));
#10372 = ADVANCED_FACE('',(#10373),#10384,.T.);
#10373 = FACE_BOUND('',#10374,.T.);
#10374 = EDGE_LOOP('',(#10375,#10376,#10377,#10378));
#10375 = ORIENTED_EDGE('',*,*,#8588,.F.);
#10376 = ORIENTED_EDGE('',*,*,#10360,.T.);
#10377 = ORIENTED_EDGE('',*,*,#8492,.F.);
#10378 = ORIENTED_EDGE('',*,*,#10379,.F.);
#10379 = EDGE_CURVE('',#8589,#8485,#10380,.T.);
#10380 = LINE('',#10381,#10382);
#10381 = CARTESIAN_POINT('',(2.7,-4.940630809682,1.8));
#10382 = VECTOR('',#10383,1.);
#10383 = DIRECTION('',(0.,1.,0.));
#10384 = PLANE('',#10385);
#10385 = AXIS2_PLACEMENT_3D('',#10386,#10387,#10388);
#10386 = CARTESIAN_POINT('',(2.7,-10.13126161936,0.5));
#10387 = DIRECTION('',(1.,0.,0.));
#10388 = DIRECTION('',(0.,-2.22044604925E-16,1.));
#10389 = ADVANCED_FACE('',(#10390),#10396,.T.);
#10390 = FACE_BOUND('',#10391,.T.);
#10391 = EDGE_LOOP('',(#10392,#10393,#10394,#10395));
#10392 = ORIENTED_EDGE('',*,*,#8596,.F.);
#10393 = ORIENTED_EDGE('',*,*,#10379,.T.);
#10394 = ORIENTED_EDGE('',*,*,#8484,.F.);
#10395 = ORIENTED_EDGE('',*,*,#9917,.F.);
#10396 = PLANE('',#10397);
#10397 = AXIS2_PLACEMENT_3D('',#10398,#10399,#10400);
#10398 = CARTESIAN_POINT('',(2.5,0.25,1.8));
#10399 = DIRECTION('',(0.,0.,1.));
#10400 = DIRECTION('',(1.,0.,-0.));
#10401 = ADVANCED_FACE('',(#10402),#10413,.F.);
#10402 = FACE_BOUND('',#10403,.T.);
#10403 = EDGE_LOOP('',(#10404,#10405,#10406,#10407));
#10404 = ORIENTED_EDGE('',*,*,#8742,.T.);
#10405 = ORIENTED_EDGE('',*,*,#8718,.T.);
#10406 = ORIENTED_EDGE('',*,*,#8644,.T.);
#10407 = ORIENTED_EDGE('',*,*,#10408,.T.);
#10408 = EDGE_CURVE('',#8647,#8743,#10409,.T.);
#10409 = LINE('',#10410,#10411);
#10410 = CARTESIAN_POINT('',(3.4,-0.15,2.775557561563E-16));
#10411 = VECTOR('',#10412,1.);
#10412 = DIRECTION('',(0.,-1.,0.));
#10413 = PLANE('',#10414);
#10414 = AXIS2_PLACEMENT_3D('',#10415,#10416,#10417);
#10415 = CARTESIAN_POINT('',(2.5,-0.25,2.775557561563E-16));
#10416 = DIRECTION('',(0.,0.,1.));
#10417 = DIRECTION('',(1.,0.,-0.));
#10418 = ADVANCED_FACE('',(#10419),#10430,.T.);
#10419 = FACE_BOUND('',#10420,.T.);
#10420 = EDGE_LOOP('',(#10421,#10422,#10423,#10429));
#10421 = ORIENTED_EDGE('',*,*,#10408,.F.);
#10422 = ORIENTED_EDGE('',*,*,#8704,.T.);
#10423 = ORIENTED_EDGE('',*,*,#10424,.T.);
#10424 = EDGE_CURVE('',#8697,#8751,#10425,.T.);
#10425 = LINE('',#10426,#10427);
#10426 = CARTESIAN_POINT('',(3.4,-5.140630809682,0.3));
#10427 = VECTOR('',#10428,1.);
#10428 = DIRECTION('',(0.,-1.,-2.22044604925E-16));
#10429 = ORIENTED_EDGE('',*,*,#8750,.F.);
#10430 = PLANE('',#10431);
#10431 = AXIS2_PLACEMENT_3D('',#10432,#10433,#10434);
#10432 = CARTESIAN_POINT('',(3.4,-0.15,2.775557561563E-16));
#10433 = DIRECTION('',(1.,0.,0.));
#10434 = DIRECTION('',(0.,-1.,0.));
#10435 = ADVANCED_FACE('',(#10436),#10447,.T.);
#10436 = FACE_BOUND('',#10437,.T.);
#10437 = EDGE_LOOP('',(#10438,#10444,#10445,#10446));
#10438 = ORIENTED_EDGE('',*,*,#10439,.F.);
#10439 = EDGE_CURVE('',#8759,#8688,#10440,.T.);
#10440 = LINE('',#10441,#10442);
#10441 = CARTESIAN_POINT('',(2.9,-10.13126161936,0.3));
#10442 = VECTOR('',#10443,1.);
#10443 = DIRECTION('',(0.,1.,2.22044604925E-16));
#10444 = ORIENTED_EDGE('',*,*,#8758,.F.);
#10445 = ORIENTED_EDGE('',*,*,#10424,.F.);
#10446 = ORIENTED_EDGE('',*,*,#8696,.F.);
#10447 = PLANE('',#10448);
#10448 = AXIS2_PLACEMENT_3D('',#10449,#10450,#10451);
#10449 = CARTESIAN_POINT('',(4.5,-10.13126161936,0.3));
#10450 = DIRECTION('',(0.,-2.22044604925E-16,1.));
#10451 = DIRECTION('',(-1.,0.,0.));
#10452 = ADVANCED_FACE('',(#10453),#10464,.F.);
#10453 = FACE_BOUND('',#10454,.F.);
#10454 = EDGE_LOOP('',(#10455,#10456,#10462,#10463));
#10455 = ORIENTED_EDGE('',*,*,#8766,.F.);
#10456 = ORIENTED_EDGE('',*,*,#10457,.T.);
#10457 = EDGE_CURVE('',#8767,#8680,#10458,.T.);
#10458 = LINE('',#10459,#10460);
#10459 = CARTESIAN_POINT('',(2.7,-10.13126161936,0.5));
#10460 = VECTOR('',#10461,1.);
#10461 = DIRECTION('',(0.,1.,2.22044604925E-16));
#10462 = ORIENTED_EDGE('',*,*,#8687,.T.);
#10463 = ORIENTED_EDGE('',*,*,#10439,.F.);
#10464 = CYLINDRICAL_SURFACE('',#10465,0.2);
#10465 = AXIS2_PLACEMENT_3D('',#10466,#10467,#10468);
#10466 = CARTESIAN_POINT('',(2.9,-10.13126161936,0.5));
#10467 = DIRECTION('',(0.,-1.,-2.22044604925E-16));
#10468 = DIRECTION('',(1.,0.,0.));
#10469 = ADVANCED_FACE('',(#10470),#10481,.T.);
#10470 = FACE_BOUND('',#10471,.T.);
#10471 = EDGE_LOOP('',(#10472,#10473,#10474,#10475));
#10472 = ORIENTED_EDGE('',*,*,#8775,.F.);
#10473 = ORIENTED_EDGE('',*,*,#10457,.T.);
#10474 = ORIENTED_EDGE('',*,*,#8679,.F.);
#10475 = ORIENTED_EDGE('',*,*,#10476,.F.);
#10476 = EDGE_CURVE('',#8776,#8672,#10477,.T.);
#10477 = LINE('',#10478,#10479);
#10478 = CARTESIAN_POINT('',(2.7,-5.190630809682,1.8));
#10479 = VECTOR('',#10480,1.);
#10480 = DIRECTION('',(0.,1.,0.));
#10481 = PLANE('',#10482);
#10482 = AXIS2_PLACEMENT_3D('',#10483,#10484,#10485);
#10483 = CARTESIAN_POINT('',(2.7,-10.13126161936,0.5));
#10484 = DIRECTION('',(1.,0.,0.));
#10485 = DIRECTION('',(0.,-2.22044604925E-16,1.));
#10486 = ADVANCED_FACE('',(#10487),#10493,.T.);
#10487 = FACE_BOUND('',#10488,.T.);
#10488 = EDGE_LOOP('',(#10489,#10490,#10491,#10492));
#10489 = ORIENTED_EDGE('',*,*,#8783,.F.);
#10490 = ORIENTED_EDGE('',*,*,#10476,.T.);
#10491 = ORIENTED_EDGE('',*,*,#8671,.F.);
#10492 = ORIENTED_EDGE('',*,*,#9934,.F.);
#10493 = PLANE('',#10494);
#10494 = AXIS2_PLACEMENT_3D('',#10495,#10496,#10497);
#10495 = CARTESIAN_POINT('',(2.5,-0.25,1.8));
#10496 = DIRECTION('',(0.,0.,1.));
#10497 = DIRECTION('',(1.,0.,-0.));
#10498 = ADVANCED_FACE('',(#10499),#10510,.F.);
#10499 = FACE_BOUND('',#10500,.T.);
#10500 = EDGE_LOOP('',(#10501,#10502,#10503,#10504));
#10501 = ORIENTED_EDGE('',*,*,#8929,.T.);
#10502 = ORIENTED_EDGE('',*,*,#8905,.T.);
#10503 = ORIENTED_EDGE('',*,*,#8831,.T.);
#10504 = ORIENTED_EDGE('',*,*,#10505,.T.);
#10505 = EDGE_CURVE('',#8834,#8930,#10506,.T.);
#10506 = LINE('',#10507,#10508);
#10507 = CARTESIAN_POINT('',(3.4,-0.65,3.330669073875E-16));
#10508 = VECTOR('',#10509,1.);
#10509 = DIRECTION('',(0.,-1.,0.));
#10510 = PLANE('',#10511);
#10511 = AXIS2_PLACEMENT_3D('',#10512,#10513,#10514);
#10512 = CARTESIAN_POINT('',(2.5,-0.75,3.330669073875E-16));
#10513 = DIRECTION('',(0.,0.,1.));
#10514 = DIRECTION('',(1.,0.,-0.));
#10515 = ADVANCED_FACE('',(#10516),#10527,.T.);
#10516 = FACE_BOUND('',#10517,.T.);
#10517 = EDGE_LOOP('',(#10518,#10519,#10520,#10526));
#10518 = ORIENTED_EDGE('',*,*,#10505,.F.);
#10519 = ORIENTED_EDGE('',*,*,#8891,.T.);
#10520 = ORIENTED_EDGE('',*,*,#10521,.T.);
#10521 = EDGE_CURVE('',#8884,#8938,#10522,.T.);
#10522 = LINE('',#10523,#10524);
#10523 = CARTESIAN_POINT('',(3.4,-5.390630809682,0.3));
#10524 = VECTOR('',#10525,1.);
#10525 = DIRECTION('',(0.,-1.,-2.22044604925E-16));
#10526 = ORIENTED_EDGE('',*,*,#8937,.F.);
#10527 = PLANE('',#10528);
#10528 = AXIS2_PLACEMENT_3D('',#10529,#10530,#10531);
#10529 = CARTESIAN_POINT('',(3.4,-0.65,3.330669073875E-16));
#10530 = DIRECTION('',(1.,0.,0.));
#10531 = DIRECTION('',(0.,-1.,0.));
#10532 = ADVANCED_FACE('',(#10533),#10544,.T.);
#10533 = FACE_BOUND('',#10534,.T.);
#10534 = EDGE_LOOP('',(#10535,#10541,#10542,#10543));
#10535 = ORIENTED_EDGE('',*,*,#10536,.F.);
#10536 = EDGE_CURVE('',#8946,#8875,#10537,.T.);
#10537 = LINE('',#10538,#10539);
#10538 = CARTESIAN_POINT('',(2.9,-10.13126161936,0.3));
#10539 = VECTOR('',#10540,1.);
#10540 = DIRECTION('',(0.,1.,2.22044604925E-16));
#10541 = ORIENTED_EDGE('',*,*,#8945,.F.);
#10542 = ORIENTED_EDGE('',*,*,#10521,.F.);
#10543 = ORIENTED_EDGE('',*,*,#8883,.F.);
#10544 = PLANE('',#10545);
#10545 = AXIS2_PLACEMENT_3D('',#10546,#10547,#10548);
#10546 = CARTESIAN_POINT('',(4.5,-10.13126161936,0.3));
#10547 = DIRECTION('',(0.,-2.22044604925E-16,1.));
#10548 = DIRECTION('',(-1.,0.,0.));
#10549 = ADVANCED_FACE('',(#10550),#10561,.F.);
#10550 = FACE_BOUND('',#10551,.F.);
#10551 = EDGE_LOOP('',(#10552,#10553,#10559,#10560));
#10552 = ORIENTED_EDGE('',*,*,#8953,.F.);
#10553 = ORIENTED_EDGE('',*,*,#10554,.T.);
#10554 = EDGE_CURVE('',#8954,#8867,#10555,.T.);
#10555 = LINE('',#10556,#10557);
#10556 = CARTESIAN_POINT('',(2.7,-10.13126161936,0.5));
#10557 = VECTOR('',#10558,1.);
#10558 = DIRECTION('',(0.,1.,2.22044604925E-16));
#10559 = ORIENTED_EDGE('',*,*,#8874,.T.);
#10560 = ORIENTED_EDGE('',*,*,#10536,.F.);
#10561 = CYLINDRICAL_SURFACE('',#10562,0.2);
#10562 = AXIS2_PLACEMENT_3D('',#10563,#10564,#10565);
#10563 = CARTESIAN_POINT('',(2.9,-10.13126161936,0.5));
#10564 = DIRECTION('',(0.,-1.,-2.22044604925E-16));
#10565 = DIRECTION('',(1.,0.,0.));
#10566 = ADVANCED_FACE('',(#10567),#10578,.T.);
#10567 = FACE_BOUND('',#10568,.T.);
#10568 = EDGE_LOOP('',(#10569,#10570,#10571,#10572));
#10569 = ORIENTED_EDGE('',*,*,#8962,.F.);
#10570 = ORIENTED_EDGE('',*,*,#10554,.T.);
#10571 = ORIENTED_EDGE('',*,*,#8866,.F.);
#10572 = ORIENTED_EDGE('',*,*,#10573,.F.);
#10573 = EDGE_CURVE('',#8963,#8859,#10574,.T.);
#10574 = LINE('',#10575,#10576);
#10575 = CARTESIAN_POINT('',(2.7,-5.440630809682,1.8));
#10576 = VECTOR('',#10577,1.);
#10577 = DIRECTION('',(0.,1.,0.));
#10578 = PLANE('',#10579);
#10579 = AXIS2_PLACEMENT_3D('',#10580,#10581,#10582);
#10580 = CARTESIAN_POINT('',(2.7,-10.13126161936,0.5));
#10581 = DIRECTION('',(1.,0.,0.));
#10582 = DIRECTION('',(0.,-2.22044604925E-16,1.));
#10583 = ADVANCED_FACE('',(#10584),#10590,.T.);
#10584 = FACE_BOUND('',#10585,.T.);
#10585 = EDGE_LOOP('',(#10586,#10587,#10588,#10589));
#10586 = ORIENTED_EDGE('',*,*,#8970,.F.);
#10587 = ORIENTED_EDGE('',*,*,#10573,.T.);
#10588 = ORIENTED_EDGE('',*,*,#8858,.F.);
#10589 = ORIENTED_EDGE('',*,*,#9951,.F.);
#10590 = PLANE('',#10591);
#10591 = AXIS2_PLACEMENT_3D('',#10592,#10593,#10594);
#10592 = CARTESIAN_POINT('',(2.5,-0.75,1.8));
#10593 = DIRECTION('',(0.,0.,1.));
#10594 = DIRECTION('',(1.,0.,-0.));
#10595 = ADVANCED_FACE('',(#10596),#10607,.F.);
#10596 = FACE_BOUND('',#10597,.T.);
#10597 = EDGE_LOOP('',(#10598,#10599,#10600,#10601));
#10598 = ORIENTED_EDGE('',*,*,#9116,.T.);
#10599 = ORIENTED_EDGE('',*,*,#9092,.T.);
#10600 = ORIENTED_EDGE('',*,*,#9018,.T.);
#10601 = ORIENTED_EDGE('',*,*,#10602,.T.);
#10602 = EDGE_CURVE('',#9021,#9117,#10603,.T.);
#10603 = LINE('',#10604,#10605);
#10604 = CARTESIAN_POINT('',(3.4,-1.15,3.885780586188E-16));
#10605 = VECTOR('',#10606,1.);
#10606 = DIRECTION('',(0.,-1.,0.));
#10607 = PLANE('',#10608);
#10608 = AXIS2_PLACEMENT_3D('',#10609,#10610,#10611);
#10609 = CARTESIAN_POINT('',(2.5,-1.25,3.885780586188E-16));
#10610 = DIRECTION('',(0.,0.,1.));
#10611 = DIRECTION('',(1.,0.,-0.));
#10612 = ADVANCED_FACE('',(#10613),#10624,.T.);
#10613 = FACE_BOUND('',#10614,.T.);
#10614 = EDGE_LOOP('',(#10615,#10616,#10617,#10623));
#10615 = ORIENTED_EDGE('',*,*,#10602,.F.);
#10616 = ORIENTED_EDGE('',*,*,#9078,.T.);
#10617 = ORIENTED_EDGE('',*,*,#10618,.T.);
#10618 = EDGE_CURVE('',#9071,#9125,#10619,.T.);
#10619 = LINE('',#10620,#10621);
#10620 = CARTESIAN_POINT('',(3.4,-5.640630809682,0.3));
#10621 = VECTOR('',#10622,1.);
#10622 = DIRECTION('',(0.,-1.,-2.22044604925E-16));
#10623 = ORIENTED_EDGE('',*,*,#9124,.F.);
#10624 = PLANE('',#10625);
#10625 = AXIS2_PLACEMENT_3D('',#10626,#10627,#10628);
#10626 = CARTESIAN_POINT('',(3.4,-1.15,3.885780586188E-16));
#10627 = DIRECTION('',(1.,0.,0.));
#10628 = DIRECTION('',(0.,-1.,0.));
#10629 = ADVANCED_FACE('',(#10630),#10641,.T.);
#10630 = FACE_BOUND('',#10631,.T.);
#10631 = EDGE_LOOP('',(#10632,#10638,#10639,#10640));
#10632 = ORIENTED_EDGE('',*,*,#10633,.F.);
#10633 = EDGE_CURVE('',#9133,#9062,#10634,.T.);
#10634 = LINE('',#10635,#10636);
#10635 = CARTESIAN_POINT('',(2.9,-10.13126161936,0.3));
#10636 = VECTOR('',#10637,1.);
#10637 = DIRECTION('',(0.,1.,2.22044604925E-16));
#10638 = ORIENTED_EDGE('',*,*,#9132,.F.);
#10639 = ORIENTED_EDGE('',*,*,#10618,.F.);
#10640 = ORIENTED_EDGE('',*,*,#9070,.F.);
#10641 = PLANE('',#10642);
#10642 = AXIS2_PLACEMENT_3D('',#10643,#10644,#10645);
#10643 = CARTESIAN_POINT('',(4.5,-10.13126161936,0.3));
#10644 = DIRECTION('',(0.,-2.22044604925E-16,1.));
#10645 = DIRECTION('',(-1.,0.,0.));
#10646 = ADVANCED_FACE('',(#10647),#10658,.F.);
#10647 = FACE_BOUND('',#10648,.F.);
#10648 = EDGE_LOOP('',(#10649,#10650,#10656,#10657));
#10649 = ORIENTED_EDGE('',*,*,#9140,.F.);
#10650 = ORIENTED_EDGE('',*,*,#10651,.T.);
#10651 = EDGE_CURVE('',#9141,#9054,#10652,.T.);
#10652 = LINE('',#10653,#10654);
#10653 = CARTESIAN_POINT('',(2.7,-10.13126161936,0.5));
#10654 = VECTOR('',#10655,1.);
#10655 = DIRECTION('',(0.,1.,2.22044604925E-16));
#10656 = ORIENTED_EDGE('',*,*,#9061,.T.);
#10657 = ORIENTED_EDGE('',*,*,#10633,.F.);
#10658 = CYLINDRICAL_SURFACE('',#10659,0.2);
#10659 = AXIS2_PLACEMENT_3D('',#10660,#10661,#10662);
#10660 = CARTESIAN_POINT('',(2.9,-10.13126161936,0.5));
#10661 = DIRECTION('',(0.,-1.,-2.22044604925E-16));
#10662 = DIRECTION('',(1.,0.,0.));
#10663 = ADVANCED_FACE('',(#10664),#10675,.T.);
#10664 = FACE_BOUND('',#10665,.T.);
#10665 = EDGE_LOOP('',(#10666,#10667,#10668,#10669));
#10666 = ORIENTED_EDGE('',*,*,#9149,.F.);
#10667 = ORIENTED_EDGE('',*,*,#10651,.T.);
#10668 = ORIENTED_EDGE('',*,*,#9053,.F.);
#10669 = ORIENTED_EDGE('',*,*,#10670,.F.);
#10670 = EDGE_CURVE('',#9150,#9046,#10671,.T.);
#10671 = LINE('',#10672,#10673);
#10672 = CARTESIAN_POINT('',(2.7,-5.690630809682,1.8));
#10673 = VECTOR('',#10674,1.);
#10674 = DIRECTION('',(0.,1.,0.));
#10675 = PLANE('',#10676);
#10676 = AXIS2_PLACEMENT_3D('',#10677,#10678,#10679);
#10677 = CARTESIAN_POINT('',(2.7,-10.13126161936,0.5));
#10678 = DIRECTION('',(1.,0.,0.));
#10679 = DIRECTION('',(0.,-2.22044604925E-16,1.));
#10680 = ADVANCED_FACE('',(#10681),#10687,.T.);
#10681 = FACE_BOUND('',#10682,.T.);
#10682 = EDGE_LOOP('',(#10683,#10684,#10685,#10686));
#10683 = ORIENTED_EDGE('',*,*,#9157,.F.);
#10684 = ORIENTED_EDGE('',*,*,#10670,.T.);
#10685 = ORIENTED_EDGE('',*,*,#9045,.F.);
#10686 = ORIENTED_EDGE('',*,*,#9968,.F.);
#10687 = PLANE('',#10688);
#10688 = AXIS2_PLACEMENT_3D('',#10689,#10690,#10691);
#10689 = CARTESIAN_POINT('',(2.5,-1.25,1.8));
#10690 = DIRECTION('',(0.,0.,1.));
#10691 = DIRECTION('',(1.,0.,-0.));
#10692 = ADVANCED_FACE('',(#10693),#10704,.F.);
#10693 = FACE_BOUND('',#10694,.T.);
#10694 = EDGE_LOOP('',(#10695,#10696,#10697,#10698));
#10695 = ORIENTED_EDGE('',*,*,#9303,.T.);
#10696 = ORIENTED_EDGE('',*,*,#9279,.T.);
#10697 = ORIENTED_EDGE('',*,*,#9205,.T.);
#10698 = ORIENTED_EDGE('',*,*,#10699,.T.);
#10699 = EDGE_CURVE('',#9208,#9304,#10700,.T.);
#10700 = LINE('',#10701,#10702);
#10701 = CARTESIAN_POINT('',(3.4,-1.65,4.440892098501E-16));
#10702 = VECTOR('',#10703,1.);
#10703 = DIRECTION('',(0.,-1.,0.));
#10704 = PLANE('',#10705);
#10705 = AXIS2_PLACEMENT_3D('',#10706,#10707,#10708);
#10706 = CARTESIAN_POINT('',(2.5,-1.75,4.440892098501E-16));
#10707 = DIRECTION('',(0.,0.,1.));
#10708 = DIRECTION('',(1.,0.,-0.));
#10709 = ADVANCED_FACE('',(#10710),#10721,.T.);
#10710 = FACE_BOUND('',#10711,.T.);
#10711 = EDGE_LOOP('',(#10712,#10713,#10714,#10720));
#10712 = ORIENTED_EDGE('',*,*,#10699,.F.);
#10713 = ORIENTED_EDGE('',*,*,#9265,.T.);
#10714 = ORIENTED_EDGE('',*,*,#10715,.T.);
#10715 = EDGE_CURVE('',#9258,#9312,#10716,.T.);
#10716 = LINE('',#10717,#10718);
#10717 = CARTESIAN_POINT('',(3.4,-5.890630809682,0.3));
#10718 = VECTOR('',#10719,1.);
#10719 = DIRECTION('',(0.,-1.,-2.22044604925E-16));
#10720 = ORIENTED_EDGE('',*,*,#9311,.F.);
#10721 = PLANE('',#10722);
#10722 = AXIS2_PLACEMENT_3D('',#10723,#10724,#10725);
#10723 = CARTESIAN_POINT('',(3.4,-1.65,4.440892098501E-16));
#10724 = DIRECTION('',(1.,0.,0.));
#10725 = DIRECTION('',(0.,-1.,0.));
#10726 = ADVANCED_FACE('',(#10727),#10738,.T.);
#10727 = FACE_BOUND('',#10728,.T.);
#10728 = EDGE_LOOP('',(#10729,#10735,#10736,#10737));
#10729 = ORIENTED_EDGE('',*,*,#10730,.F.);
#10730 = EDGE_CURVE('',#9320,#9249,#10731,.T.);
#10731 = LINE('',#10732,#10733);
#10732 = CARTESIAN_POINT('',(2.9,-10.13126161936,0.3));
#10733 = VECTOR('',#10734,1.);
#10734 = DIRECTION('',(0.,1.,2.22044604925E-16));
#10735 = ORIENTED_EDGE('',*,*,#9319,.F.);
#10736 = ORIENTED_EDGE('',*,*,#10715,.F.);
#10737 = ORIENTED_EDGE('',*,*,#9257,.F.);
#10738 = PLANE('',#10739);
#10739 = AXIS2_PLACEMENT_3D('',#10740,#10741,#10742);
#10740 = CARTESIAN_POINT('',(4.5,-10.13126161936,0.3));
#10741 = DIRECTION('',(0.,-2.22044604925E-16,1.));
#10742 = DIRECTION('',(-1.,0.,0.));
#10743 = ADVANCED_FACE('',(#10744),#10755,.F.);
#10744 = FACE_BOUND('',#10745,.F.);
#10745 = EDGE_LOOP('',(#10746,#10747,#10753,#10754));
#10746 = ORIENTED_EDGE('',*,*,#9327,.F.);
#10747 = ORIENTED_EDGE('',*,*,#10748,.T.);
#10748 = EDGE_CURVE('',#9328,#9241,#10749,.T.);
#10749 = LINE('',#10750,#10751);
#10750 = CARTESIAN_POINT('',(2.7,-10.13126161936,0.5));
#10751 = VECTOR('',#10752,1.);
#10752 = DIRECTION('',(0.,1.,2.22044604925E-16));
#10753 = ORIENTED_EDGE('',*,*,#9248,.T.);
#10754 = ORIENTED_EDGE('',*,*,#10730,.F.);
#10755 = CYLINDRICAL_SURFACE('',#10756,0.2);
#10756 = AXIS2_PLACEMENT_3D('',#10757,#10758,#10759);
#10757 = CARTESIAN_POINT('',(2.9,-10.13126161936,0.5));
#10758 = DIRECTION('',(0.,-1.,-2.22044604925E-16));
#10759 = DIRECTION('',(1.,0.,0.));
#10760 = ADVANCED_FACE('',(#10761),#10772,.T.);
#10761 = FACE_BOUND('',#10762,.T.);
#10762 = EDGE_LOOP('',(#10763,#10764,#10765,#10766));
#10763 = ORIENTED_EDGE('',*,*,#9336,.F.);
#10764 = ORIENTED_EDGE('',*,*,#10748,.T.);
#10765 = ORIENTED_EDGE('',*,*,#9240,.F.);
#10766 = ORIENTED_EDGE('',*,*,#10767,.F.);
#10767 = EDGE_CURVE('',#9337,#9233,#10768,.T.);
#10768 = LINE('',#10769,#10770);
#10769 = CARTESIAN_POINT('',(2.7,-5.940630809682,1.8));
#10770 = VECTOR('',#10771,1.);
#10771 = DIRECTION('',(0.,1.,0.));
#10772 = PLANE('',#10773);
#10773 = AXIS2_PLACEMENT_3D('',#10774,#10775,#10776);
#10774 = CARTESIAN_POINT('',(2.7,-10.13126161936,0.5));
#10775 = DIRECTION('',(1.,0.,0.));
#10776 = DIRECTION('',(0.,-2.22044604925E-16,1.));
#10777 = ADVANCED_FACE('',(#10778),#10784,.T.);
#10778 = FACE_BOUND('',#10779,.T.);
#10779 = EDGE_LOOP('',(#10780,#10781,#10782,#10783));
#10780 = ORIENTED_EDGE('',*,*,#9344,.F.);
#10781 = ORIENTED_EDGE('',*,*,#10767,.T.);
#10782 = ORIENTED_EDGE('',*,*,#9232,.F.);
#10783 = ORIENTED_EDGE('',*,*,#9985,.F.);
#10784 = PLANE('',#10785);
#10785 = AXIS2_PLACEMENT_3D('',#10786,#10787,#10788);
#10786 = CARTESIAN_POINT('',(2.5,-1.75,1.8));
#10787 = DIRECTION('',(0.,0.,1.));
#10788 = DIRECTION('',(1.,0.,-0.));
#10789 = ADVANCED_FACE('',(#10790),#10801,.F.);
#10790 = FACE_BOUND('',#10791,.T.);
#10791 = EDGE_LOOP('',(#10792,#10793,#10794,#10795));
#10792 = ORIENTED_EDGE('',*,*,#9490,.T.);
#10793 = ORIENTED_EDGE('',*,*,#9466,.T.);
#10794 = ORIENTED_EDGE('',*,*,#9392,.T.);
#10795 = ORIENTED_EDGE('',*,*,#10796,.T.);
#10796 = EDGE_CURVE('',#9395,#9491,#10797,.T.);
#10797 = LINE('',#10798,#10799);
#10798 = CARTESIAN_POINT('',(3.4,-2.15,4.996003610813E-16));
#10799 = VECTOR('',#10800,1.);
#10800 = DIRECTION('',(0.,-1.,0.));
#10801 = PLANE('',#10802);
#10802 = AXIS2_PLACEMENT_3D('',#10803,#10804,#10805);
#10803 = CARTESIAN_POINT('',(2.5,-2.25,4.996003610813E-16));
#10804 = DIRECTION('',(0.,0.,1.));
#10805 = DIRECTION('',(1.,0.,-0.));
#10806 = ADVANCED_FACE('',(#10807),#10818,.T.);
#10807 = FACE_BOUND('',#10808,.T.);
#10808 = EDGE_LOOP('',(#10809,#10810,#10811,#10817));
#10809 = ORIENTED_EDGE('',*,*,#10796,.F.);
#10810 = ORIENTED_EDGE('',*,*,#9452,.T.);
#10811 = ORIENTED_EDGE('',*,*,#10812,.T.);
#10812 = EDGE_CURVE('',#9445,#9499,#10813,.T.);
#10813 = LINE('',#10814,#10815);
#10814 = CARTESIAN_POINT('',(3.4,-6.140630809682,0.3));
#10815 = VECTOR('',#10816,1.);
#10816 = DIRECTION('',(0.,-1.,-2.22044604925E-16));
#10817 = ORIENTED_EDGE('',*,*,#9498,.F.);
#10818 = PLANE('',#10819);
#10819 = AXIS2_PLACEMENT_3D('',#10820,#10821,#10822);
#10820 = CARTESIAN_POINT('',(3.4,-2.15,4.996003610813E-16));
#10821 = DIRECTION('',(1.,0.,0.));
#10822 = DIRECTION('',(0.,-1.,0.));
#10823 = ADVANCED_FACE('',(#10824),#10835,.T.);
#10824 = FACE_BOUND('',#10825,.T.);
#10825 = EDGE_LOOP('',(#10826,#10832,#10833,#10834));
#10826 = ORIENTED_EDGE('',*,*,#10827,.F.);
#10827 = EDGE_CURVE('',#9507,#9436,#10828,.T.);
#10828 = LINE('',#10829,#10830);
#10829 = CARTESIAN_POINT('',(2.9,-10.13126161936,0.3));
#10830 = VECTOR('',#10831,1.);
#10831 = DIRECTION('',(0.,1.,2.22044604925E-16));
#10832 = ORIENTED_EDGE('',*,*,#9506,.F.);
#10833 = ORIENTED_EDGE('',*,*,#10812,.F.);
#10834 = ORIENTED_EDGE('',*,*,#9444,.F.);
#10835 = PLANE('',#10836);
#10836 = AXIS2_PLACEMENT_3D('',#10837,#10838,#10839);
#10837 = CARTESIAN_POINT('',(4.5,-10.13126161936,0.3));
#10838 = DIRECTION('',(0.,-2.22044604925E-16,1.));
#10839 = DIRECTION('',(-1.,0.,0.));
#10840 = ADVANCED_FACE('',(#10841),#10852,.F.);
#10841 = FACE_BOUND('',#10842,.F.);
#10842 = EDGE_LOOP('',(#10843,#10844,#10850,#10851));
#10843 = ORIENTED_EDGE('',*,*,#9514,.F.);
#10844 = ORIENTED_EDGE('',*,*,#10845,.T.);
#10845 = EDGE_CURVE('',#9515,#9428,#10846,.T.);
#10846 = LINE('',#10847,#10848);
#10847 = CARTESIAN_POINT('',(2.7,-10.13126161936,0.5));
#10848 = VECTOR('',#10849,1.);
#10849 = DIRECTION('',(0.,1.,2.22044604925E-16));
#10850 = ORIENTED_EDGE('',*,*,#9435,.T.);
#10851 = ORIENTED_EDGE('',*,*,#10827,.F.);
#10852 = CYLINDRICAL_SURFACE('',#10853,0.2);
#10853 = AXIS2_PLACEMENT_3D('',#10854,#10855,#10856);
#10854 = CARTESIAN_POINT('',(2.9,-10.13126161936,0.5));
#10855 = DIRECTION('',(0.,-1.,-2.22044604925E-16));
#10856 = DIRECTION('',(1.,0.,0.));
#10857 = ADVANCED_FACE('',(#10858),#10869,.T.);
#10858 = FACE_BOUND('',#10859,.T.);
#10859 = EDGE_LOOP('',(#10860,#10861,#10862,#10863));
#10860 = ORIENTED_EDGE('',*,*,#9523,.F.);
#10861 = ORIENTED_EDGE('',*,*,#10845,.T.);
#10862 = ORIENTED_EDGE('',*,*,#9427,.F.);
#10863 = ORIENTED_EDGE('',*,*,#10864,.F.);
#10864 = EDGE_CURVE('',#9524,#9420,#10865,.T.);
#10865 = LINE('',#10866,#10867);
#10866 = CARTESIAN_POINT('',(2.7,-6.190630809682,1.8));
#10867 = VECTOR('',#10868,1.);
#10868 = DIRECTION('',(0.,1.,0.));
#10869 = PLANE('',#10870);
#10870 = AXIS2_PLACEMENT_3D('',#10871,#10872,#10873);
#10871 = CARTESIAN_POINT('',(2.7,-10.13126161936,0.5));
#10872 = DIRECTION('',(1.,0.,0.));
#10873 = DIRECTION('',(0.,-2.22044604925E-16,1.));
#10874 = ADVANCED_FACE('',(#10875),#10881,.T.);
#10875 = FACE_BOUND('',#10876,.T.);
#10876 = EDGE_LOOP('',(#10877,#10878,#10879,#10880));
#10877 = ORIENTED_EDGE('',*,*,#9531,.F.);
#10878 = ORIENTED_EDGE('',*,*,#10864,.T.);
#10879 = ORIENTED_EDGE('',*,*,#9419,.F.);
#10880 = ORIENTED_EDGE('',*,*,#10002,.F.);
#10881 = PLANE('',#10882);
#10882 = AXIS2_PLACEMENT_3D('',#10883,#10884,#10885);
#10883 = CARTESIAN_POINT('',(2.5,-2.25,1.8));
#10884 = DIRECTION('',(0.,0.,1.));
#10885 = DIRECTION('',(1.,0.,-0.));
#10886 = ADVANCED_FACE('',(#10887),#10912,.T.);
#10887 = FACE_BOUND('',#10888,.T.);
#10888 = EDGE_LOOP('',(#10889,#10897,#10898,#10906));
#10889 = ORIENTED_EDGE('',*,*,#10890,.F.);
#10890 = EDGE_CURVE('',#6960,#10891,#10893,.T.);
#10891 = VERTEX_POINT('',#10892);
#10892 = CARTESIAN_POINT('',(0.6,-3.65,0.2));
#10893 = LINE('',#10894,#10895);
#10894 = CARTESIAN_POINT('',(0.6,-3.,0.2));
#10895 = VECTOR('',#10896,1.);
#10896 = DIRECTION('',(-1.883963071018E-13,-1.,0.));
#10897 = ORIENTED_EDGE('',*,*,#9599,.F.);
#10898 = ORIENTED_EDGE('',*,*,#10899,.T.);
#10899 = EDGE_CURVE('',#7424,#10900,#10902,.T.);
#10900 = VERTEX_POINT('',#10901);
#10901 = CARTESIAN_POINT('',(0.6,-3.65,0.5));
#10902 = LINE('',#10903,#10904);
#10903 = CARTESIAN_POINT('',(0.6,-3.,0.5));
#10904 = VECTOR('',#10905,1.);
#10905 = DIRECTION('',(-1.883963071018E-13,-1.,0.));
#10906 = ORIENTED_EDGE('',*,*,#10907,.F.);
#10907 = EDGE_CURVE('',#10891,#10900,#10908,.T.);
#10908 = LINE('',#10909,#10910);
#10909 = CARTESIAN_POINT('',(0.6,-3.65,0.2));
#10910 = VECTOR('',#10911,1.);
#10911 = DIRECTION('',(0.,0.,1.));
#10912 = PLANE('',#10913);
#10913 = AXIS2_PLACEMENT_3D('',#10914,#10915,#10916);
#10914 = CARTESIAN_POINT('',(0.6,-3.,0.2));
#10915 = DIRECTION('',(1.,-1.883963071018E-13,0.));
#10916 = DIRECTION('',(-1.883963071018E-13,-1.,0.));
#10917 = ADVANCED_FACE('',(#10918),#11015,.T.);
#10918 = FACE_BOUND('',#10919,.T.);
#10919 = EDGE_LOOP('',(#10920,#10930,#10939,#10947,#10954,#10955,#10956,
    #10957,#10958,#10959,#10967,#10975,#10984,#10992,#11001,#11009));
#10920 = ORIENTED_EDGE('',*,*,#10921,.F.);
#10921 = EDGE_CURVE('',#10922,#10924,#10926,.T.);
#10922 = VERTEX_POINT('',#10923);
#10923 = CARTESIAN_POINT('',(0.6,-4.55,0.1));
#10924 = VERTEX_POINT('',#10925);
#10925 = CARTESIAN_POINT('',(0.6,-4.55,0.8));
#10926 = LINE('',#10927,#10928);
#10927 = CARTESIAN_POINT('',(0.6,-4.55,0.1));
#10928 = VECTOR('',#10929,1.);
#10929 = DIRECTION('',(-2.22044604925E-16,2.22044604925E-16,1.));
#10930 = ORIENTED_EDGE('',*,*,#10931,.T.);
#10931 = EDGE_CURVE('',#10922,#10932,#10934,.T.);
#10932 = VERTEX_POINT('',#10933);
#10933 = CARTESIAN_POINT('',(0.6,-4.45,1.121325254871E-15));
#10934 = CIRCLE('',#10935,0.1);
#10935 = AXIS2_PLACEMENT_3D('',#10936,#10937,#10938);
#10936 = CARTESIAN_POINT('',(0.6,-4.45,0.1));
#10937 = DIRECTION('',(1.,-2.22044604925E-16,2.22044604925E-16));
#10938 = DIRECTION('',(2.22044604925E-16,1.,-2.22044604925E-16));
#10939 = ORIENTED_EDGE('',*,*,#10940,.F.);
#10940 = EDGE_CURVE('',#10941,#10932,#10943,.T.);
#10941 = VERTEX_POINT('',#10942);
#10942 = CARTESIAN_POINT('',(0.6,-3.65,9.436895709314E-16));
#10943 = LINE('',#10944,#10945);
#10944 = CARTESIAN_POINT('',(0.6,-3.65,9.436895709314E-16));
#10945 = VECTOR('',#10946,1.);
#10946 = DIRECTION('',(-2.22044604925E-16,-1.,2.22044604925E-16));
#10947 = ORIENTED_EDGE('',*,*,#10948,.T.);
#10948 = EDGE_CURVE('',#10941,#9638,#10949,.T.);
#10949 = CIRCLE('',#10950,0.1);
#10950 = AXIS2_PLACEMENT_3D('',#10951,#10952,#10953);
#10951 = CARTESIAN_POINT('',(0.6,-3.65,0.1));
#10952 = DIRECTION('',(1.,-2.22044604925E-16,2.22044604925E-16));
#10953 = DIRECTION('',(2.22044604925E-16,1.,-2.22044604925E-16));
#10954 = ORIENTED_EDGE('',*,*,#9645,.F.);
#10955 = ORIENTED_EDGE('',*,*,#10890,.T.);
#10956 = ORIENTED_EDGE('',*,*,#10907,.T.);
#10957 = ORIENTED_EDGE('',*,*,#10899,.F.);
#10958 = ORIENTED_EDGE('',*,*,#9613,.F.);
#10959 = ORIENTED_EDGE('',*,*,#10960,.F.);
#10960 = EDGE_CURVE('',#10961,#9614,#10963,.T.);
#10961 = VERTEX_POINT('',#10962);
#10962 = CARTESIAN_POINT('',(0.6,-3.75,0.8));
#10963 = LINE('',#10964,#10965);
#10964 = CARTESIAN_POINT('',(0.6,-3.75,0.8));
#10965 = VECTOR('',#10966,1.);
#10966 = DIRECTION('',(2.22044604925E-16,1.,-2.22044604925E-16));
#10967 = ORIENTED_EDGE('',*,*,#10968,.T.);
#10968 = EDGE_CURVE('',#10961,#10969,#10971,.T.);
#10969 = VERTEX_POINT('',#10970);
#10970 = CARTESIAN_POINT('',(0.6,-3.75,0.25));
#10971 = LINE('',#10972,#10973);
#10972 = CARTESIAN_POINT('',(0.6,-3.75,0.8));
#10973 = VECTOR('',#10974,1.);
#10974 = DIRECTION('',(2.22044604925E-16,-2.22044604925E-16,-1.));
#10975 = ORIENTED_EDGE('',*,*,#10976,.F.);
#10976 = EDGE_CURVE('',#10977,#10969,#10979,.T.);
#10977 = VERTEX_POINT('',#10978);
#10978 = CARTESIAN_POINT('',(0.6,-3.8,0.2));
#10979 = CIRCLE('',#10980,5.E-02);
#10980 = AXIS2_PLACEMENT_3D('',#10981,#10982,#10983);
#10981 = CARTESIAN_POINT('',(0.6,-3.8,0.25));
#10982 = DIRECTION('',(1.,-2.22044604925E-16,2.22044604925E-16));
#10983 = DIRECTION('',(2.22044604925E-16,1.,-2.22044604925E-16));
#10984 = ORIENTED_EDGE('',*,*,#10985,.T.);
#10985 = EDGE_CURVE('',#10977,#10986,#10988,.T.);
#10986 = VERTEX_POINT('',#10987);
#10987 = CARTESIAN_POINT('',(0.6,-4.3,0.2));
#10988 = LINE('',#10989,#10990);
#10989 = CARTESIAN_POINT('',(0.6,-3.8,0.2));
#10990 = VECTOR('',#10991,1.);
#10991 = DIRECTION('',(-2.22044604925E-16,-1.,2.22044604925E-16));
#10992 = ORIENTED_EDGE('',*,*,#10993,.F.);
#10993 = EDGE_CURVE('',#10994,#10986,#10996,.T.);
#10994 = VERTEX_POINT('',#10995);
#10995 = CARTESIAN_POINT('',(0.6,-4.35,0.25));
#10996 = CIRCLE('',#10997,5.E-02);
#10997 = AXIS2_PLACEMENT_3D('',#10998,#10999,#11000);
#10998 = CARTESIAN_POINT('',(0.6,-4.3,0.25));
#10999 = DIRECTION('',(1.,-2.22044604925E-16,2.22044604925E-16));
#11000 = DIRECTION('',(2.22044604925E-16,1.,-2.22044604925E-16));
#11001 = ORIENTED_EDGE('',*,*,#11002,.T.);
#11002 = EDGE_CURVE('',#10994,#11003,#11005,.T.);
#11003 = VERTEX_POINT('',#11004);
#11004 = CARTESIAN_POINT('',(0.6,-4.35,0.8));
#11005 = LINE('',#11006,#11007);
#11006 = CARTESIAN_POINT('',(0.6,-4.35,0.25));
#11007 = VECTOR('',#11008,1.);
#11008 = DIRECTION('',(-2.22044604925E-16,2.22044604925E-16,1.));
#11009 = ORIENTED_EDGE('',*,*,#11010,.F.);
#11010 = EDGE_CURVE('',#10924,#11003,#11011,.T.);
#11011 = LINE('',#11012,#11013);
#11012 = CARTESIAN_POINT('',(0.6,-4.55,0.8));
#11013 = VECTOR('',#11014,1.);
#11014 = DIRECTION('',(2.22044604925E-16,1.,-2.22044604925E-16));
#11015 = PLANE('',#11016);
#11016 = AXIS2_PLACEMENT_3D('',#11017,#11018,#11019);
#11017 = CARTESIAN_POINT('',(0.6,-4.05,0.358610818827));
#11018 = DIRECTION('',(1.,-2.26799487272E-16,2.557270239348E-16));
#11019 = DIRECTION('',(-2.557270239348E-16,0.,1.));
#11020 = ADVANCED_FACE('',(#11021),#11040,.T.);
#11021 = FACE_BOUND('',#11022,.T.);
#11022 = EDGE_LOOP('',(#11023,#11031,#11038,#11039));
#11023 = ORIENTED_EDGE('',*,*,#11024,.T.);
#11024 = EDGE_CURVE('',#10941,#11025,#11027,.T.);
#11025 = VERTEX_POINT('',#11026);
#11026 = CARTESIAN_POINT('',(-0.6,-3.65,6.106226635438E-16));
#11027 = LINE('',#11028,#11029);
#11028 = CARTESIAN_POINT('',(0.6,-3.65,9.436895709314E-16));
#11029 = VECTOR('',#11030,1.);
#11030 = DIRECTION('',(-1.,2.22044604925E-16,-2.775557561563E-16));
#11031 = ORIENTED_EDGE('',*,*,#11032,.T.);
#11032 = EDGE_CURVE('',#11025,#9630,#11033,.T.);
#11033 = CIRCLE('',#11034,0.1);
#11034 = AXIS2_PLACEMENT_3D('',#11035,#11036,#11037);
#11035 = CARTESIAN_POINT('',(-0.6,-3.65,0.1));
#11036 = DIRECTION('',(1.,-2.22044604925E-16,2.22044604925E-16));
#11037 = DIRECTION('',(2.22044604925E-16,1.,-2.22044604925E-16));
#11038 = ORIENTED_EDGE('',*,*,#9637,.F.);
#11039 = ORIENTED_EDGE('',*,*,#10948,.F.);
#11040 = CYLINDRICAL_SURFACE('',#11041,0.1);
#11041 = AXIS2_PLACEMENT_3D('',#11042,#11043,#11044);
#11042 = CARTESIAN_POINT('',(0.6,-3.65,0.1));
#11043 = DIRECTION('',(1.,-2.22044604925E-16,2.22044604925E-16));
#11044 = DIRECTION('',(2.22044604925E-16,1.,-2.22044604925E-16));
#11045 = ADVANCED_FACE('',(#11046),#11131,.F.);
#11046 = FACE_BOUND('',#11047,.F.);
#11047 = EDGE_LOOP('',(#11048,#11058,#11067,#11073,#11074,#11075,#11083,
    #11091,#11100,#11108,#11117,#11125));
#11048 = ORIENTED_EDGE('',*,*,#11049,.F.);
#11049 = EDGE_CURVE('',#11050,#11052,#11054,.T.);
#11050 = VERTEX_POINT('',#11051);
#11051 = CARTESIAN_POINT('',(-0.6,-4.55,0.1));
#11052 = VERTEX_POINT('',#11053);
#11053 = CARTESIAN_POINT('',(-0.6,-4.55,0.8));
#11054 = LINE('',#11055,#11056);
#11055 = CARTESIAN_POINT('',(-0.6,-4.55,0.1));
#11056 = VECTOR('',#11057,1.);
#11057 = DIRECTION('',(-2.22044604925E-16,2.22044604925E-16,1.));
#11058 = ORIENTED_EDGE('',*,*,#11059,.T.);
#11059 = EDGE_CURVE('',#11050,#11060,#11062,.T.);
#11060 = VERTEX_POINT('',#11061);
#11061 = CARTESIAN_POINT('',(-0.6,-4.45,7.882583474839E-16));
#11062 = CIRCLE('',#11063,0.1);
#11063 = AXIS2_PLACEMENT_3D('',#11064,#11065,#11066);
#11064 = CARTESIAN_POINT('',(-0.6,-4.45,0.1));
#11065 = DIRECTION('',(1.,-2.22044604925E-16,2.22044604925E-16));
#11066 = DIRECTION('',(2.22044604925E-16,1.,-2.22044604925E-16));
#11067 = ORIENTED_EDGE('',*,*,#11068,.F.);
#11068 = EDGE_CURVE('',#11025,#11060,#11069,.T.);
#11069 = LINE('',#11070,#11071);
#11070 = CARTESIAN_POINT('',(-0.6,-3.65,6.106226635438E-16));
#11071 = VECTOR('',#11072,1.);
#11072 = DIRECTION('',(-2.22044604925E-16,-1.,2.22044604925E-16));
#11073 = ORIENTED_EDGE('',*,*,#11032,.T.);
#11074 = ORIENTED_EDGE('',*,*,#9629,.F.);
#11075 = ORIENTED_EDGE('',*,*,#11076,.F.);
#11076 = EDGE_CURVE('',#11077,#9622,#11079,.T.);
#11077 = VERTEX_POINT('',#11078);
#11078 = CARTESIAN_POINT('',(-0.6,-3.75,0.8));
#11079 = LINE('',#11080,#11081);
#11080 = CARTESIAN_POINT('',(-0.6,-3.75,0.8));
#11081 = VECTOR('',#11082,1.);
#11082 = DIRECTION('',(2.22044604925E-16,1.,-2.22044604925E-16));
#11083 = ORIENTED_EDGE('',*,*,#11084,.T.);
#11084 = EDGE_CURVE('',#11077,#11085,#11087,.T.);
#11085 = VERTEX_POINT('',#11086);
#11086 = CARTESIAN_POINT('',(-0.6,-3.75,0.25));
#11087 = LINE('',#11088,#11089);
#11088 = CARTESIAN_POINT('',(-0.6,-3.75,0.8));
#11089 = VECTOR('',#11090,1.);
#11090 = DIRECTION('',(2.22044604925E-16,-2.22044604925E-16,-1.));
#11091 = ORIENTED_EDGE('',*,*,#11092,.F.);
#11092 = EDGE_CURVE('',#11093,#11085,#11095,.T.);
#11093 = VERTEX_POINT('',#11094);
#11094 = CARTESIAN_POINT('',(-0.6,-3.8,0.2));
#11095 = CIRCLE('',#11096,5.E-02);
#11096 = AXIS2_PLACEMENT_3D('',#11097,#11098,#11099);
#11097 = CARTESIAN_POINT('',(-0.6,-3.8,0.25));
#11098 = DIRECTION('',(1.,-2.22044604925E-16,2.22044604925E-16));
#11099 = DIRECTION('',(2.22044604925E-16,1.,-2.22044604925E-16));
#11100 = ORIENTED_EDGE('',*,*,#11101,.T.);
#11101 = EDGE_CURVE('',#11093,#11102,#11104,.T.);
#11102 = VERTEX_POINT('',#11103);
#11103 = CARTESIAN_POINT('',(-0.6,-4.3,0.2));
#11104 = LINE('',#11105,#11106);
#11105 = CARTESIAN_POINT('',(-0.6,-3.8,0.2));
#11106 = VECTOR('',#11107,1.);
#11107 = DIRECTION('',(-2.22044604925E-16,-1.,2.22044604925E-16));
#11108 = ORIENTED_EDGE('',*,*,#11109,.F.);
#11109 = EDGE_CURVE('',#11110,#11102,#11112,.T.);
#11110 = VERTEX_POINT('',#11111);
#11111 = CARTESIAN_POINT('',(-0.6,-4.35,0.25));
#11112 = CIRCLE('',#11113,5.E-02);
#11113 = AXIS2_PLACEMENT_3D('',#11114,#11115,#11116);
#11114 = CARTESIAN_POINT('',(-0.6,-4.3,0.25));
#11115 = DIRECTION('',(1.,-2.22044604925E-16,2.22044604925E-16));
#11116 = DIRECTION('',(2.22044604925E-16,1.,-2.22044604925E-16));
#11117 = ORIENTED_EDGE('',*,*,#11118,.T.);
#11118 = EDGE_CURVE('',#11110,#11119,#11121,.T.);
#11119 = VERTEX_POINT('',#11120);
#11120 = CARTESIAN_POINT('',(-0.6,-4.35,0.8));
#11121 = LINE('',#11122,#11123);
#11122 = CARTESIAN_POINT('',(-0.6,-4.35,0.25));
#11123 = VECTOR('',#11124,1.);
#11124 = DIRECTION('',(-2.22044604925E-16,2.22044604925E-16,1.));
#11125 = ORIENTED_EDGE('',*,*,#11126,.F.);
#11126 = EDGE_CURVE('',#11052,#11119,#11127,.T.);
#11127 = LINE('',#11128,#11129);
#11128 = CARTESIAN_POINT('',(-0.6,-4.55,0.8));
#11129 = VECTOR('',#11130,1.);
#11130 = DIRECTION('',(2.22044604925E-16,1.,-2.22044604925E-16));
#11131 = PLANE('',#11132);
#11132 = AXIS2_PLACEMENT_3D('',#11133,#11134,#11135);
#11133 = CARTESIAN_POINT('',(-0.6,-4.05,0.358610818827));
#11134 = DIRECTION('',(1.,-2.26799487272E-16,2.557270239348E-16));
#11135 = DIRECTION('',(-2.557270239348E-16,0.,1.));
#11136 = ADVANCED_FACE('',(#11137),#11148,.F.);
#11137 = FACE_BOUND('',#11138,.F.);
#11138 = EDGE_LOOP('',(#11139,#11145,#11146,#11147));
#11139 = ORIENTED_EDGE('',*,*,#11140,.T.);
#11140 = EDGE_CURVE('',#10961,#11077,#11141,.T.);
#11141 = LINE('',#11142,#11143);
#11142 = CARTESIAN_POINT('',(0.6,-3.75,0.8));
#11143 = VECTOR('',#11144,1.);
#11144 = DIRECTION('',(-1.,2.22044604925E-16,-2.775557561563E-16));
#11145 = ORIENTED_EDGE('',*,*,#11076,.T.);
#11146 = ORIENTED_EDGE('',*,*,#9621,.F.);
#11147 = ORIENTED_EDGE('',*,*,#10960,.F.);
#11148 = PLANE('',#11149);
#11149 = AXIS2_PLACEMENT_3D('',#11150,#11151,#11152);
#11150 = CARTESIAN_POINT('',(0.6,-3.75,0.8));
#11151 = DIRECTION('',(2.775557561563E-16,-2.22044604925E-16,-1.));
#11152 = DIRECTION('',(2.22044604925E-16,1.,-2.22044604925E-16));
#11153 = ADVANCED_FACE('',(#11154),#11270,.T.);
#11154 = FACE_BOUND('',#11155,.F.);
#11155 = EDGE_LOOP('',(#11156,#11166,#11175,#11183,#11190,#11191,#11199,
    #11207,#11213,#11214,#11222,#11230,#11239,#11247,#11256,#11264));
#11156 = ORIENTED_EDGE('',*,*,#11157,.F.);
#11157 = EDGE_CURVE('',#11158,#11160,#11162,.T.);
#11158 = VERTEX_POINT('',#11159);
#11159 = CARTESIAN_POINT('',(0.6,4.55,0.1));
#11160 = VERTEX_POINT('',#11161);
#11161 = CARTESIAN_POINT('',(0.6,4.55,0.8));
#11162 = LINE('',#11163,#11164);
#11163 = CARTESIAN_POINT('',(0.6,4.55,0.1));
#11164 = VECTOR('',#11165,1.);
#11165 = DIRECTION('',(-2.22044604925E-16,-6.661338147751E-16,1.));
#11166 = ORIENTED_EDGE('',*,*,#11167,.T.);
#11167 = EDGE_CURVE('',#11158,#11168,#11170,.T.);
#11168 = VERTEX_POINT('',#11169);
#11169 = CARTESIAN_POINT('',(0.6,4.45,3.097522238704E-15));
#11170 = CIRCLE('',#11171,0.1);
#11171 = AXIS2_PLACEMENT_3D('',#11172,#11173,#11174);
#11172 = CARTESIAN_POINT('',(0.6,4.45,0.1));
#11173 = DIRECTION('',(-1.,-2.22044604925E-16,-2.22044604925E-16));
#11174 = DIRECTION('',(2.22044604925E-16,-1.,-6.661338147751E-16));
#11175 = ORIENTED_EDGE('',*,*,#11176,.F.);
#11176 = EDGE_CURVE('',#11177,#11168,#11179,.T.);
#11177 = VERTEX_POINT('',#11178);
#11178 = CARTESIAN_POINT('',(0.6,3.65,2.564615186884E-15));
#11179 = LINE('',#11180,#11181);
#11180 = CARTESIAN_POINT('',(0.6,3.65,2.564615186884E-15));
#11181 = VECTOR('',#11182,1.);
#11182 = DIRECTION('',(-2.22044604925E-16,1.,6.661338147751E-16));
#11183 = ORIENTED_EDGE('',*,*,#11184,.T.);
#11184 = EDGE_CURVE('',#11177,#9709,#11185,.T.);
#11185 = CIRCLE('',#11186,0.1);
#11186 = AXIS2_PLACEMENT_3D('',#11187,#11188,#11189);
#11187 = CARTESIAN_POINT('',(0.6,3.65,0.1));
#11188 = DIRECTION('',(-1.,-2.22044604925E-16,-2.22044604925E-16));
#11189 = DIRECTION('',(2.22044604925E-16,-1.,-6.661338147751E-16));
#11190 = ORIENTED_EDGE('',*,*,#9716,.F.);
#11191 = ORIENTED_EDGE('',*,*,#11192,.F.);
#11192 = EDGE_CURVE('',#11193,#6936,#11195,.T.);
#11193 = VERTEX_POINT('',#11194);
#11194 = CARTESIAN_POINT('',(0.6,3.65,0.2));
#11195 = LINE('',#11196,#11197);
#11196 = CARTESIAN_POINT('',(0.6,3.65,0.2));
#11197 = VECTOR('',#11198,1.);
#11198 = DIRECTION('',(-1.880547000173E-13,-1.,0.));
#11199 = ORIENTED_EDGE('',*,*,#11200,.T.);
#11200 = EDGE_CURVE('',#11193,#11201,#11203,.T.);
#11201 = VERTEX_POINT('',#11202);
#11202 = CARTESIAN_POINT('',(0.6,3.65,0.5));
#11203 = LINE('',#11204,#11205);
#11204 = CARTESIAN_POINT('',(0.6,3.65,0.2));
#11205 = VECTOR('',#11206,1.);
#11206 = DIRECTION('',(0.,0.,1.));
#11207 = ORIENTED_EDGE('',*,*,#11208,.T.);
#11208 = EDGE_CURVE('',#11201,#7400,#11209,.T.);
#11209 = LINE('',#11210,#11211);
#11210 = CARTESIAN_POINT('',(0.6,3.65,0.5));
#11211 = VECTOR('',#11212,1.);
#11212 = DIRECTION('',(-1.880547000173E-13,-1.,0.));
#11213 = ORIENTED_EDGE('',*,*,#9684,.F.);
#11214 = ORIENTED_EDGE('',*,*,#11215,.F.);
#11215 = EDGE_CURVE('',#11216,#9685,#11218,.T.);
#11216 = VERTEX_POINT('',#11217);
#11217 = CARTESIAN_POINT('',(0.6,3.75,0.8));
#11218 = LINE('',#11219,#11220);
#11219 = CARTESIAN_POINT('',(0.6,3.75,0.8));
#11220 = VECTOR('',#11221,1.);
#11221 = DIRECTION('',(2.22044604925E-16,-1.,-6.661338147751E-16));
#11222 = ORIENTED_EDGE('',*,*,#11223,.T.);
#11223 = EDGE_CURVE('',#11216,#11224,#11226,.T.);
#11224 = VERTEX_POINT('',#11225);
#11225 = CARTESIAN_POINT('',(0.6,3.75,0.25));
#11226 = LINE('',#11227,#11228);
#11227 = CARTESIAN_POINT('',(0.6,3.75,0.8));
#11228 = VECTOR('',#11229,1.);
#11229 = DIRECTION('',(2.22044604925E-16,6.661338147751E-16,-1.));
#11230 = ORIENTED_EDGE('',*,*,#11231,.F.);
#11231 = EDGE_CURVE('',#11232,#11224,#11234,.T.);
#11232 = VERTEX_POINT('',#11233);
#11233 = CARTESIAN_POINT('',(0.6,3.8,0.2));
#11234 = CIRCLE('',#11235,5.E-02);
#11235 = AXIS2_PLACEMENT_3D('',#11236,#11237,#11238);
#11236 = CARTESIAN_POINT('',(0.6,3.8,0.25));
#11237 = DIRECTION('',(-1.,-2.22044604925E-16,-2.22044604925E-16));
#11238 = DIRECTION('',(2.22044604925E-16,-1.,-6.661338147751E-16));
#11239 = ORIENTED_EDGE('',*,*,#11240,.T.);
#11240 = EDGE_CURVE('',#11232,#11241,#11243,.T.);
#11241 = VERTEX_POINT('',#11242);
#11242 = CARTESIAN_POINT('',(0.6,4.3,0.2));
#11243 = LINE('',#11244,#11245);
#11244 = CARTESIAN_POINT('',(0.6,3.8,0.2));
#11245 = VECTOR('',#11246,1.);
#11246 = DIRECTION('',(-2.22044604925E-16,1.,6.661338147751E-16));
#11247 = ORIENTED_EDGE('',*,*,#11248,.F.);
#11248 = EDGE_CURVE('',#11249,#11241,#11251,.T.);
#11249 = VERTEX_POINT('',#11250);
#11250 = CARTESIAN_POINT('',(0.6,4.35,0.25));
#11251 = CIRCLE('',#11252,5.E-02);
#11252 = AXIS2_PLACEMENT_3D('',#11253,#11254,#11255);
#11253 = CARTESIAN_POINT('',(0.6,4.3,0.25));
#11254 = DIRECTION('',(-1.,-2.22044604925E-16,-2.22044604925E-16));
#11255 = DIRECTION('',(2.22044604925E-16,-1.,-6.661338147751E-16));
#11256 = ORIENTED_EDGE('',*,*,#11257,.T.);
#11257 = EDGE_CURVE('',#11249,#11258,#11260,.T.);
#11258 = VERTEX_POINT('',#11259);
#11259 = CARTESIAN_POINT('',(0.6,4.35,0.8));
#11260 = LINE('',#11261,#11262);
#11261 = CARTESIAN_POINT('',(0.6,4.35,0.25));
#11262 = VECTOR('',#11263,1.);
#11263 = DIRECTION('',(-2.22044604925E-16,-6.661338147751E-16,1.));
#11264 = ORIENTED_EDGE('',*,*,#11265,.F.);
#11265 = EDGE_CURVE('',#11160,#11258,#11266,.T.);
#11266 = LINE('',#11267,#11268);
#11267 = CARTESIAN_POINT('',(0.6,4.55,0.8));
#11268 = VECTOR('',#11269,1.);
#11269 = DIRECTION('',(2.22044604925E-16,-1.,-6.661338147751E-16));
#11270 = PLANE('',#11271);
#11271 = AXIS2_PLACEMENT_3D('',#11272,#11273,#11274);
#11272 = CARTESIAN_POINT('',(0.6,4.05,0.358610818827));
#11273 = DIRECTION('',(1.,2.26799487272E-16,2.557270239348E-16));
#11274 = DIRECTION('',(2.557270239348E-16,4.440892098501E-16,-1.));
#11275 = ADVANCED_FACE('',(#11276),#11295,.T.);
#11276 = FACE_BOUND('',#11277,.T.);
#11277 = EDGE_LOOP('',(#11278,#11279,#11280,#11289));
#11278 = ORIENTED_EDGE('',*,*,#11184,.T.);
#11279 = ORIENTED_EDGE('',*,*,#9708,.T.);
#11280 = ORIENTED_EDGE('',*,*,#11281,.F.);
#11281 = EDGE_CURVE('',#11282,#9701,#11284,.T.);
#11282 = VERTEX_POINT('',#11283);
#11283 = CARTESIAN_POINT('',(-0.6,3.65,2.231548279497E-15));
#11284 = CIRCLE('',#11285,0.1);
#11285 = AXIS2_PLACEMENT_3D('',#11286,#11287,#11288);
#11286 = CARTESIAN_POINT('',(-0.6,3.65,0.1));
#11287 = DIRECTION('',(-1.,-2.22044604925E-16,-2.22044604925E-16));
#11288 = DIRECTION('',(2.22044604925E-16,-1.,-6.661338147751E-16));
#11289 = ORIENTED_EDGE('',*,*,#11290,.F.);
#11290 = EDGE_CURVE('',#11177,#11282,#11291,.T.);
#11291 = LINE('',#11292,#11293);
#11292 = CARTESIAN_POINT('',(0.6,3.65,2.564615186884E-15));
#11293 = VECTOR('',#11294,1.);
#11294 = DIRECTION('',(-1.,-2.22044604925E-16,-2.775557561563E-16));
#11295 = CYLINDRICAL_SURFACE('',#11296,0.1);
#11296 = AXIS2_PLACEMENT_3D('',#11297,#11298,#11299);
#11297 = CARTESIAN_POINT('',(0.6,3.65,0.1));
#11298 = DIRECTION('',(1.,2.22044604925E-16,2.22044604925E-16));
#11299 = DIRECTION('',(2.22044604925E-16,-1.,-6.661338147751E-16));
#11300 = ADVANCED_FACE('',(#11301),#11386,.F.);
#11301 = FACE_BOUND('',#11302,.T.);
#11302 = EDGE_LOOP('',(#11303,#11313,#11322,#11328,#11329,#11330,#11338,
    #11346,#11355,#11363,#11372,#11380));
#11303 = ORIENTED_EDGE('',*,*,#11304,.F.);
#11304 = EDGE_CURVE('',#11305,#11307,#11309,.T.);
#11305 = VERTEX_POINT('',#11306);
#11306 = CARTESIAN_POINT('',(-0.6,4.55,0.1));
#11307 = VERTEX_POINT('',#11308);
#11308 = CARTESIAN_POINT('',(-0.6,4.55,0.8));
#11309 = LINE('',#11310,#11311);
#11310 = CARTESIAN_POINT('',(-0.6,4.55,0.1));
#11311 = VECTOR('',#11312,1.);
#11312 = DIRECTION('',(-2.22044604925E-16,-6.661338147751E-16,1.));
#11313 = ORIENTED_EDGE('',*,*,#11314,.T.);
#11314 = EDGE_CURVE('',#11305,#11315,#11317,.T.);
#11315 = VERTEX_POINT('',#11316);
#11316 = CARTESIAN_POINT('',(-0.6,4.45,2.764455331317E-15));
#11317 = CIRCLE('',#11318,0.1);
#11318 = AXIS2_PLACEMENT_3D('',#11319,#11320,#11321);
#11319 = CARTESIAN_POINT('',(-0.6,4.45,0.1));
#11320 = DIRECTION('',(-1.,-2.22044604925E-16,-2.22044604925E-16));
#11321 = DIRECTION('',(2.22044604925E-16,-1.,-6.661338147751E-16));
#11322 = ORIENTED_EDGE('',*,*,#11323,.F.);
#11323 = EDGE_CURVE('',#11282,#11315,#11324,.T.);
#11324 = LINE('',#11325,#11326);
#11325 = CARTESIAN_POINT('',(-0.6,3.65,2.231548279497E-15));
#11326 = VECTOR('',#11327,1.);
#11327 = DIRECTION('',(-2.22044604925E-16,1.,6.661338147751E-16));
#11328 = ORIENTED_EDGE('',*,*,#11281,.T.);
#11329 = ORIENTED_EDGE('',*,*,#9700,.F.);
#11330 = ORIENTED_EDGE('',*,*,#11331,.F.);
#11331 = EDGE_CURVE('',#11332,#9693,#11334,.T.);
#11332 = VERTEX_POINT('',#11333);
#11333 = CARTESIAN_POINT('',(-0.6,3.75,0.8));
#11334 = LINE('',#11335,#11336);
#11335 = CARTESIAN_POINT('',(-0.6,3.75,0.8));
#11336 = VECTOR('',#11337,1.);
#11337 = DIRECTION('',(2.22044604925E-16,-1.,-6.661338147751E-16));
#11338 = ORIENTED_EDGE('',*,*,#11339,.T.);
#11339 = EDGE_CURVE('',#11332,#11340,#11342,.T.);
#11340 = VERTEX_POINT('',#11341);
#11341 = CARTESIAN_POINT('',(-0.6,3.75,0.25));
#11342 = LINE('',#11343,#11344);
#11343 = CARTESIAN_POINT('',(-0.6,3.75,0.8));
#11344 = VECTOR('',#11345,1.);
#11345 = DIRECTION('',(2.22044604925E-16,6.661338147751E-16,-1.));
#11346 = ORIENTED_EDGE('',*,*,#11347,.F.);
#11347 = EDGE_CURVE('',#11348,#11340,#11350,.T.);
#11348 = VERTEX_POINT('',#11349);
#11349 = CARTESIAN_POINT('',(-0.6,3.8,0.2));
#11350 = CIRCLE('',#11351,5.E-02);
#11351 = AXIS2_PLACEMENT_3D('',#11352,#11353,#11354);
#11352 = CARTESIAN_POINT('',(-0.6,3.8,0.25));
#11353 = DIRECTION('',(-1.,-2.22044604925E-16,-2.22044604925E-16));
#11354 = DIRECTION('',(2.22044604925E-16,-1.,-6.661338147751E-16));
#11355 = ORIENTED_EDGE('',*,*,#11356,.T.);
#11356 = EDGE_CURVE('',#11348,#11357,#11359,.T.);
#11357 = VERTEX_POINT('',#11358);
#11358 = CARTESIAN_POINT('',(-0.6,4.3,0.2));
#11359 = LINE('',#11360,#11361);
#11360 = CARTESIAN_POINT('',(-0.6,3.8,0.2));
#11361 = VECTOR('',#11362,1.);
#11362 = DIRECTION('',(-2.22044604925E-16,1.,6.661338147751E-16));
#11363 = ORIENTED_EDGE('',*,*,#11364,.F.);
#11364 = EDGE_CURVE('',#11365,#11357,#11367,.T.);
#11365 = VERTEX_POINT('',#11366);
#11366 = CARTESIAN_POINT('',(-0.6,4.35,0.25));
#11367 = CIRCLE('',#11368,5.E-02);
#11368 = AXIS2_PLACEMENT_3D('',#11369,#11370,#11371);
#11369 = CARTESIAN_POINT('',(-0.6,4.3,0.25));
#11370 = DIRECTION('',(-1.,-2.22044604925E-16,-2.22044604925E-16));
#11371 = DIRECTION('',(2.22044604925E-16,-1.,-6.661338147751E-16));
#11372 = ORIENTED_EDGE('',*,*,#11373,.T.);
#11373 = EDGE_CURVE('',#11365,#11374,#11376,.T.);
#11374 = VERTEX_POINT('',#11375);
#11375 = CARTESIAN_POINT('',(-0.6,4.35,0.8));
#11376 = LINE('',#11377,#11378);
#11377 = CARTESIAN_POINT('',(-0.6,4.35,0.25));
#11378 = VECTOR('',#11379,1.);
#11379 = DIRECTION('',(-2.22044604925E-16,-6.661338147751E-16,1.));
#11380 = ORIENTED_EDGE('',*,*,#11381,.F.);
#11381 = EDGE_CURVE('',#11307,#11374,#11382,.T.);
#11382 = LINE('',#11383,#11384);
#11383 = CARTESIAN_POINT('',(-0.6,4.55,0.8));
#11384 = VECTOR('',#11385,1.);
#11385 = DIRECTION('',(2.22044604925E-16,-1.,-6.661338147751E-16));
#11386 = PLANE('',#11387);
#11387 = AXIS2_PLACEMENT_3D('',#11388,#11389,#11390);
#11388 = CARTESIAN_POINT('',(-0.6,4.05,0.358610818827));
#11389 = DIRECTION('',(1.,2.26799487272E-16,2.557270239348E-16));
#11390 = DIRECTION('',(2.557270239348E-16,4.440892098501E-16,-1.));
#11391 = ADVANCED_FACE('',(#11392),#11403,.F.);
#11392 = FACE_BOUND('',#11393,.T.);
#11393 = EDGE_LOOP('',(#11394,#11400,#11401,#11402));
#11394 = ORIENTED_EDGE('',*,*,#11395,.T.);
#11395 = EDGE_CURVE('',#11216,#11332,#11396,.T.);
#11396 = LINE('',#11397,#11398);
#11397 = CARTESIAN_POINT('',(0.6,3.75,0.8));
#11398 = VECTOR('',#11399,1.);
#11399 = DIRECTION('',(-1.,-2.22044604925E-16,-2.775557561563E-16));
#11400 = ORIENTED_EDGE('',*,*,#11331,.T.);
#11401 = ORIENTED_EDGE('',*,*,#9692,.F.);
#11402 = ORIENTED_EDGE('',*,*,#11215,.F.);
#11403 = PLANE('',#11404);
#11404 = AXIS2_PLACEMENT_3D('',#11405,#11406,#11407);
#11405 = CARTESIAN_POINT('',(0.6,3.75,0.8));
#11406 = DIRECTION('',(2.775557561563E-16,6.661338147751E-16,-1.));
#11407 = DIRECTION('',(-2.22044604925E-16,1.,6.661338147751E-16));
#11408 = ADVANCED_FACE('',(#11409),#11415,.T.);
#11409 = FACE_BOUND('',#11410,.T.);
#11410 = EDGE_LOOP('',(#11411,#11412,#11413,#11414));
#11411 = ORIENTED_EDGE('',*,*,#11192,.F.);
#11412 = ORIENTED_EDGE('',*,*,#11200,.T.);
#11413 = ORIENTED_EDGE('',*,*,#11208,.T.);
#11414 = ORIENTED_EDGE('',*,*,#9734,.T.);
#11415 = PLANE('',#11416);
#11416 = AXIS2_PLACEMENT_3D('',#11417,#11418,#11419);
#11417 = CARTESIAN_POINT('',(0.6,3.65,0.2));
#11418 = DIRECTION('',(1.,-1.880547000173E-13,0.));
#11419 = DIRECTION('',(-1.880547000173E-13,-1.,0.));
#11420 = ADVANCED_FACE('',(#11421),#11437,.F.);
#11421 = FACE_BOUND('',#11422,.F.);
#11422 = EDGE_LOOP('',(#11423,#11429,#11430,#11436));
#11423 = ORIENTED_EDGE('',*,*,#11424,.T.);
#11424 = EDGE_CURVE('',#10922,#11050,#11425,.T.);
#11425 = LINE('',#11426,#11427);
#11426 = CARTESIAN_POINT('',(0.6,-4.55,0.1));
#11427 = VECTOR('',#11428,1.);
#11428 = DIRECTION('',(-1.,2.22044604925E-16,-2.775557561563E-16));
#11429 = ORIENTED_EDGE('',*,*,#11049,.T.);
#11430 = ORIENTED_EDGE('',*,*,#11431,.F.);
#11431 = EDGE_CURVE('',#10924,#11052,#11432,.T.);
#11432 = LINE('',#11433,#11434);
#11433 = CARTESIAN_POINT('',(0.6,-4.55,0.8));
#11434 = VECTOR('',#11435,1.);
#11435 = DIRECTION('',(-1.,2.22044604925E-16,-2.775557561563E-16));
#11436 = ORIENTED_EDGE('',*,*,#10921,.F.);
#11437 = PLANE('',#11438);
#11438 = AXIS2_PLACEMENT_3D('',#11439,#11440,#11441);
#11439 = CARTESIAN_POINT('',(0.6,-4.55,0.1));
#11440 = DIRECTION('',(2.22044604925E-16,1.,-2.22044604925E-16));
#11441 = DIRECTION('',(-2.22044604925E-16,2.22044604925E-16,1.));
#11442 = ADVANCED_FACE('',(#11443),#11454,.F.);
#11443 = FACE_BOUND('',#11444,.F.);
#11444 = EDGE_LOOP('',(#11445,#11446,#11447,#11453));
#11445 = ORIENTED_EDGE('',*,*,#11431,.T.);
#11446 = ORIENTED_EDGE('',*,*,#11126,.T.);
#11447 = ORIENTED_EDGE('',*,*,#11448,.F.);
#11448 = EDGE_CURVE('',#11003,#11119,#11449,.T.);
#11449 = LINE('',#11450,#11451);
#11450 = CARTESIAN_POINT('',(0.6,-4.35,0.8));
#11451 = VECTOR('',#11452,1.);
#11452 = DIRECTION('',(-1.,2.22044604925E-16,-2.775557561563E-16));
#11453 = ORIENTED_EDGE('',*,*,#11010,.F.);
#11454 = PLANE('',#11455);
#11455 = AXIS2_PLACEMENT_3D('',#11456,#11457,#11458);
#11456 = CARTESIAN_POINT('',(0.6,-4.55,0.8));
#11457 = DIRECTION('',(2.775557561563E-16,-2.22044604925E-16,-1.));
#11458 = DIRECTION('',(2.22044604925E-16,1.,-2.22044604925E-16));
#11459 = ADVANCED_FACE('',(#11460),#11471,.T.);
#11460 = FACE_BOUND('',#11461,.T.);
#11461 = EDGE_LOOP('',(#11462,#11468,#11469,#11470));
#11462 = ORIENTED_EDGE('',*,*,#11463,.T.);
#11463 = EDGE_CURVE('',#10994,#11110,#11464,.T.);
#11464 = LINE('',#11465,#11466);
#11465 = CARTESIAN_POINT('',(0.6,-4.35,0.25));
#11466 = VECTOR('',#11467,1.);
#11467 = DIRECTION('',(-1.,2.22044604925E-16,-2.775557561563E-16));
#11468 = ORIENTED_EDGE('',*,*,#11118,.T.);
#11469 = ORIENTED_EDGE('',*,*,#11448,.F.);
#11470 = ORIENTED_EDGE('',*,*,#11002,.F.);
#11471 = PLANE('',#11472);
#11472 = AXIS2_PLACEMENT_3D('',#11473,#11474,#11475);
#11473 = CARTESIAN_POINT('',(0.6,-4.35,0.25));
#11474 = DIRECTION('',(2.22044604925E-16,1.,-2.22044604925E-16));
#11475 = DIRECTION('',(-2.22044604925E-16,2.22044604925E-16,1.));
#11476 = ADVANCED_FACE('',(#11477),#11488,.F.);
#11477 = FACE_BOUND('',#11478,.F.);
#11478 = EDGE_LOOP('',(#11479,#11480,#11481,#11487));
#11479 = ORIENTED_EDGE('',*,*,#11463,.T.);
#11480 = ORIENTED_EDGE('',*,*,#11109,.T.);
#11481 = ORIENTED_EDGE('',*,*,#11482,.F.);
#11482 = EDGE_CURVE('',#10986,#11102,#11483,.T.);
#11483 = LINE('',#11484,#11485);
#11484 = CARTESIAN_POINT('',(0.6,-4.3,0.2));
#11485 = VECTOR('',#11486,1.);
#11486 = DIRECTION('',(-1.,2.22044604925E-16,-2.775557561563E-16));
#11487 = ORIENTED_EDGE('',*,*,#10993,.F.);
#11488 = CYLINDRICAL_SURFACE('',#11489,5.E-02);
#11489 = AXIS2_PLACEMENT_3D('',#11490,#11491,#11492);
#11490 = CARTESIAN_POINT('',(0.6,-4.3,0.25));
#11491 = DIRECTION('',(1.,-2.22044604925E-16,2.22044604925E-16));
#11492 = DIRECTION('',(2.22044604925E-16,1.,-2.22044604925E-16));
#11493 = ADVANCED_FACE('',(#11494),#11505,.T.);
#11494 = FACE_BOUND('',#11495,.T.);
#11495 = EDGE_LOOP('',(#11496,#11502,#11503,#11504));
#11496 = ORIENTED_EDGE('',*,*,#11497,.T.);
#11497 = EDGE_CURVE('',#10977,#11093,#11498,.T.);
#11498 = LINE('',#11499,#11500);
#11499 = CARTESIAN_POINT('',(0.6,-3.8,0.2));
#11500 = VECTOR('',#11501,1.);
#11501 = DIRECTION('',(-1.,2.22044604925E-16,-2.775557561563E-16));
#11502 = ORIENTED_EDGE('',*,*,#11101,.T.);
#11503 = ORIENTED_EDGE('',*,*,#11482,.F.);
#11504 = ORIENTED_EDGE('',*,*,#10985,.F.);
#11505 = PLANE('',#11506);
#11506 = AXIS2_PLACEMENT_3D('',#11507,#11508,#11509);
#11507 = CARTESIAN_POINT('',(0.6,-3.8,0.2));
#11508 = DIRECTION('',(-2.775557561563E-16,2.22044604925E-16,1.));
#11509 = DIRECTION('',(-2.22044604925E-16,-1.,2.22044604925E-16));
#11510 = ADVANCED_FACE('',(#11511),#11522,.F.);
#11511 = FACE_BOUND('',#11512,.F.);
#11512 = EDGE_LOOP('',(#11513,#11514,#11515,#11521));
#11513 = ORIENTED_EDGE('',*,*,#11497,.T.);
#11514 = ORIENTED_EDGE('',*,*,#11092,.T.);
#11515 = ORIENTED_EDGE('',*,*,#11516,.F.);
#11516 = EDGE_CURVE('',#10969,#11085,#11517,.T.);
#11517 = LINE('',#11518,#11519);
#11518 = CARTESIAN_POINT('',(0.6,-3.75,0.25));
#11519 = VECTOR('',#11520,1.);
#11520 = DIRECTION('',(-1.,2.22044604925E-16,-2.775557561563E-16));
#11521 = ORIENTED_EDGE('',*,*,#10976,.F.);
#11522 = CYLINDRICAL_SURFACE('',#11523,5.E-02);
#11523 = AXIS2_PLACEMENT_3D('',#11524,#11525,#11526);
#11524 = CARTESIAN_POINT('',(0.6,-3.8,0.25));
#11525 = DIRECTION('',(1.,-2.22044604925E-16,2.22044604925E-16));
#11526 = DIRECTION('',(2.22044604925E-16,1.,-2.22044604925E-16));
#11527 = ADVANCED_FACE('',(#11528),#11534,.T.);
#11528 = FACE_BOUND('',#11529,.T.);
#11529 = EDGE_LOOP('',(#11530,#11531,#11532,#11533));
#11530 = ORIENTED_EDGE('',*,*,#11140,.T.);
#11531 = ORIENTED_EDGE('',*,*,#11084,.T.);
#11532 = ORIENTED_EDGE('',*,*,#11516,.F.);
#11533 = ORIENTED_EDGE('',*,*,#10968,.F.);
#11534 = PLANE('',#11535);
#11535 = AXIS2_PLACEMENT_3D('',#11536,#11537,#11538);
#11536 = CARTESIAN_POINT('',(0.6,-3.75,0.8));
#11537 = DIRECTION('',(-2.22044604925E-16,-1.,2.22044604925E-16));
#11538 = DIRECTION('',(2.22044604925E-16,-2.22044604925E-16,-1.));
#11539 = ADVANCED_FACE('',(#11540),#11551,.F.);
#11540 = FACE_BOUND('',#11541,.F.);
#11541 = EDGE_LOOP('',(#11542,#11543,#11544,#11550));
#11542 = ORIENTED_EDGE('',*,*,#11024,.T.);
#11543 = ORIENTED_EDGE('',*,*,#11068,.T.);
#11544 = ORIENTED_EDGE('',*,*,#11545,.F.);
#11545 = EDGE_CURVE('',#10932,#11060,#11546,.T.);
#11546 = LINE('',#11547,#11548);
#11547 = CARTESIAN_POINT('',(0.6,-4.45,1.121325254871E-15));
#11548 = VECTOR('',#11549,1.);
#11549 = DIRECTION('',(-1.,2.22044604925E-16,-2.775557561563E-16));
#11550 = ORIENTED_EDGE('',*,*,#10940,.F.);
#11551 = PLANE('',#11552);
#11552 = AXIS2_PLACEMENT_3D('',#11553,#11554,#11555);
#11553 = CARTESIAN_POINT('',(0.6,-3.65,9.436895709314E-16));
#11554 = DIRECTION('',(-2.775557561563E-16,2.22044604925E-16,1.));
#11555 = DIRECTION('',(-2.22044604925E-16,-1.,2.22044604925E-16));
#11556 = ADVANCED_FACE('',(#11557),#11563,.T.);
#11557 = FACE_BOUND('',#11558,.T.);
#11558 = EDGE_LOOP('',(#11559,#11560,#11561,#11562));
#11559 = ORIENTED_EDGE('',*,*,#11424,.T.);
#11560 = ORIENTED_EDGE('',*,*,#11059,.T.);
#11561 = ORIENTED_EDGE('',*,*,#11545,.F.);
#11562 = ORIENTED_EDGE('',*,*,#10931,.F.);
#11563 = CYLINDRICAL_SURFACE('',#11564,0.1);
#11564 = AXIS2_PLACEMENT_3D('',#11565,#11566,#11567);
#11565 = CARTESIAN_POINT('',(0.6,-4.45,0.1));
#11566 = DIRECTION('',(1.,-2.22044604925E-16,2.22044604925E-16));
#11567 = DIRECTION('',(2.22044604925E-16,1.,-2.22044604925E-16));
#11568 = ADVANCED_FACE('',(#11569),#11585,.F.);
#11569 = FACE_BOUND('',#11570,.T.);
#11570 = EDGE_LOOP('',(#11571,#11577,#11578,#11584));
#11571 = ORIENTED_EDGE('',*,*,#11572,.T.);
#11572 = EDGE_CURVE('',#11158,#11305,#11573,.T.);
#11573 = LINE('',#11574,#11575);
#11574 = CARTESIAN_POINT('',(0.6,4.55,0.1));
#11575 = VECTOR('',#11576,1.);
#11576 = DIRECTION('',(-1.,-2.22044604925E-16,-2.775557561563E-16));
#11577 = ORIENTED_EDGE('',*,*,#11304,.T.);
#11578 = ORIENTED_EDGE('',*,*,#11579,.F.);
#11579 = EDGE_CURVE('',#11160,#11307,#11580,.T.);
#11580 = LINE('',#11581,#11582);
#11581 = CARTESIAN_POINT('',(0.6,4.55,0.8));
#11582 = VECTOR('',#11583,1.);
#11583 = DIRECTION('',(-1.,-2.22044604925E-16,-2.775557561563E-16));
#11584 = ORIENTED_EDGE('',*,*,#11157,.F.);
#11585 = PLANE('',#11586);
#11586 = AXIS2_PLACEMENT_3D('',#11587,#11588,#11589);
#11587 = CARTESIAN_POINT('',(0.6,4.55,0.1));
#11588 = DIRECTION('',(2.22044604925E-16,-1.,-6.661338147751E-16));
#11589 = DIRECTION('',(2.22044604925E-16,6.661338147751E-16,-1.));
#11590 = ADVANCED_FACE('',(#11591),#11602,.F.);
#11591 = FACE_BOUND('',#11592,.T.);
#11592 = EDGE_LOOP('',(#11593,#11594,#11595,#11601));
#11593 = ORIENTED_EDGE('',*,*,#11579,.T.);
#11594 = ORIENTED_EDGE('',*,*,#11381,.T.);
#11595 = ORIENTED_EDGE('',*,*,#11596,.F.);
#11596 = EDGE_CURVE('',#11258,#11374,#11597,.T.);
#11597 = LINE('',#11598,#11599);
#11598 = CARTESIAN_POINT('',(0.6,4.35,0.8));
#11599 = VECTOR('',#11600,1.);
#11600 = DIRECTION('',(-1.,-2.22044604925E-16,-2.775557561563E-16));
#11601 = ORIENTED_EDGE('',*,*,#11265,.F.);
#11602 = PLANE('',#11603);
#11603 = AXIS2_PLACEMENT_3D('',#11604,#11605,#11606);
#11604 = CARTESIAN_POINT('',(0.6,4.55,0.8));
#11605 = DIRECTION('',(2.775557561563E-16,6.661338147751E-16,-1.));
#11606 = DIRECTION('',(-2.22044604925E-16,1.,6.661338147751E-16));
#11607 = ADVANCED_FACE('',(#11608),#11619,.T.);
#11608 = FACE_BOUND('',#11609,.F.);
#11609 = EDGE_LOOP('',(#11610,#11616,#11617,#11618));
#11610 = ORIENTED_EDGE('',*,*,#11611,.T.);
#11611 = EDGE_CURVE('',#11249,#11365,#11612,.T.);
#11612 = LINE('',#11613,#11614);
#11613 = CARTESIAN_POINT('',(0.6,4.35,0.25));
#11614 = VECTOR('',#11615,1.);
#11615 = DIRECTION('',(-1.,-2.22044604925E-16,-2.775557561563E-16));
#11616 = ORIENTED_EDGE('',*,*,#11373,.T.);
#11617 = ORIENTED_EDGE('',*,*,#11596,.F.);
#11618 = ORIENTED_EDGE('',*,*,#11257,.F.);
#11619 = PLANE('',#11620);
#11620 = AXIS2_PLACEMENT_3D('',#11621,#11622,#11623);
#11621 = CARTESIAN_POINT('',(0.6,4.35,0.25));
#11622 = DIRECTION('',(2.22044604925E-16,-1.,-6.661338147751E-16));
#11623 = DIRECTION('',(2.22044604925E-16,6.661338147751E-16,-1.));
#11624 = ADVANCED_FACE('',(#11625),#11636,.F.);
#11625 = FACE_BOUND('',#11626,.F.);
#11626 = EDGE_LOOP('',(#11627,#11628,#11634,#11635));
#11627 = ORIENTED_EDGE('',*,*,#11248,.T.);
#11628 = ORIENTED_EDGE('',*,*,#11629,.T.);
#11629 = EDGE_CURVE('',#11241,#11357,#11630,.T.);
#11630 = LINE('',#11631,#11632);
#11631 = CARTESIAN_POINT('',(0.6,4.3,0.2));
#11632 = VECTOR('',#11633,1.);
#11633 = DIRECTION('',(-1.,-2.22044604925E-16,-2.775557561563E-16));
#11634 = ORIENTED_EDGE('',*,*,#11364,.F.);
#11635 = ORIENTED_EDGE('',*,*,#11611,.F.);
#11636 = CYLINDRICAL_SURFACE('',#11637,5.E-02);
#11637 = AXIS2_PLACEMENT_3D('',#11638,#11639,#11640);
#11638 = CARTESIAN_POINT('',(0.6,4.3,0.25));
#11639 = DIRECTION('',(1.,2.22044604925E-16,2.22044604925E-16));
#11640 = DIRECTION('',(2.22044604925E-16,-1.,-6.661338147751E-16));
#11641 = ADVANCED_FACE('',(#11642),#11653,.T.);
#11642 = FACE_BOUND('',#11643,.F.);
#11643 = EDGE_LOOP('',(#11644,#11650,#11651,#11652));
#11644 = ORIENTED_EDGE('',*,*,#11645,.T.);
#11645 = EDGE_CURVE('',#11232,#11348,#11646,.T.);
#11646 = LINE('',#11647,#11648);
#11647 = CARTESIAN_POINT('',(0.6,3.8,0.2));
#11648 = VECTOR('',#11649,1.);
#11649 = DIRECTION('',(-1.,-2.22044604925E-16,-2.775557561563E-16));
#11650 = ORIENTED_EDGE('',*,*,#11356,.T.);
#11651 = ORIENTED_EDGE('',*,*,#11629,.F.);
#11652 = ORIENTED_EDGE('',*,*,#11240,.F.);
#11653 = PLANE('',#11654);
#11654 = AXIS2_PLACEMENT_3D('',#11655,#11656,#11657);
#11655 = CARTESIAN_POINT('',(0.6,3.8,0.2));
#11656 = DIRECTION('',(-2.775557561563E-16,-6.661338147751E-16,1.));
#11657 = DIRECTION('',(2.22044604925E-16,-1.,-6.661338147751E-16));
#11658 = ADVANCED_FACE('',(#11659),#11670,.F.);
#11659 = FACE_BOUND('',#11660,.F.);
#11660 = EDGE_LOOP('',(#11661,#11662,#11668,#11669));
#11661 = ORIENTED_EDGE('',*,*,#11231,.T.);
#11662 = ORIENTED_EDGE('',*,*,#11663,.T.);
#11663 = EDGE_CURVE('',#11224,#11340,#11664,.T.);
#11664 = LINE('',#11665,#11666);
#11665 = CARTESIAN_POINT('',(0.6,3.75,0.25));
#11666 = VECTOR('',#11667,1.);
#11667 = DIRECTION('',(-1.,-2.22044604925E-16,-2.775557561563E-16));
#11668 = ORIENTED_EDGE('',*,*,#11347,.F.);
#11669 = ORIENTED_EDGE('',*,*,#11645,.F.);
#11670 = CYLINDRICAL_SURFACE('',#11671,5.E-02);
#11671 = AXIS2_PLACEMENT_3D('',#11672,#11673,#11674);
#11672 = CARTESIAN_POINT('',(0.6,3.8,0.25));
#11673 = DIRECTION('',(1.,2.22044604925E-16,2.22044604925E-16));
#11674 = DIRECTION('',(2.22044604925E-16,-1.,-6.661338147751E-16));
#11675 = ADVANCED_FACE('',(#11676),#11682,.T.);
#11676 = FACE_BOUND('',#11677,.F.);
#11677 = EDGE_LOOP('',(#11678,#11679,#11680,#11681));
#11678 = ORIENTED_EDGE('',*,*,#11395,.T.);
#11679 = ORIENTED_EDGE('',*,*,#11339,.T.);
#11680 = ORIENTED_EDGE('',*,*,#11663,.F.);
#11681 = ORIENTED_EDGE('',*,*,#11223,.F.);
#11682 = PLANE('',#11683);
#11683 = AXIS2_PLACEMENT_3D('',#11684,#11685,#11686);
#11684 = CARTESIAN_POINT('',(0.6,3.75,0.8));
#11685 = DIRECTION('',(-2.22044604925E-16,1.,6.661338147751E-16));
#11686 = DIRECTION('',(-2.22044604925E-16,-6.661338147751E-16,1.));
#11687 = ADVANCED_FACE('',(#11688),#11699,.F.);
#11688 = FACE_BOUND('',#11689,.T.);
#11689 = EDGE_LOOP('',(#11690,#11691,#11692,#11698));
#11690 = ORIENTED_EDGE('',*,*,#11290,.T.);
#11691 = ORIENTED_EDGE('',*,*,#11323,.T.);
#11692 = ORIENTED_EDGE('',*,*,#11693,.F.);
#11693 = EDGE_CURVE('',#11168,#11315,#11694,.T.);
#11694 = LINE('',#11695,#11696);
#11695 = CARTESIAN_POINT('',(0.6,4.45,3.097522238704E-15));
#11696 = VECTOR('',#11697,1.);
#11697 = DIRECTION('',(-1.,-2.22044604925E-16,-2.775557561563E-16));
#11698 = ORIENTED_EDGE('',*,*,#11176,.F.);
#11699 = PLANE('',#11700);
#11700 = AXIS2_PLACEMENT_3D('',#11701,#11702,#11703);
#11701 = CARTESIAN_POINT('',(0.6,3.65,2.564615186884E-15));
#11702 = DIRECTION('',(-2.775557561563E-16,-6.661338147751E-16,1.));
#11703 = DIRECTION('',(2.22044604925E-16,-1.,-6.661338147751E-16));
#11704 = ADVANCED_FACE('',(#11705),#11711,.T.);
#11705 = FACE_BOUND('',#11706,.T.);
#11706 = EDGE_LOOP('',(#11707,#11708,#11709,#11710));
#11707 = ORIENTED_EDGE('',*,*,#11167,.T.);
#11708 = ORIENTED_EDGE('',*,*,#11693,.T.);
#11709 = ORIENTED_EDGE('',*,*,#11314,.F.);
#11710 = ORIENTED_EDGE('',*,*,#11572,.F.);
#11711 = CYLINDRICAL_SURFACE('',#11712,0.1);
#11712 = AXIS2_PLACEMENT_3D('',#11713,#11714,#11715);
#11713 = CARTESIAN_POINT('',(0.6,4.45,0.1));
#11714 = DIRECTION('',(1.,2.22044604925E-16,2.22044604925E-16));
#11715 = DIRECTION('',(2.22044604925E-16,-1.,-6.661338147751E-16));
#11716 = ( GEOMETRIC_REPRESENTATION_CONTEXT(3) 
GLOBAL_UNCERTAINTY_ASSIGNED_CONTEXT((#11720)) 
GLOBAL_UNIT_ASSIGNED_CONTEXT((#11717,#11718,#11719)) 
REPRESENTATION_CONTEXT('Context #1',
  '3D Context with UNIT and UNCERTAINTY') );
#11717 = ( LENGTH_UNIT() NAMED_UNIT(*) SI_UNIT(.MILLI.,.METRE.) );
#11718 = ( NAMED_UNIT(*) PLANE_ANGLE_UNIT() SI_UNIT($,.RADIAN.) );
#11719 = ( NAMED_UNIT(*) SI_UNIT($,.STERADIAN.) SOLID_ANGLE_UNIT() );
#11720 = UNCERTAINTY_MEASURE_WITH_UNIT(LENGTH_MEASURE(1.E-07),#11717,
  'distance_accuracy_value','confusion accuracy');
#11721 = CONTEXT_DEPENDENT_SHAPE_REPRESENTATION(#11722,#11724);
#11722 = ( REPRESENTATION_RELATIONSHIP('','',#6879,#5848) 
REPRESENTATION_RELATIONSHIP_WITH_TRANSFORMATION(#11723) 
SHAPE_REPRESENTATION_RELATIONSHIP() );
#11723 = ITEM_DEFINED_TRANSFORMATION('','',#11,#5857);
#11724 = PRODUCT_DEFINITION_SHAPE('Placement','Placement of an item',
  #11725);
#11725 = NEXT_ASSEMBLY_USAGE_OCCURRENCE('13','pins','',#5843,#6874,$);
#11726 = PRODUCT_RELATED_PRODUCT_CATEGORY('part',$,(#6876));
#11727 = CONTEXT_DEPENDENT_SHAPE_REPRESENTATION(#11728,#11730);
#11728 = ( REPRESENTATION_RELATIONSHIP('','',#976,#10) 
REPRESENTATION_RELATIONSHIP_WITH_TRANSFORMATION(#11729) 
SHAPE_REPRESENTATION_RELATIONSHIP() );
#11729 = ITEM_DEFINED_TRANSFORMATION('','',#11,#43);
#11730 = PRODUCT_DEFINITION_SHAPE('Placement','Placement of an item',
  #11731);
#11731 = NEXT_ASSEMBLY_USAGE_OCCURRENCE('16','R2','',#5,#971,$);
#11732 = CONTEXT_DEPENDENT_SHAPE_REPRESENTATION(#11733,#11735);
#11733 = ( REPRESENTATION_RELATIONSHIP('','',#1813,#10) 
REPRESENTATION_RELATIONSHIP_WITH_TRANSFORMATION(#11734) 
SHAPE_REPRESENTATION_RELATIONSHIP() );
#11734 = ITEM_DEFINED_TRANSFORMATION('','',#11,#47);
#11735 = PRODUCT_DEFINITION_SHAPE('Placement','Placement of an item',
  #11736);
#11736 = NEXT_ASSEMBLY_USAGE_OCCURRENCE('17','C20','',#5,#1808,$);
#11737 = CONTEXT_DEPENDENT_SHAPE_REPRESENTATION(#11738,#11740);
#11738 = ( REPRESENTATION_RELATIONSHIP('','',#976,#10) 
REPRESENTATION_RELATIONSHIP_WITH_TRANSFORMATION(#11739) 
SHAPE_REPRESENTATION_RELATIONSHIP() );
#11739 = ITEM_DEFINED_TRANSFORMATION('','',#11,#51);
#11740 = PRODUCT_DEFINITION_SHAPE('Placement','Placement of an item',
  #11741);
#11741 = NEXT_ASSEMBLY_USAGE_OCCURRENCE('18','R3','',#5,#971,$);
#11742 = SHAPE_DEFINITION_REPRESENTATION(#11743,#11749);
#11743 = PRODUCT_DEFINITION_SHAPE('','',#11744);
#11744 = PRODUCT_DEFINITION('design','',#11745,#11748);
#11745 = PRODUCT_DEFINITION_FORMATION('','',#11746);
#11746 = PRODUCT('SOT-563','SOT-563','',(#11747));
#11747 = PRODUCT_CONTEXT('',#2,'mechanical');
#11748 = PRODUCT_DEFINITION_CONTEXT('part definition',#2,'design');
#11749 = SHAPE_REPRESENTATION('',(#11,#11750),#11754);
#11750 = AXIS2_PLACEMENT_3D('',#11751,#11752,#11753);
#11751 = CARTESIAN_POINT('',(0.,0.,0.));
#11752 = DIRECTION('',(0.,0.,1.));
#11753 = DIRECTION('',(1.,0.,-0.));
#11754 = ( GEOMETRIC_REPRESENTATION_CONTEXT(3) 
GLOBAL_UNCERTAINTY_ASSIGNED_CONTEXT((#11758)) 
GLOBAL_UNIT_ASSIGNED_CONTEXT((#11755,#11756,#11757)) 
REPRESENTATION_CONTEXT('Context #1',
  '3D Context with UNIT and UNCERTAINTY') );
#11755 = ( LENGTH_UNIT() NAMED_UNIT(*) SI_UNIT(.MILLI.,.METRE.) );
#11756 = ( NAMED_UNIT(*) PLANE_ANGLE_UNIT() SI_UNIT($,.RADIAN.) );
#11757 = ( NAMED_UNIT(*) SI_UNIT($,.STERADIAN.) SOLID_ANGLE_UNIT() );
#11758 = UNCERTAINTY_MEASURE_WITH_UNIT(LENGTH_MEASURE(1.E-07),#11755,
  'distance_accuracy_value','confusion accuracy');
#11759 = CONTEXT_DEPENDENT_SHAPE_REPRESENTATION(#11760,#11762);
#11760 = ( REPRESENTATION_RELATIONSHIP('','',#11749,#10) 
REPRESENTATION_RELATIONSHIP_WITH_TRANSFORMATION(#11761) 
SHAPE_REPRESENTATION_RELATIONSHIP() );
#11761 = ITEM_DEFINED_TRANSFORMATION('','',#11,#55);
#11762 = PRODUCT_DEFINITION_SHAPE('Placement','Placement of an item',
  #11763);
#11763 = NEXT_ASSEMBLY_USAGE_OCCURRENCE('20','U2','',#5,#11744,$);
#11764 = PRODUCT_RELATED_PRODUCT_CATEGORY('part',$,(#11746));
#11765 = SHAPE_DEFINITION_REPRESENTATION(#11766,#11772);
#11766 = PRODUCT_DEFINITION_SHAPE('','',#11767);
#11767 = PRODUCT_DEFINITION('design','',#11768,#11771);
#11768 = PRODUCT_DEFINITION_FORMATION('','',#11769);
#11769 = PRODUCT('SOT_563','SOT_563','',(#11770));
#11770 = PRODUCT_CONTEXT('',#2,'mechanical');
#11771 = PRODUCT_DEFINITION_CONTEXT('part definition',#2,'design');
#11772 = ADVANCED_BREP_SHAPE_REPRESENTATION('',(#11,#11773),#14402);
#11773 = MANIFOLD_SOLID_BREP('',#11774);
#11774 = CLOSED_SHELL('',(#11775,#11815,#11846,#11976,#12000,#12123,
    #12250,#12267,#12290,#12412,#12540,#12557,#12588,#12815,#12846,
    #13073,#13104,#13135,#13362,#13490,#13521,#13544,#13666,#13711,
    #13743,#13793,#13825,#13842,#13874,#13891,#13923,#13955,#13972,
    #14004,#14036,#14053,#14085,#14102,#14134,#14166,#14183,#14200,
    #14217,#14240,#14257,#14269,#14286,#14303,#14320,#14332,#14344,
    #14356,#14368,#14393));
#11775 = ADVANCED_FACE('',(#11776),#11810,.F.);
#11776 = FACE_BOUND('',#11777,.F.);
#11777 = EDGE_LOOP('',(#11778,#11788,#11796,#11804));
#11778 = ORIENTED_EDGE('',*,*,#11779,.F.);
#11779 = EDGE_CURVE('',#11780,#11782,#11784,.T.);
#11780 = VERTEX_POINT('',#11781);
#11781 = CARTESIAN_POINT('',(0.595807377657,0.39,0.));
#11782 = VERTEX_POINT('',#11783);
#11783 = CARTESIAN_POINT('',(0.595807377657,0.61,0.));
#11784 = LINE('',#11785,#11786);
#11785 = CARTESIAN_POINT('',(0.595807377657,0.39,0.));
#11786 = VECTOR('',#11787,1.);
#11787 = DIRECTION('',(-1.110223024625E-16,1.,0.));
#11788 = ORIENTED_EDGE('',*,*,#11789,.T.);
#11789 = EDGE_CURVE('',#11780,#11790,#11792,.T.);
#11790 = VERTEX_POINT('',#11791);
#11791 = CARTESIAN_POINT('',(0.8,0.39,0.));
#11792 = LINE('',#11793,#11794);
#11793 = CARTESIAN_POINT('',(0.595807377657,0.39,0.));
#11794 = VECTOR('',#11795,1.);
#11795 = DIRECTION('',(1.,1.110223024625E-16,0.));
#11796 = ORIENTED_EDGE('',*,*,#11797,.T.);
#11797 = EDGE_CURVE('',#11790,#11798,#11800,.T.);
#11798 = VERTEX_POINT('',#11799);
#11799 = CARTESIAN_POINT('',(0.8,0.61,0.));
#11800 = LINE('',#11801,#11802);
#11801 = CARTESIAN_POINT('',(0.8,0.39,0.));
#11802 = VECTOR('',#11803,1.);
#11803 = DIRECTION('',(-1.110223024625E-16,1.,0.));
#11804 = ORIENTED_EDGE('',*,*,#11805,.F.);
#11805 = EDGE_CURVE('',#11782,#11798,#11806,.T.);
#11806 = LINE('',#11807,#11808);
#11807 = CARTESIAN_POINT('',(0.595807377657,0.61,0.));
#11808 = VECTOR('',#11809,1.);
#11809 = DIRECTION('',(1.,1.110223024625E-16,0.));
#11810 = PLANE('',#11811);
#11811 = AXIS2_PLACEMENT_3D('',#11812,#11813,#11814);
#11812 = CARTESIAN_POINT('',(0.595807377657,0.39,0.));
#11813 = DIRECTION('',(0.,0.,1.));
#11814 = DIRECTION('',(1.,1.110223024625E-16,-0.));
#11815 = ADVANCED_FACE('',(#11816),#11841,.F.);
#11816 = FACE_BOUND('',#11817,.F.);
#11817 = EDGE_LOOP('',(#11818,#11826,#11827,#11835));
#11818 = ORIENTED_EDGE('',*,*,#11819,.F.);
#11819 = EDGE_CURVE('',#11780,#11820,#11822,.T.);
#11820 = VERTEX_POINT('',#11821);
#11821 = CARTESIAN_POINT('',(0.595807377657,0.39,3.E-02));
#11822 = LINE('',#11823,#11824);
#11823 = CARTESIAN_POINT('',(0.595807377657,0.39,0.));
#11824 = VECTOR('',#11825,1.);
#11825 = DIRECTION('',(0.,0.,1.));
#11826 = ORIENTED_EDGE('',*,*,#11779,.T.);
#11827 = ORIENTED_EDGE('',*,*,#11828,.T.);
#11828 = EDGE_CURVE('',#11782,#11829,#11831,.T.);
#11829 = VERTEX_POINT('',#11830);
#11830 = CARTESIAN_POINT('',(0.595807377657,0.61,3.E-02));
#11831 = LINE('',#11832,#11833);
#11832 = CARTESIAN_POINT('',(0.595807377657,0.61,0.));
#11833 = VECTOR('',#11834,1.);
#11834 = DIRECTION('',(0.,0.,1.));
#11835 = ORIENTED_EDGE('',*,*,#11836,.F.);
#11836 = EDGE_CURVE('',#11820,#11829,#11837,.T.);
#11837 = LINE('',#11838,#11839);
#11838 = CARTESIAN_POINT('',(0.595807377657,-0.795807377657,3.E-02));
#11839 = VECTOR('',#11840,1.);
#11840 = DIRECTION('',(-2.22044604925E-16,1.,0.));
#11841 = PLANE('',#11842);
#11842 = AXIS2_PLACEMENT_3D('',#11843,#11844,#11845);
#11843 = CARTESIAN_POINT('',(0.595807377657,0.39,0.));
#11844 = DIRECTION('',(1.,1.110223024625E-16,0.));
#11845 = DIRECTION('',(0.,-0.,1.));
#11846 = ADVANCED_FACE('',(#11847),#11971,.T.);
#11847 = FACE_BOUND('',#11848,.T.);
#11848 = EDGE_LOOP('',(#11849,#11857,#11858,#11859,#11965));
#11849 = ORIENTED_EDGE('',*,*,#11850,.F.);
#11850 = EDGE_CURVE('',#11798,#11851,#11853,.T.);
#11851 = VERTEX_POINT('',#11852);
#11852 = CARTESIAN_POINT('',(0.8,0.61,0.11));
#11853 = LINE('',#11854,#11855);
#11854 = CARTESIAN_POINT('',(0.8,0.61,0.));
#11855 = VECTOR('',#11856,1.);
#11856 = DIRECTION('',(0.,0.,1.));
#11857 = ORIENTED_EDGE('',*,*,#11805,.F.);
#11858 = ORIENTED_EDGE('',*,*,#11828,.T.);
#11859 = ORIENTED_EDGE('',*,*,#11860,.T.);
#11860 = EDGE_CURVE('',#11829,#11861,#11863,.T.);
#11861 = VERTEX_POINT('',#11862);
#11862 = CARTESIAN_POINT('',(0.6,0.61,0.11));
#11863 = B_SPLINE_CURVE_WITH_KNOTS('',4,(#11864,#11865,#11866,#11867,
    #11868,#11869,#11870,#11871,#11872,#11873,#11874,#11875,#11876,
    #11877,#11878,#11879,#11880,#11881,#11882,#11883,#11884,#11885,
    #11886,#11887,#11888,#11889,#11890,#11891,#11892,#11893,#11894,
    #11895,#11896,#11897,#11898,#11899,#11900,#11901,#11902,#11903,
    #11904,#11905,#11906,#11907,#11908,#11909,#11910,#11911,#11912,
    #11913,#11914,#11915,#11916,#11917,#11918,#11919,#11920,#11921,
    #11922,#11923,#11924,#11925,#11926,#11927,#11928,#11929,#11930,
    #11931,#11932,#11933,#11934,#11935,#11936,#11937,#11938,#11939,
    #11940,#11941,#11942,#11943,#11944,#11945,#11946,#11947,#11948,
    #11949,#11950,#11951,#11952,#11953,#11954,#11955,#11956,#11957,
    #11958,#11959,#11960,#11961,#11962,#11963,#11964),.UNSPECIFIED.,.F.,
  .F.,(5,3,3,3,3,3,3,3,3,3,3,3,3,3,3,3,3,3,3,3,3,3,3,3,3,3,3,3,3,3,3,3,3
    ,5),(0.,3.000088527397E-02,6.000171535369E-02,9.000249028111E-02,
    0.120003210098,0.150003874847,0.180004484568,0.210005039305,
    0.240005539099,0.270005983992,0.300006374024,0.330006709239,
    0.360006989677,0.39000721538,0.42000738639,0.450007502748,
    0.480007564495,0.510007571674,0.540007524325,0.570007422489,
    0.600007266209,0.630007055525,0.660006790478,0.69000647111,
    0.720006097462,0.750005669576,0.780005187491,0.810004651249,
    0.840004060892,0.87000341646,0.900002717994,0.930001965535,
    0.960001159124,1.),.UNSPECIFIED.);
#11864 = CARTESIAN_POINT('',(0.595807377657,0.61,3.E-02));
#11865 = CARTESIAN_POINT('',(0.595838822296,0.61,3.059999944783E-02));
#11866 = CARTESIAN_POINT('',(0.595870266954,0.61,3.119999926388E-02));
#11867 = CARTESIAN_POINT('',(0.595901711631,0.61,3.179999944803E-02));
#11868 = CARTESIAN_POINT('',(0.595964600966,0.61,3.299999944838E-02));
#11869 = CARTESIAN_POINT('',(0.595996045624,0.61,3.359999926458E-02));
#11870 = CARTESIAN_POINT('',(0.596027490301,0.61,3.419999944858E-02));
#11871 = CARTESIAN_POINT('',(0.596090379637,0.61,3.539999944893E-02));
#11872 = CARTESIAN_POINT('',(0.596121824295,0.61,3.599999926526E-02));
#11873 = CARTESIAN_POINT('',(0.596153268972,0.61,3.659999944913E-02));
#11874 = CARTESIAN_POINT('',(0.596216158307,0.61,3.779999944948E-02));
#11875 = CARTESIAN_POINT('',(0.596247602965,0.61,3.839999926595E-02));
#11876 = CARTESIAN_POINT('',(0.596279047642,0.61,3.899999944968E-02));
#11877 = CARTESIAN_POINT('',(0.596341936977,0.61,4.019999945003E-02));
#11878 = CARTESIAN_POINT('',(0.596373381635,0.61,4.079999926664E-02));
#11879 = CARTESIAN_POINT('',(0.596404826312,0.61,4.139999945023E-02));
#11880 = CARTESIAN_POINT('',(0.596467715648,0.61,4.259999945058E-02));
#11881 = CARTESIAN_POINT('',(0.596499160305,0.61,4.319999926733E-02));
#11882 = CARTESIAN_POINT('',(0.596530604983,0.61,4.379999945078E-02));
#11883 = CARTESIAN_POINT('',(0.596593494318,0.61,4.499999945112E-02));
#11884 = CARTESIAN_POINT('',(0.596624938976,0.61,4.559999926801E-02));
#11885 = CARTESIAN_POINT('',(0.596656383653,0.61,4.619999945133E-02));
#11886 = CARTESIAN_POINT('',(0.596719272988,0.61,4.739999945167E-02));
#11887 = CARTESIAN_POINT('',(0.596750717646,0.61,4.79999992687E-02));
#11888 = CARTESIAN_POINT('',(0.596782162323,0.61,4.859999945188E-02));
#11889 = CARTESIAN_POINT('',(0.596845051658,0.61,4.979999945222E-02));
#11890 = CARTESIAN_POINT('',(0.596876496316,0.61,5.039999926939E-02));
#11891 = CARTESIAN_POINT('',(0.596907940994,0.61,5.099999945242E-02));
#11892 = CARTESIAN_POINT('',(0.596970830329,0.61,5.219999945277E-02));
#11893 = CARTESIAN_POINT('',(0.597002274987,0.61,5.279999927007E-02));
#11894 = CARTESIAN_POINT('',(0.597033719664,0.61,5.339999945297E-02));
#11895 = CARTESIAN_POINT('',(0.597096608999,0.61,5.459999945331E-02));
#11896 = CARTESIAN_POINT('',(0.597128053657,0.61,5.519999927076E-02));
#11897 = CARTESIAN_POINT('',(0.597159498334,0.61,5.579999945351E-02));
#11898 = CARTESIAN_POINT('',(0.597222387669,0.61,5.699999945386E-02));
#11899 = CARTESIAN_POINT('',(0.597253832327,0.61,5.759999927144E-02));
#11900 = CARTESIAN_POINT('',(0.597285277005,0.61,5.819999945406E-02));
#11901 = CARTESIAN_POINT('',(0.59734816634,0.61,5.93999994544E-02));
#11902 = CARTESIAN_POINT('',(0.597379610998,0.61,5.999999927213E-02));
#11903 = CARTESIAN_POINT('',(0.597411055675,0.61,6.059999945461E-02));
#11904 = CARTESIAN_POINT('',(0.59747394501,0.61,6.179999945495E-02));
#11905 = CARTESIAN_POINT('',(0.597505389668,0.61,6.239999927281E-02));
#11906 = CARTESIAN_POINT('',(0.597536834345,0.61,6.299999945515E-02));
#11907 = CARTESIAN_POINT('',(0.59759972368,0.61,6.419999945549E-02));
#11908 = CARTESIAN_POINT('',(0.597631168338,0.61,6.479999927349E-02));
#11909 = CARTESIAN_POINT('',(0.597662613015,0.61,6.539999945569E-02));
#11910 = CARTESIAN_POINT('',(0.597725502351,0.61,6.659999945604E-02));
#11911 = CARTESIAN_POINT('',(0.597756947009,0.61,6.719999927417E-02));
#11912 = CARTESIAN_POINT('',(0.597788391686,0.61,6.779999945624E-02));
#11913 = CARTESIAN_POINT('',(0.597851281021,0.61,6.899999945658E-02));
#11914 = CARTESIAN_POINT('',(0.597882725679,0.61,6.959999927485E-02));
#11915 = CARTESIAN_POINT('',(0.597914170356,0.61,7.019999945678E-02));
#11916 = CARTESIAN_POINT('',(0.597977059691,0.61,7.139999945712E-02));
#11917 = CARTESIAN_POINT('',(0.598008504349,0.61,7.199999927553E-02));
#11918 = CARTESIAN_POINT('',(0.598039949026,0.61,7.259999945732E-02));
#11919 = CARTESIAN_POINT('',(0.598102838362,0.61,7.379999945766E-02));
#11920 = CARTESIAN_POINT('',(0.59813428302,0.61,7.439999927621E-02));
#11921 = CARTESIAN_POINT('',(0.598165727697,0.61,7.499999945787E-02));
#11922 = CARTESIAN_POINT('',(0.598228617032,0.61,7.619999945821E-02));
#11923 = CARTESIAN_POINT('',(0.59826006169,0.61,7.679999927689E-02));
#11924 = CARTESIAN_POINT('',(0.598291506367,0.61,7.739999945841E-02));
#11925 = CARTESIAN_POINT('',(0.598354395702,0.61,7.859999945875E-02));
#11926 = CARTESIAN_POINT('',(0.59838584036,0.61,7.919999927757E-02));
#11927 = CARTESIAN_POINT('',(0.598417285037,0.61,7.979999945895E-02));
#11928 = CARTESIAN_POINT('',(0.598480174372,0.61,8.099999945929E-02));
#11929 = CARTESIAN_POINT('',(0.598511619031,0.61,8.159999927825E-02));
#11930 = CARTESIAN_POINT('',(0.598543063708,0.61,8.219999945949E-02));
#11931 = CARTESIAN_POINT('',(0.598605953043,0.61,8.339999945983E-02));
#11932 = CARTESIAN_POINT('',(0.598637397701,0.61,8.399999927893E-02));
#11933 = CARTESIAN_POINT('',(0.598668842378,0.61,8.459999946003E-02));
#11934 = CARTESIAN_POINT('',(0.598731731713,0.61,8.579999946037E-02));
#11935 = CARTESIAN_POINT('',(0.598763176371,0.61,8.63999992796E-02));
#11936 = CARTESIAN_POINT('',(0.598794621048,0.61,8.699999946057E-02));
#11937 = CARTESIAN_POINT('',(0.598857510383,0.61,8.819999946091E-02));
#11938 = CARTESIAN_POINT('',(0.598888955041,0.61,8.879999928028E-02));
#11939 = CARTESIAN_POINT('',(0.598920399719,0.61,8.939999946111E-02));
#11940 = CARTESIAN_POINT('',(0.598983289054,0.61,9.059999946145E-02));
#11941 = CARTESIAN_POINT('',(0.599014733712,0.61,9.119999928096E-02));
#11942 = CARTESIAN_POINT('',(0.599046178389,0.61,9.179999946165E-02));
#11943 = CARTESIAN_POINT('',(0.599109067724,0.61,9.299999946199E-02));
#11944 = CARTESIAN_POINT('',(0.599140512382,0.61,9.359999928163E-02));
#11945 = CARTESIAN_POINT('',(0.599171957059,0.61,9.419999946219E-02));
#11946 = CARTESIAN_POINT('',(0.599234846394,0.61,9.539999946253E-02));
#11947 = CARTESIAN_POINT('',(0.599266291052,0.61,9.599999928231E-02));
#11948 = CARTESIAN_POINT('',(0.599297735729,0.61,9.659999946273E-02));
#11949 = CARTESIAN_POINT('',(0.599360625065,0.61,9.779999946306E-02));
#11950 = CARTESIAN_POINT('',(0.599392069723,0.61,9.839999928298E-02));
#11951 = CARTESIAN_POINT('',(0.5994235144,0.61,9.899999946326E-02));
#11952 = CARTESIAN_POINT('',(0.599486403735,0.61,0.100199999464));
#11953 = CARTESIAN_POINT('',(0.599517848393,0.61,0.100799999284));
#11954 = CARTESIAN_POINT('',(0.59954929307,0.61,0.101399999464));
#11955 = CARTESIAN_POINT('',(0.599612182405,0.61,0.102599999464));
#11956 = CARTESIAN_POINT('',(0.599643627063,0.61,0.103199999284));
#11957 = CARTESIAN_POINT('',(0.59967507174,0.61,0.103799999464));
#11958 = CARTESIAN_POINT('',(0.599737961076,0.61,0.104999999465));
#11959 = CARTESIAN_POINT('',(0.599769405734,0.61,0.105599999285));
#11960 = CARTESIAN_POINT('',(0.599800850411,0.61,0.106199999465));
#11961 = CARTESIAN_POINT('',(0.59987422128,0.61,0.107599999045));
#11962 = CARTESIAN_POINT('',(0.599916147486,0.61,0.108399998725));
#11963 = CARTESIAN_POINT('',(0.599958073726,0.61,0.109199999043));
#11964 = CARTESIAN_POINT('',(0.6,0.61,0.11));
#11965 = ORIENTED_EDGE('',*,*,#11966,.T.);
#11966 = EDGE_CURVE('',#11861,#11851,#11967,.T.);
#11967 = LINE('',#11968,#11969);
#11968 = CARTESIAN_POINT('',(0.595807377657,0.61,0.11));
#11969 = VECTOR('',#11970,1.);
#11970 = DIRECTION('',(1.,1.110223024625E-16,0.));
#11971 = PLANE('',#11972);
#11972 = AXIS2_PLACEMENT_3D('',#11973,#11974,#11975);
#11973 = CARTESIAN_POINT('',(0.595807377657,0.61,0.));
#11974 = DIRECTION('',(-1.110223024625E-16,1.,0.));
#11975 = DIRECTION('',(0.,0.,1.));
#11976 = ADVANCED_FACE('',(#11977),#11995,.T.);
#11977 = FACE_BOUND('',#11978,.T.);
#11978 = EDGE_LOOP('',(#11979,#11987,#11988,#11989));
#11979 = ORIENTED_EDGE('',*,*,#11980,.F.);
#11980 = EDGE_CURVE('',#11790,#11981,#11983,.T.);
#11981 = VERTEX_POINT('',#11982);
#11982 = CARTESIAN_POINT('',(0.8,0.39,0.11));
#11983 = LINE('',#11984,#11985);
#11984 = CARTESIAN_POINT('',(0.8,0.39,0.));
#11985 = VECTOR('',#11986,1.);
#11986 = DIRECTION('',(0.,0.,1.));
#11987 = ORIENTED_EDGE('',*,*,#11797,.T.);
#11988 = ORIENTED_EDGE('',*,*,#11850,.T.);
#11989 = ORIENTED_EDGE('',*,*,#11990,.F.);
#11990 = EDGE_CURVE('',#11981,#11851,#11991,.T.);
#11991 = LINE('',#11992,#11993);
#11992 = CARTESIAN_POINT('',(0.8,0.39,0.11));
#11993 = VECTOR('',#11994,1.);
#11994 = DIRECTION('',(-1.110223024625E-16,1.,0.));
#11995 = PLANE('',#11996);
#11996 = AXIS2_PLACEMENT_3D('',#11997,#11998,#11999);
#11997 = CARTESIAN_POINT('',(0.8,0.39,0.));
#11998 = DIRECTION('',(1.,1.110223024625E-16,0.));
#11999 = DIRECTION('',(0.,-0.,1.));
#12000 = ADVANCED_FACE('',(#12001),#12118,.F.);
#12001 = FACE_BOUND('',#12002,.F.);
#12002 = EDGE_LOOP('',(#12003,#12004,#12005,#12006,#12112));
#12003 = ORIENTED_EDGE('',*,*,#11980,.F.);
#12004 = ORIENTED_EDGE('',*,*,#11789,.F.);
#12005 = ORIENTED_EDGE('',*,*,#11819,.T.);
#12006 = ORIENTED_EDGE('',*,*,#12007,.T.);
#12007 = EDGE_CURVE('',#11820,#12008,#12010,.T.);
#12008 = VERTEX_POINT('',#12009);
#12009 = CARTESIAN_POINT('',(0.6,0.39,0.11));
#12010 = B_SPLINE_CURVE_WITH_KNOTS('',4,(#12011,#12012,#12013,#12014,
    #12015,#12016,#12017,#12018,#12019,#12020,#12021,#12022,#12023,
    #12024,#12025,#12026,#12027,#12028,#12029,#12030,#12031,#12032,
    #12033,#12034,#12035,#12036,#12037,#12038,#12039,#12040,#12041,
    #12042,#12043,#12044,#12045,#12046,#12047,#12048,#12049,#12050,
    #12051,#12052,#12053,#12054,#12055,#12056,#12057,#12058,#12059,
    #12060,#12061,#12062,#12063,#12064,#12065,#12066,#12067,#12068,
    #12069,#12070,#12071,#12072,#12073,#12074,#12075,#12076,#12077,
    #12078,#12079,#12080,#12081,#12082,#12083,#12084,#12085,#12086,
    #12087,#12088,#12089,#12090,#12091,#12092,#12093,#12094,#12095,
    #12096,#12097,#12098,#12099,#12100,#12101,#12102,#12103,#12104,
    #12105,#12106,#12107,#12108,#12109,#12110,#12111),.UNSPECIFIED.,.F.,
  .F.,(5,3,3,3,3,3,3,3,3,3,3,3,3,3,3,3,3,3,3,3,3,3,3,3,3,3,3,3,3,3,3,3,3
    ,5),(0.,3.00003729932E-02,6.000072272729E-02,9.000104922036E-02,
    0.12000135249,0.150001632556,0.180001889434,0.210002123143,
    0.240002333701,0.270002521127,0.300002685437,0.33000282665,
    0.360002944784,0.390003039857,0.420003111886,0.45000316089,
    0.480003186886,0.510003189893,0.540003169927,0.570003127007,
    0.600003061151,0.630002972377,0.660002860701,0.690002726142,
    0.720002568718,0.750002388446,0.780002185344,0.810001959429,
    0.84000171072,0.870001439234,0.900001144989,0.930000828001,
    0.960000488289,1.),.UNSPECIFIED.);
#12011 = CARTESIAN_POINT('',(0.595807377657,0.39,3.E-02));
#12012 = CARTESIAN_POINT('',(0.595838822313,0.39,3.059999976731E-02));
#12013 = CARTESIAN_POINT('',(0.595870266976,0.39,3.119999968979E-02));
#12014 = CARTESIAN_POINT('',(0.595901711648,0.39,3.179999976739E-02));
#12015 = CARTESIAN_POINT('',(0.595964600983,0.39,3.299999976754E-02));
#12016 = CARTESIAN_POINT('',(0.595996045647,0.39,3.359999969008E-02));
#12017 = CARTESIAN_POINT('',(0.596027490318,0.39,3.419999976763E-02));
#12018 = CARTESIAN_POINT('',(0.596090379653,0.39,3.539999976777E-02));
#12019 = CARTESIAN_POINT('',(0.596121824317,0.39,3.599999969038E-02));
#12020 = CARTESIAN_POINT('',(0.596153268988,0.39,3.659999976786E-02));
#12021 = CARTESIAN_POINT('',(0.596216158324,0.39,3.779999976801E-02));
#12022 = CARTESIAN_POINT('',(0.596247602987,0.39,3.839999969067E-02));
#12023 = CARTESIAN_POINT('',(0.596279047659,0.39,3.899999976809E-02));
#12024 = CARTESIAN_POINT('',(0.596341936994,0.39,4.019999976824E-02));
#12025 = CARTESIAN_POINT('',(0.596373381657,0.39,4.079999969097E-02));
#12026 = CARTESIAN_POINT('',(0.596404826329,0.39,4.139999976833E-02));
#12027 = CARTESIAN_POINT('',(0.596467715664,0.39,4.259999976848E-02));
#12028 = CARTESIAN_POINT('',(0.596499160328,0.39,4.319999969126E-02));
#12029 = CARTESIAN_POINT('',(0.596530604999,0.39,4.379999976856E-02));
#12030 = CARTESIAN_POINT('',(0.596593494334,0.39,4.499999976871E-02));
#12031 = CARTESIAN_POINT('',(0.596624938998,0.39,4.559999969155E-02));
#12032 = CARTESIAN_POINT('',(0.59665638367,0.39,4.61999997688E-02));
#12033 = CARTESIAN_POINT('',(0.596719273005,0.39,4.739999976894E-02));
#12034 = CARTESIAN_POINT('',(0.596750717668,0.39,4.799999969185E-02));
#12035 = CARTESIAN_POINT('',(0.59678216234,0.39,4.859999976903E-02));
#12036 = CARTESIAN_POINT('',(0.596845051675,0.39,4.979999976918E-02));
#12037 = CARTESIAN_POINT('',(0.596876496339,0.39,5.039999969214E-02));
#12038 = CARTESIAN_POINT('',(0.59690794101,0.39,5.099999976926E-02));
#12039 = CARTESIAN_POINT('',(0.596970830345,0.39,5.219999976941E-02));
#12040 = CARTESIAN_POINT('',(0.597002275009,0.39,5.279999969243E-02));
#12041 = CARTESIAN_POINT('',(0.59703371968,0.39,5.339999976949E-02));
#12042 = CARTESIAN_POINT('',(0.597096609016,0.39,5.459999976964E-02));
#12043 = CARTESIAN_POINT('',(0.597128053679,0.39,5.519999969272E-02));
#12044 = CARTESIAN_POINT('',(0.597159498351,0.39,5.579999976973E-02));
#12045 = CARTESIAN_POINT('',(0.597222387686,0.39,5.699999976987E-02));
#12046 = CARTESIAN_POINT('',(0.597253832349,0.39,5.759999969302E-02));
#12047 = CARTESIAN_POINT('',(0.597285277021,0.39,5.819999976996E-02));
#12048 = CARTESIAN_POINT('',(0.597348166356,0.39,5.939999977011E-02));
#12049 = CARTESIAN_POINT('',(0.59737961102,0.39,5.999999969331E-02));
#12050 = CARTESIAN_POINT('',(0.597411055691,0.39,6.059999977019E-02));
#12051 = CARTESIAN_POINT('',(0.597473945027,0.39,6.179999977034E-02));
#12052 = CARTESIAN_POINT('',(0.59750538969,0.39,6.23999996936E-02));
#12053 = CARTESIAN_POINT('',(0.597536834362,0.39,6.299999977042E-02));
#12054 = CARTESIAN_POINT('',(0.597599723697,0.39,6.419999977057E-02));
#12055 = CARTESIAN_POINT('',(0.59763116836,0.39,6.479999969389E-02));
#12056 = CARTESIAN_POINT('',(0.597662613032,0.39,6.539999977066E-02));
#12057 = CARTESIAN_POINT('',(0.597725502367,0.39,6.65999997708E-02));
#12058 = CARTESIAN_POINT('',(0.597756947031,0.39,6.719999969418E-02));
#12059 = CARTESIAN_POINT('',(0.597788391702,0.39,6.779999977089E-02));
#12060 = CARTESIAN_POINT('',(0.597851281037,0.39,6.899999977103E-02));
#12061 = CARTESIAN_POINT('',(0.597882725701,0.39,6.959999969447E-02));
#12062 = CARTESIAN_POINT('',(0.597914170373,0.39,7.019999977112E-02));
#12063 = CARTESIAN_POINT('',(0.597977059708,0.39,7.139999977126E-02));
#12064 = CARTESIAN_POINT('',(0.598008504371,0.39,7.199999969476E-02));
#12065 = CARTESIAN_POINT('',(0.598039949043,0.39,7.259999977135E-02));
#12066 = CARTESIAN_POINT('',(0.598102838378,0.39,7.379999977149E-02));
#12067 = CARTESIAN_POINT('',(0.598134283042,0.39,7.439999969505E-02));
#12068 = CARTESIAN_POINT('',(0.598165727713,0.39,7.499999977158E-02));
#12069 = CARTESIAN_POINT('',(0.598228617048,0.39,7.619999977173E-02));
#12070 = CARTESIAN_POINT('',(0.598260061712,0.39,7.679999969534E-02));
#12071 = CARTESIAN_POINT('',(0.598291506383,0.39,7.739999977181E-02));
#12072 = CARTESIAN_POINT('',(0.598354395719,0.39,7.859999977196E-02));
#12073 = CARTESIAN_POINT('',(0.598385840382,0.39,7.919999969563E-02));
#12074 = CARTESIAN_POINT('',(0.598417285054,0.39,7.979999977204E-02));
#12075 = CARTESIAN_POINT('',(0.598480174389,0.39,8.099999977219E-02));
#12076 = CARTESIAN_POINT('',(0.598511619052,0.39,8.159999969592E-02));
#12077 = CARTESIAN_POINT('',(0.598543063724,0.39,8.219999977227E-02));
#12078 = CARTESIAN_POINT('',(0.598605953059,0.39,8.339999977242E-02));
#12079 = CARTESIAN_POINT('',(0.598637397723,0.39,8.399999969621E-02));
#12080 = CARTESIAN_POINT('',(0.598668842394,0.39,8.45999997725E-02));
#12081 = CARTESIAN_POINT('',(0.598731731729,0.39,8.579999977265E-02));
#12082 = CARTESIAN_POINT('',(0.598763176393,0.39,8.63999996965E-02));
#12083 = CARTESIAN_POINT('',(0.598794621065,0.39,8.699999977273E-02));
#12084 = CARTESIAN_POINT('',(0.5988575104,0.39,8.819999977288E-02));
#12085 = CARTESIAN_POINT('',(0.598888955063,0.39,8.879999969679E-02));
#12086 = CARTESIAN_POINT('',(0.598920399735,0.39,8.939999977296E-02));
#12087 = CARTESIAN_POINT('',(0.59898328907,0.39,9.059999977311E-02));
#12088 = CARTESIAN_POINT('',(0.599014733734,0.39,9.119999969708E-02));
#12089 = CARTESIAN_POINT('',(0.599046178405,0.39,9.179999977319E-02));
#12090 = CARTESIAN_POINT('',(0.59910906774,0.39,9.299999977334E-02));
#12091 = CARTESIAN_POINT('',(0.599140512404,0.39,9.359999969737E-02));
#12092 = CARTESIAN_POINT('',(0.599171957075,0.39,9.419999977342E-02));
#12093 = CARTESIAN_POINT('',(0.599234846411,0.39,9.539999977356E-02));
#12094 = CARTESIAN_POINT('',(0.599266291074,0.39,9.599999969765E-02));
#12095 = CARTESIAN_POINT('',(0.599297735746,0.39,9.659999977365E-02));
#12096 = CARTESIAN_POINT('',(0.599360625081,0.39,9.779999977379E-02));
#12097 = CARTESIAN_POINT('',(0.599392069744,0.39,9.839999969794E-02));
#12098 = CARTESIAN_POINT('',(0.599423514416,0.39,9.899999977388E-02));
#12099 = CARTESIAN_POINT('',(0.599486403751,0.39,0.100199999774));
#12100 = CARTESIAN_POINT('',(0.599517848415,0.39,0.100799999698));
#12101 = CARTESIAN_POINT('',(0.599549293086,0.39,0.101399999774));
#12102 = CARTESIAN_POINT('',(0.599612182421,0.39,0.102599999774));
#12103 = CARTESIAN_POINT('',(0.599643627085,0.39,0.103199999699));
#12104 = CARTESIAN_POINT('',(0.599675071757,0.39,0.103799999774));
#12105 = CARTESIAN_POINT('',(0.599737961092,0.39,0.104999999774));
#12106 = CARTESIAN_POINT('',(0.599769405755,0.39,0.105599999699));
#12107 = CARTESIAN_POINT('',(0.599800850427,0.39,0.106199999775));
#12108 = CARTESIAN_POINT('',(0.599874221309,0.39,0.107599999598));
#12109 = CARTESIAN_POINT('',(0.599916147525,0.39,0.108399999463));
#12110 = CARTESIAN_POINT('',(0.599958073755,0.39,0.109199999597));
#12111 = CARTESIAN_POINT('',(0.6,0.39,0.11));
#12112 = ORIENTED_EDGE('',*,*,#12113,.T.);
#12113 = EDGE_CURVE('',#12008,#11981,#12114,.T.);
#12114 = LINE('',#12115,#12116);
#12115 = CARTESIAN_POINT('',(0.595807377657,0.39,0.11));
#12116 = VECTOR('',#12117,1.);
#12117 = DIRECTION('',(1.,1.110223024625E-16,0.));
#12118 = PLANE('',#12119);
#12119 = AXIS2_PLACEMENT_3D('',#12120,#12121,#12122);
#12120 = CARTESIAN_POINT('',(0.595807377657,0.39,0.));
#12121 = DIRECTION('',(-1.110223024625E-16,1.,0.));
#12122 = DIRECTION('',(0.,0.,1.));
#12123 = ADVANCED_FACE('',(#12124),#12245,.T.);
#12124 = FACE_BOUND('',#12125,.T.);
#12125 = EDGE_LOOP('',(#12126,#12136,#12144,#12150,#12151,#12159,#12167,
    #12175,#12183,#12191,#12199,#12207,#12215,#12223,#12231,#12239));
#12126 = ORIENTED_EDGE('',*,*,#12127,.F.);
#12127 = EDGE_CURVE('',#12128,#12130,#12132,.T.);
#12128 = VERTEX_POINT('',#12129);
#12129 = CARTESIAN_POINT('',(-0.595807377657,0.795807377657,3.E-02));
#12130 = VERTEX_POINT('',#12131);
#12131 = CARTESIAN_POINT('',(-0.595807377657,0.61,3.E-02));
#12132 = LINE('',#12133,#12134);
#12133 = CARTESIAN_POINT('',(-0.595807377657,0.795807377657,3.E-02));
#12134 = VECTOR('',#12135,1.);
#12135 = DIRECTION('',(2.22044604925E-16,-1.,0.));
#12136 = ORIENTED_EDGE('',*,*,#12137,.F.);
#12137 = EDGE_CURVE('',#12138,#12128,#12140,.T.);
#12138 = VERTEX_POINT('',#12139);
#12139 = CARTESIAN_POINT('',(0.595807377657,0.795807377657,3.E-02));
#12140 = LINE('',#12141,#12142);
#12141 = CARTESIAN_POINT('',(0.595807377657,0.795807377657,3.E-02));
#12142 = VECTOR('',#12143,1.);
#12143 = DIRECTION('',(-1.,-2.22044604925E-16,0.));
#12144 = ORIENTED_EDGE('',*,*,#12145,.F.);
#12145 = EDGE_CURVE('',#11829,#12138,#12146,.T.);
#12146 = LINE('',#12147,#12148);
#12147 = CARTESIAN_POINT('',(0.595807377657,-0.795807377657,3.E-02));
#12148 = VECTOR('',#12149,1.);
#12149 = DIRECTION('',(-2.22044604925E-16,1.,0.));
#12150 = ORIENTED_EDGE('',*,*,#11836,.F.);
#12151 = ORIENTED_EDGE('',*,*,#12152,.F.);
#12152 = EDGE_CURVE('',#12153,#11820,#12155,.T.);
#12153 = VERTEX_POINT('',#12154);
#12154 = CARTESIAN_POINT('',(0.595807377657,0.11,3.E-02));
#12155 = LINE('',#12156,#12157);
#12156 = CARTESIAN_POINT('',(0.595807377657,-0.795807377657,3.E-02));
#12157 = VECTOR('',#12158,1.);
#12158 = DIRECTION('',(-2.22044604925E-16,1.,0.));
#12159 = ORIENTED_EDGE('',*,*,#12160,.F.);
#12160 = EDGE_CURVE('',#12161,#12153,#12163,.T.);
#12161 = VERTEX_POINT('',#12162);
#12162 = CARTESIAN_POINT('',(0.595807377657,-0.11,3.E-02));
#12163 = LINE('',#12164,#12165);
#12164 = CARTESIAN_POINT('',(0.595807377657,-0.795807377657,3.E-02));
#12165 = VECTOR('',#12166,1.);
#12166 = DIRECTION('',(-2.22044604925E-16,1.,0.));
#12167 = ORIENTED_EDGE('',*,*,#12168,.F.);
#12168 = EDGE_CURVE('',#12169,#12161,#12171,.T.);
#12169 = VERTEX_POINT('',#12170);
#12170 = CARTESIAN_POINT('',(0.595807377657,-0.39,3.E-02));
#12171 = LINE('',#12172,#12173);
#12172 = CARTESIAN_POINT('',(0.595807377657,-0.795807377657,3.E-02));
#12173 = VECTOR('',#12174,1.);
#12174 = DIRECTION('',(-2.22044604925E-16,1.,0.));
#12175 = ORIENTED_EDGE('',*,*,#12176,.F.);
#12176 = EDGE_CURVE('',#12177,#12169,#12179,.T.);
#12177 = VERTEX_POINT('',#12178);
#12178 = CARTESIAN_POINT('',(0.595807377657,-0.61,3.E-02));
#12179 = LINE('',#12180,#12181);
#12180 = CARTESIAN_POINT('',(0.595807377657,-0.795807377657,3.E-02));
#12181 = VECTOR('',#12182,1.);
#12182 = DIRECTION('',(-2.22044604925E-16,1.,0.));
#12183 = ORIENTED_EDGE('',*,*,#12184,.F.);
#12184 = EDGE_CURVE('',#12185,#12177,#12187,.T.);
#12185 = VERTEX_POINT('',#12186);
#12186 = CARTESIAN_POINT('',(0.595807377657,-0.795807377657,3.E-02));
#12187 = LINE('',#12188,#12189);
#12188 = CARTESIAN_POINT('',(0.595807377657,-0.795807377657,3.E-02));
#12189 = VECTOR('',#12190,1.);
#12190 = DIRECTION('',(-2.22044604925E-16,1.,0.));
#12191 = ORIENTED_EDGE('',*,*,#12192,.F.);
#12192 = EDGE_CURVE('',#12193,#12185,#12195,.T.);
#12193 = VERTEX_POINT('',#12194);
#12194 = CARTESIAN_POINT('',(-0.595807377657,-0.795807377657,3.E-02));
#12195 = LINE('',#12196,#12197);
#12196 = CARTESIAN_POINT('',(-0.595807377657,-0.795807377657,3.E-02));
#12197 = VECTOR('',#12198,1.);
#12198 = DIRECTION('',(1.,2.22044604925E-16,0.));
#12199 = ORIENTED_EDGE('',*,*,#12200,.F.);
#12200 = EDGE_CURVE('',#12201,#12193,#12203,.T.);
#12201 = VERTEX_POINT('',#12202);
#12202 = CARTESIAN_POINT('',(-0.595807377657,-0.61,3.E-02));
#12203 = LINE('',#12204,#12205);
#12204 = CARTESIAN_POINT('',(-0.595807377657,0.795807377657,3.E-02));
#12205 = VECTOR('',#12206,1.);
#12206 = DIRECTION('',(2.22044604925E-16,-1.,0.));
#12207 = ORIENTED_EDGE('',*,*,#12208,.F.);
#12208 = EDGE_CURVE('',#12209,#12201,#12211,.T.);
#12209 = VERTEX_POINT('',#12210);
#12210 = CARTESIAN_POINT('',(-0.595807377657,-0.39,3.E-02));
#12211 = LINE('',#12212,#12213);
#12212 = CARTESIAN_POINT('',(-0.595807377657,0.795807377657,3.E-02));
#12213 = VECTOR('',#12214,1.);
#12214 = DIRECTION('',(2.22044604925E-16,-1.,0.));
#12215 = ORIENTED_EDGE('',*,*,#12216,.F.);
#12216 = EDGE_CURVE('',#12217,#12209,#12219,.T.);
#12217 = VERTEX_POINT('',#12218);
#12218 = CARTESIAN_POINT('',(-0.595807377657,-0.11,3.E-02));
#12219 = LINE('',#12220,#12221);
#12220 = CARTESIAN_POINT('',(-0.595807377657,0.795807377657,3.E-02));
#12221 = VECTOR('',#12222,1.);
#12222 = DIRECTION('',(2.22044604925E-16,-1.,0.));
#12223 = ORIENTED_EDGE('',*,*,#12224,.F.);
#12224 = EDGE_CURVE('',#12225,#12217,#12227,.T.);
#12225 = VERTEX_POINT('',#12226);
#12226 = CARTESIAN_POINT('',(-0.595807377657,0.11,3.E-02));
#12227 = LINE('',#12228,#12229);
#12228 = CARTESIAN_POINT('',(-0.595807377657,0.795807377657,3.E-02));
#12229 = VECTOR('',#12230,1.);
#12230 = DIRECTION('',(2.22044604925E-16,-1.,0.));
#12231 = ORIENTED_EDGE('',*,*,#12232,.F.);
#12232 = EDGE_CURVE('',#12233,#12225,#12235,.T.);
#12233 = VERTEX_POINT('',#12234);
#12234 = CARTESIAN_POINT('',(-0.595807377657,0.39,3.E-02));
#12235 = LINE('',#12236,#12237);
#12236 = CARTESIAN_POINT('',(-0.595807377657,0.795807377657,3.E-02));
#12237 = VECTOR('',#12238,1.);
#12238 = DIRECTION('',(2.22044604925E-16,-1.,0.));
#12239 = ORIENTED_EDGE('',*,*,#12240,.F.);
#12240 = EDGE_CURVE('',#12130,#12233,#12241,.T.);
#12241 = LINE('',#12242,#12243);
#12242 = CARTESIAN_POINT('',(-0.595807377657,0.795807377657,3.E-02));
#12243 = VECTOR('',#12244,1.);
#12244 = DIRECTION('',(2.22044604925E-16,-1.,0.));
#12245 = PLANE('',#12246);
#12246 = AXIS2_PLACEMENT_3D('',#12247,#12248,#12249);
#12247 = CARTESIAN_POINT('',(-0.595807377657,0.795807377657,3.E-02));
#12248 = DIRECTION('',(0.,0.,-1.));
#12249 = DIRECTION('',(0.599325006491,-0.800505800475,0.));
#12250 = ADVANCED_FACE('',(#12251),#12262,.T.);
#12251 = FACE_BOUND('',#12252,.T.);
#12252 = EDGE_LOOP('',(#12253,#12259,#12260,#12261));
#12253 = ORIENTED_EDGE('',*,*,#12254,.F.);
#12254 = EDGE_CURVE('',#12008,#11861,#12255,.T.);
#12255 = LINE('',#12256,#12257);
#12256 = CARTESIAN_POINT('',(0.6,-0.8,0.11));
#12257 = VECTOR('',#12258,1.);
#12258 = DIRECTION('',(-2.22044604925E-16,1.,0.));
#12259 = ORIENTED_EDGE('',*,*,#12113,.T.);
#12260 = ORIENTED_EDGE('',*,*,#11990,.T.);
#12261 = ORIENTED_EDGE('',*,*,#11966,.F.);
#12262 = PLANE('',#12263);
#12263 = AXIS2_PLACEMENT_3D('',#12264,#12265,#12266);
#12264 = CARTESIAN_POINT('',(0.595807377657,0.39,0.11));
#12265 = DIRECTION('',(0.,0.,1.));
#12266 = DIRECTION('',(1.,1.110223024625E-16,-0.));
#12267 = ADVANCED_FACE('',(#12268),#12285,.T.);
#12268 = FACE_BOUND('',#12269,.T.);
#12269 = EDGE_LOOP('',(#12270,#12271,#12272,#12279));
#12270 = ORIENTED_EDGE('',*,*,#11860,.F.);
#12271 = ORIENTED_EDGE('',*,*,#12145,.T.);
#12272 = ORIENTED_EDGE('',*,*,#12273,.T.);
#12273 = EDGE_CURVE('',#12138,#12274,#12276,.T.);
#12274 = VERTEX_POINT('',#12275);
#12275 = CARTESIAN_POINT('',(0.6,0.8,0.11));
#12276 = B_SPLINE_CURVE_WITH_KNOTS('',1,(#12277,#12278),.UNSPECIFIED.,
  .F.,.F.,(2,2),(0.,1.),.PIECEWISE_BEZIER_KNOTS.);
#12277 = CARTESIAN_POINT('',(0.595807377657,0.795807377657,3.E-02));
#12278 = CARTESIAN_POINT('',(0.6,0.8,0.11));
#12279 = ORIENTED_EDGE('',*,*,#12280,.F.);
#12280 = EDGE_CURVE('',#11861,#12274,#12281,.T.);
#12281 = LINE('',#12282,#12283);
#12282 = CARTESIAN_POINT('',(0.6,-0.8,0.11));
#12283 = VECTOR('',#12284,1.);
#12284 = DIRECTION('',(-2.22044604925E-16,1.,0.));
#12285 = B_SPLINE_SURFACE_WITH_KNOTS('',1,1,(
    (#12286,#12287)
    ,(#12288,#12289
    )),.UNSPECIFIED.,.F.,.F.,.F.,(2,2),(2,2),(0.,1.6),(0.,1.),
  .PIECEWISE_BEZIER_KNOTS.);
#12286 = CARTESIAN_POINT('',(0.595807377657,-0.795807377657,3.E-02));
#12287 = CARTESIAN_POINT('',(0.6,-0.8,0.11));
#12288 = CARTESIAN_POINT('',(0.595807377657,0.795807377657,3.E-02));
#12289 = CARTESIAN_POINT('',(0.6,0.8,0.11));
#12290 = ADVANCED_FACE('',(#12291),#12407,.T.);
#12291 = FACE_BOUND('',#12292,.T.);
#12292 = EDGE_LOOP('',(#12293,#12399,#12400,#12401));
#12293 = ORIENTED_EDGE('',*,*,#12294,.F.);
#12294 = EDGE_CURVE('',#12153,#12295,#12297,.T.);
#12295 = VERTEX_POINT('',#12296);
#12296 = CARTESIAN_POINT('',(0.6,0.11,0.11));
#12297 = B_SPLINE_CURVE_WITH_KNOTS('',4,(#12298,#12299,#12300,#12301,
    #12302,#12303,#12304,#12305,#12306,#12307,#12308,#12309,#12310,
    #12311,#12312,#12313,#12314,#12315,#12316,#12317,#12318,#12319,
    #12320,#12321,#12322,#12323,#12324,#12325,#12326,#12327,#12328,
    #12329,#12330,#12331,#12332,#12333,#12334,#12335,#12336,#12337,
    #12338,#12339,#12340,#12341,#12342,#12343,#12344,#12345,#12346,
    #12347,#12348,#12349,#12350,#12351,#12352,#12353,#12354,#12355,
    #12356,#12357,#12358,#12359,#12360,#12361,#12362,#12363,#12364,
    #12365,#12366,#12367,#12368,#12369,#12370,#12371,#12372,#12373,
    #12374,#12375,#12376,#12377,#12378,#12379,#12380,#12381,#12382,
    #12383,#12384,#12385,#12386,#12387,#12388,#12389,#12390,#12391,
    #12392,#12393,#12394,#12395,#12396,#12397,#12398),.UNSPECIFIED.,.F.,
  .F.,(5,3,3,3,3,3,3,3,3,3,3,3,3,3,3,3,3,3,3,3,3,3,3,3,3,3,3,3,3,3,3,3,3
    ,5),(0.,3.000003027794E-02,6.000005866755E-02,9.000008517035E-02,
    0.120000109788,0.150000132521,0.180000153373,0.210000172343,
    0.240000189434,0.270000204647,0.300000217984,0.330000229446,
    0.360000239034,0.39000024675,0.420000252596,0.450000256573,
    0.480000258682,0.510000258925,0.540000257303,0.570000253818,
    0.600000248472,0.630000241265,0.660000232199,0.690000221276,
    0.720000208498,0.750000193864,0.780000177378,0.810000159041,
    0.840000138853,0.870000116817,0.900000092934,0.930000067205,
    0.960000039632,1.),.UNSPECIFIED.);
#12298 = CARTESIAN_POINT('',(0.595807377657,0.11,3.E-02));
#12299 = CARTESIAN_POINT('',(0.595838822324,0.11,3.059999998111E-02));
#12300 = CARTESIAN_POINT('',(0.595870266991,0.11,3.119999997481E-02));
#12301 = CARTESIAN_POINT('',(0.595901711659,0.11,3.179999998111E-02));
#12302 = CARTESIAN_POINT('',(0.595964600994,0.11,3.299999998113E-02));
#12303 = CARTESIAN_POINT('',(0.595996045661,0.11,3.359999997484E-02));
#12304 = CARTESIAN_POINT('',(0.596027490329,0.11,3.419999998113E-02));
#12305 = CARTESIAN_POINT('',(0.596090379664,0.11,3.539999998115E-02));
#12306 = CARTESIAN_POINT('',(0.596121824332,0.11,3.599999997486E-02));
#12307 = CARTESIAN_POINT('',(0.596153269,0.11,3.659999998115E-02));
#12308 = CARTESIAN_POINT('',(0.596216158335,0.11,3.779999998117E-02));
#12309 = CARTESIAN_POINT('',(0.596247603002,0.11,3.839999997489E-02));
#12310 = CARTESIAN_POINT('',(0.59627904767,0.11,3.899999998117E-02));
#12311 = CARTESIAN_POINT('',(0.596341937005,0.11,4.019999998118E-02));
#12312 = CARTESIAN_POINT('',(0.596373381672,0.11,4.079999997491E-02));
#12313 = CARTESIAN_POINT('',(0.59640482634,0.11,4.139999998119E-02));
#12314 = CARTESIAN_POINT('',(0.596467715675,0.11,4.25999999812E-02));
#12315 = CARTESIAN_POINT('',(0.596499160343,0.11,4.319999997494E-02));
#12316 = CARTESIAN_POINT('',(0.59653060501,0.11,4.379999998121E-02));
#12317 = CARTESIAN_POINT('',(0.596593494346,0.11,4.499999998122E-02));
#12318 = CARTESIAN_POINT('',(0.596624939013,0.11,4.559999997496E-02));
#12319 = CARTESIAN_POINT('',(0.596656383681,0.11,4.619999998123E-02));
#12320 = CARTESIAN_POINT('',(0.596719273016,0.11,4.739999998124E-02));
#12321 = CARTESIAN_POINT('',(0.596750717683,0.11,4.799999997498E-02));
#12322 = CARTESIAN_POINT('',(0.596782162351,0.11,4.859999998125E-02));
#12323 = CARTESIAN_POINT('',(0.596845051686,0.11,4.979999998126E-02));
#12324 = CARTESIAN_POINT('',(0.596876496353,0.11,5.039999997501E-02));
#12325 = CARTESIAN_POINT('',(0.596907941021,0.11,5.099999998127E-02));
#12326 = CARTESIAN_POINT('',(0.596970830356,0.11,5.219999998128E-02));
#12327 = CARTESIAN_POINT('',(0.597002275024,0.11,5.279999997503E-02));
#12328 = CARTESIAN_POINT('',(0.597033719692,0.11,5.339999998129E-02));
#12329 = CARTESIAN_POINT('',(0.597096609027,0.11,5.45999999813E-02));
#12330 = CARTESIAN_POINT('',(0.597128053694,0.11,5.519999997506E-02));
#12331 = CARTESIAN_POINT('',(0.597159498362,0.11,5.579999998131E-02));
#12332 = CARTESIAN_POINT('',(0.597222387697,0.11,5.699999998132E-02));
#12333 = CARTESIAN_POINT('',(0.597253832364,0.11,5.759999997508E-02));
#12334 = CARTESIAN_POINT('',(0.597285277032,0.11,5.819999998133E-02));
#12335 = CARTESIAN_POINT('',(0.597348166367,0.11,5.939999998134E-02));
#12336 = CARTESIAN_POINT('',(0.597379611035,0.11,5.99999999751E-02));
#12337 = CARTESIAN_POINT('',(0.597411055702,0.11,6.059999998134E-02));
#12338 = CARTESIAN_POINT('',(0.597473945038,0.11,6.179999998136E-02));
#12339 = CARTESIAN_POINT('',(0.597505389705,0.11,6.239999997513E-02));
#12340 = CARTESIAN_POINT('',(0.597536834373,0.11,6.299999998136E-02));
#12341 = CARTESIAN_POINT('',(0.597599723708,0.11,6.419999998138E-02));
#12342 = CARTESIAN_POINT('',(0.597631168375,0.11,6.479999997515E-02));
#12343 = CARTESIAN_POINT('',(0.597662613043,0.11,6.539999998138E-02));
#12344 = CARTESIAN_POINT('',(0.597725502378,0.11,6.659999998139E-02));
#12345 = CARTESIAN_POINT('',(0.597756947045,0.11,6.719999997518E-02));
#12346 = CARTESIAN_POINT('',(0.597788391713,0.11,6.77999999814E-02));
#12347 = CARTESIAN_POINT('',(0.597851281048,0.11,6.899999998141E-02));
#12348 = CARTESIAN_POINT('',(0.597882725716,0.11,6.95999999752E-02));
#12349 = CARTESIAN_POINT('',(0.597914170384,0.11,7.019999998142E-02));
#12350 = CARTESIAN_POINT('',(0.597977059719,0.11,7.139999998143E-02));
#12351 = CARTESIAN_POINT('',(0.598008504386,0.11,7.199999997522E-02));
#12352 = CARTESIAN_POINT('',(0.598039949054,0.11,7.259999998144E-02));
#12353 = CARTESIAN_POINT('',(0.598102838389,0.11,7.379999998145E-02));
#12354 = CARTESIAN_POINT('',(0.598134283056,0.11,7.439999997525E-02));
#12355 = CARTESIAN_POINT('',(0.598165727724,0.11,7.499999998146E-02));
#12356 = CARTESIAN_POINT('',(0.598228617059,0.11,7.619999998147E-02));
#12357 = CARTESIAN_POINT('',(0.598260061727,0.11,7.679999997527E-02));
#12358 = CARTESIAN_POINT('',(0.598291506394,0.11,7.739999998148E-02));
#12359 = CARTESIAN_POINT('',(0.59835439573,0.11,7.859999998149E-02));
#12360 = CARTESIAN_POINT('',(0.598385840397,0.11,7.919999997529E-02));
#12361 = CARTESIAN_POINT('',(0.598417285065,0.11,7.97999999815E-02));
#12362 = CARTESIAN_POINT('',(0.5984801744,0.11,8.099999998151E-02));
#12363 = CARTESIAN_POINT('',(0.598511619067,0.11,8.159999997532E-02));
#12364 = CARTESIAN_POINT('',(0.598543063735,0.11,8.219999998151E-02));
#12365 = CARTESIAN_POINT('',(0.59860595307,0.11,8.339999998153E-02));
#12366 = CARTESIAN_POINT('',(0.598637397737,0.11,8.399999997534E-02));
#12367 = CARTESIAN_POINT('',(0.598668842405,0.11,8.459999998153E-02));
#12368 = CARTESIAN_POINT('',(0.59873173174,0.11,8.579999998155E-02));
#12369 = CARTESIAN_POINT('',(0.598763176408,0.11,8.639999997537E-02));
#12370 = CARTESIAN_POINT('',(0.598794621076,0.11,8.699999998155E-02));
#12371 = CARTESIAN_POINT('',(0.598857510411,0.11,8.819999998156E-02));
#12372 = CARTESIAN_POINT('',(0.598888955078,0.11,8.879999997539E-02));
#12373 = CARTESIAN_POINT('',(0.598920399746,0.11,8.939999998157E-02));
#12374 = CARTESIAN_POINT('',(0.598983289081,0.11,9.059999998158E-02));
#12375 = CARTESIAN_POINT('',(0.599014733748,0.11,9.119999997541E-02));
#12376 = CARTESIAN_POINT('',(0.599046178416,0.11,9.179999998159E-02));
#12377 = CARTESIAN_POINT('',(0.599109067751,0.11,9.29999999816E-02));
#12378 = CARTESIAN_POINT('',(0.599140512418,0.11,9.359999997544E-02));
#12379 = CARTESIAN_POINT('',(0.599171957086,0.11,9.419999998161E-02));
#12380 = CARTESIAN_POINT('',(0.599234846422,0.11,9.539999998162E-02));
#12381 = CARTESIAN_POINT('',(0.599266291089,0.11,9.599999997546E-02));
#12382 = CARTESIAN_POINT('',(0.599297735757,0.11,9.659999998163E-02));
#12383 = CARTESIAN_POINT('',(0.599360625092,0.11,9.779999998164E-02));
#12384 = CARTESIAN_POINT('',(0.599392069759,0.11,9.839999997548E-02));
#12385 = CARTESIAN_POINT('',(0.599423514427,0.11,9.899999998165E-02));
#12386 = CARTESIAN_POINT('',(0.599486403762,0.11,0.100199999982));
#12387 = CARTESIAN_POINT('',(0.599517848429,0.11,0.100799999976));
#12388 = CARTESIAN_POINT('',(0.599549293097,0.11,0.101399999982));
#12389 = CARTESIAN_POINT('',(0.599612182432,0.11,0.102599999982));
#12390 = CARTESIAN_POINT('',(0.5996436271,0.11,0.103199999976));
#12391 = CARTESIAN_POINT('',(0.599675071767,0.11,0.103799999982));
#12392 = CARTESIAN_POINT('',(0.599737961103,0.11,0.104999999982));
#12393 = CARTESIAN_POINT('',(0.59976940577,0.11,0.105599999976));
#12394 = CARTESIAN_POINT('',(0.599800850438,0.11,0.106199999982));
#12395 = CARTESIAN_POINT('',(0.599874221328,0.11,0.107599999967));
#12396 = CARTESIAN_POINT('',(0.599916147551,0.11,0.108399999956));
#12397 = CARTESIAN_POINT('',(0.599958073775,0.11,0.109199999967));
#12398 = CARTESIAN_POINT('',(0.6,0.11,0.11));
#12399 = ORIENTED_EDGE('',*,*,#12152,.T.);
#12400 = ORIENTED_EDGE('',*,*,#12007,.T.);
#12401 = ORIENTED_EDGE('',*,*,#12402,.F.);
#12402 = EDGE_CURVE('',#12295,#12008,#12403,.T.);
#12403 = LINE('',#12404,#12405);
#12404 = CARTESIAN_POINT('',(0.6,-0.8,0.11));
#12405 = VECTOR('',#12406,1.);
#12406 = DIRECTION('',(-2.22044604925E-16,1.,0.));
#12407 = B_SPLINE_SURFACE_WITH_KNOTS('',1,1,(
    (#12408,#12409)
    ,(#12410,#12411
    )),.UNSPECIFIED.,.F.,.F.,.F.,(2,2),(2,2),(0.,1.6),(0.,1.),
  .PIECEWISE_BEZIER_KNOTS.);
#12408 = CARTESIAN_POINT('',(0.595807377657,-0.795807377657,3.E-02));
#12409 = CARTESIAN_POINT('',(0.6,-0.8,0.11));
#12410 = CARTESIAN_POINT('',(0.595807377657,0.795807377657,3.E-02));
#12411 = CARTESIAN_POINT('',(0.6,0.8,0.11));
#12412 = ADVANCED_FACE('',(#12413),#12535,.T.);
#12413 = FACE_BOUND('',#12414,.T.);
#12414 = EDGE_LOOP('',(#12415,#12422,#12423,#12529));
#12415 = ORIENTED_EDGE('',*,*,#12416,.F.);
#12416 = EDGE_CURVE('',#12128,#12417,#12419,.T.);
#12417 = VERTEX_POINT('',#12418);
#12418 = CARTESIAN_POINT('',(-0.6,0.8,0.11));
#12419 = B_SPLINE_CURVE_WITH_KNOTS('',1,(#12420,#12421),.UNSPECIFIED.,
  .F.,.F.,(2,2),(0.,1.),.PIECEWISE_BEZIER_KNOTS.);
#12420 = CARTESIAN_POINT('',(-0.595807377657,0.795807377657,3.E-02));
#12421 = CARTESIAN_POINT('',(-0.6,0.8,0.11));
#12422 = ORIENTED_EDGE('',*,*,#12127,.T.);
#12423 = ORIENTED_EDGE('',*,*,#12424,.T.);
#12424 = EDGE_CURVE('',#12130,#12425,#12427,.T.);
#12425 = VERTEX_POINT('',#12426);
#12426 = CARTESIAN_POINT('',(-0.6,0.61,0.11));
#12427 = B_SPLINE_CURVE_WITH_KNOTS('',4,(#12428,#12429,#12430,#12431,
    #12432,#12433,#12434,#12435,#12436,#12437,#12438,#12439,#12440,
    #12441,#12442,#12443,#12444,#12445,#12446,#12447,#12448,#12449,
    #12450,#12451,#12452,#12453,#12454,#12455,#12456,#12457,#12458,
    #12459,#12460,#12461,#12462,#12463,#12464,#12465,#12466,#12467,
    #12468,#12469,#12470,#12471,#12472,#12473,#12474,#12475,#12476,
    #12477,#12478,#12479,#12480,#12481,#12482,#12483,#12484,#12485,
    #12486,#12487,#12488,#12489,#12490,#12491,#12492,#12493,#12494,
    #12495,#12496,#12497,#12498,#12499,#12500,#12501,#12502,#12503,
    #12504,#12505,#12506,#12507,#12508,#12509,#12510,#12511,#12512,
    #12513,#12514,#12515,#12516,#12517,#12518,#12519,#12520,#12521,
    #12522,#12523,#12524,#12525,#12526,#12527,#12528),.UNSPECIFIED.,.F.,
  .F.,(5,3,3,3,3,3,3,3,3,3,3,3,3,3,3,3,3,3,3,3,3,3,3,3,3,3,3,3,3,3,3,3,3
    ,5),(0.,3.000088527395E-02,6.000171535364E-02,9.000249028103E-02,
    0.120003210098,0.150003874847,0.180004484568,0.210005039305,
    0.240005539099,0.270005983991,0.300006374024,0.330006709239,
    0.360006989677,0.39000721538,0.42000738639,0.450007502748,
    0.480007564495,0.510007571673,0.540007524324,0.570007422489,
    0.600007266208,0.630007055524,0.660006790478,0.69000647111,
    0.720006097462,0.750005669575,0.780005187491,0.810004651249,
    0.840004060892,0.87000341646,0.900002717994,0.930001965535,
    0.960001159124,1.),.UNSPECIFIED.);
#12428 = CARTESIAN_POINT('',(-0.595807377657,0.61,3.E-02));
#12429 = CARTESIAN_POINT('',(-0.595838822296,0.61,3.059999944783E-02));
#12430 = CARTESIAN_POINT('',(-0.595870266954,0.61,3.119999926388E-02));
#12431 = CARTESIAN_POINT('',(-0.595901711631,0.61,3.179999944803E-02));
#12432 = CARTESIAN_POINT('',(-0.595964600966,0.61,3.299999944838E-02));
#12433 = CARTESIAN_POINT('',(-0.595996045624,0.61,3.359999926458E-02));
#12434 = CARTESIAN_POINT('',(-0.596027490301,0.61,3.419999944858E-02));
#12435 = CARTESIAN_POINT('',(-0.596090379637,0.61,3.539999944893E-02));
#12436 = CARTESIAN_POINT('',(-0.596121824295,0.61,3.599999926526E-02));
#12437 = CARTESIAN_POINT('',(-0.596153268972,0.61,3.659999944913E-02));
#12438 = CARTESIAN_POINT('',(-0.596216158307,0.61,3.779999944948E-02));
#12439 = CARTESIAN_POINT('',(-0.596247602965,0.61,3.839999926595E-02));
#12440 = CARTESIAN_POINT('',(-0.596279047642,0.61,3.899999944968E-02));
#12441 = CARTESIAN_POINT('',(-0.596341936977,0.61,4.019999945003E-02));
#12442 = CARTESIAN_POINT('',(-0.596373381635,0.61,4.079999926664E-02));
#12443 = CARTESIAN_POINT('',(-0.596404826312,0.61,4.139999945023E-02));
#12444 = CARTESIAN_POINT('',(-0.596467715648,0.61,4.259999945058E-02));
#12445 = CARTESIAN_POINT('',(-0.596499160305,0.61,4.319999926733E-02));
#12446 = CARTESIAN_POINT('',(-0.596530604983,0.61,4.379999945078E-02));
#12447 = CARTESIAN_POINT('',(-0.596593494318,0.61,4.499999945112E-02));
#12448 = CARTESIAN_POINT('',(-0.596624938976,0.61,4.559999926801E-02));
#12449 = CARTESIAN_POINT('',(-0.596656383653,0.61,4.619999945133E-02));
#12450 = CARTESIAN_POINT('',(-0.596719272988,0.61,4.739999945167E-02));
#12451 = CARTESIAN_POINT('',(-0.596750717646,0.61,4.79999992687E-02));
#12452 = CARTESIAN_POINT('',(-0.596782162323,0.61,4.859999945188E-02));
#12453 = CARTESIAN_POINT('',(-0.596845051658,0.61,4.979999945222E-02));
#12454 = CARTESIAN_POINT('',(-0.596876496316,0.61,5.039999926939E-02));
#12455 = CARTESIAN_POINT('',(-0.596907940994,0.61,5.099999945242E-02));
#12456 = CARTESIAN_POINT('',(-0.596970830329,0.61,5.219999945277E-02));
#12457 = CARTESIAN_POINT('',(-0.597002274987,0.61,5.279999927007E-02));
#12458 = CARTESIAN_POINT('',(-0.597033719664,0.61,5.339999945297E-02));
#12459 = CARTESIAN_POINT('',(-0.597096608999,0.61,5.459999945331E-02));
#12460 = CARTESIAN_POINT('',(-0.597128053657,0.61,5.519999927076E-02));
#12461 = CARTESIAN_POINT('',(-0.597159498334,0.61,5.579999945351E-02));
#12462 = CARTESIAN_POINT('',(-0.597222387669,0.61,5.699999945386E-02));
#12463 = CARTESIAN_POINT('',(-0.597253832327,0.61,5.759999927144E-02));
#12464 = CARTESIAN_POINT('',(-0.597285277005,0.61,5.819999945406E-02));
#12465 = CARTESIAN_POINT('',(-0.59734816634,0.61,5.93999994544E-02));
#12466 = CARTESIAN_POINT('',(-0.597379610998,0.61,5.999999927213E-02));
#12467 = CARTESIAN_POINT('',(-0.597411055675,0.61,6.059999945461E-02));
#12468 = CARTESIAN_POINT('',(-0.59747394501,0.61,6.179999945495E-02));
#12469 = CARTESIAN_POINT('',(-0.597505389668,0.61,6.239999927281E-02));
#12470 = CARTESIAN_POINT('',(-0.597536834345,0.61,6.299999945515E-02));
#12471 = CARTESIAN_POINT('',(-0.59759972368,0.61,6.419999945549E-02));
#12472 = CARTESIAN_POINT('',(-0.597631168338,0.61,6.479999927349E-02));
#12473 = CARTESIAN_POINT('',(-0.597662613015,0.61,6.539999945569E-02));
#12474 = CARTESIAN_POINT('',(-0.597725502351,0.61,6.659999945604E-02));
#12475 = CARTESIAN_POINT('',(-0.597756947009,0.61,6.719999927417E-02));
#12476 = CARTESIAN_POINT('',(-0.597788391686,0.61,6.779999945624E-02));
#12477 = CARTESIAN_POINT('',(-0.597851281021,0.61,6.899999945658E-02));
#12478 = CARTESIAN_POINT('',(-0.597882725679,0.61,6.959999927485E-02));
#12479 = CARTESIAN_POINT('',(-0.597914170356,0.61,7.019999945678E-02));
#12480 = CARTESIAN_POINT('',(-0.597977059691,0.61,7.139999945712E-02));
#12481 = CARTESIAN_POINT('',(-0.598008504349,0.61,7.199999927553E-02));
#12482 = CARTESIAN_POINT('',(-0.598039949026,0.61,7.259999945732E-02));
#12483 = CARTESIAN_POINT('',(-0.598102838362,0.61,7.379999945766E-02));
#12484 = CARTESIAN_POINT('',(-0.59813428302,0.61,7.439999927621E-02));
#12485 = CARTESIAN_POINT('',(-0.598165727697,0.61,7.499999945787E-02));
#12486 = CARTESIAN_POINT('',(-0.598228617032,0.61,7.619999945821E-02));
#12487 = CARTESIAN_POINT('',(-0.59826006169,0.61,7.679999927689E-02));
#12488 = CARTESIAN_POINT('',(-0.598291506367,0.61,7.739999945841E-02));
#12489 = CARTESIAN_POINT('',(-0.598354395702,0.61,7.859999945875E-02));
#12490 = CARTESIAN_POINT('',(-0.59838584036,0.61,7.919999927757E-02));
#12491 = CARTESIAN_POINT('',(-0.598417285037,0.61,7.979999945895E-02));
#12492 = CARTESIAN_POINT('',(-0.598480174372,0.61,8.099999945929E-02));
#12493 = CARTESIAN_POINT('',(-0.598511619031,0.61,8.159999927825E-02));
#12494 = CARTESIAN_POINT('',(-0.598543063708,0.61,8.219999945949E-02));
#12495 = CARTESIAN_POINT('',(-0.598605953043,0.61,8.339999945983E-02));
#12496 = CARTESIAN_POINT('',(-0.598637397701,0.61,8.399999927893E-02));
#12497 = CARTESIAN_POINT('',(-0.598668842378,0.61,8.459999946003E-02));
#12498 = CARTESIAN_POINT('',(-0.598731731713,0.61,8.579999946037E-02));
#12499 = CARTESIAN_POINT('',(-0.598763176371,0.61,8.63999992796E-02));
#12500 = CARTESIAN_POINT('',(-0.598794621048,0.61,8.699999946057E-02));
#12501 = CARTESIAN_POINT('',(-0.598857510383,0.61,8.819999946091E-02));
#12502 = CARTESIAN_POINT('',(-0.598888955041,0.61,8.879999928028E-02));
#12503 = CARTESIAN_POINT('',(-0.598920399719,0.61,8.939999946111E-02));
#12504 = CARTESIAN_POINT('',(-0.598983289054,0.61,9.059999946145E-02));
#12505 = CARTESIAN_POINT('',(-0.599014733712,0.61,9.119999928096E-02));
#12506 = CARTESIAN_POINT('',(-0.599046178389,0.61,9.179999946165E-02));
#12507 = CARTESIAN_POINT('',(-0.599109067724,0.61,9.299999946199E-02));
#12508 = CARTESIAN_POINT('',(-0.599140512382,0.61,9.359999928163E-02));
#12509 = CARTESIAN_POINT('',(-0.599171957059,0.61,9.419999946219E-02));
#12510 = CARTESIAN_POINT('',(-0.599234846394,0.61,9.539999946253E-02));
#12511 = CARTESIAN_POINT('',(-0.599266291052,0.61,9.599999928231E-02));
#12512 = CARTESIAN_POINT('',(-0.599297735729,0.61,9.659999946273E-02));
#12513 = CARTESIAN_POINT('',(-0.599360625065,0.61,9.779999946306E-02));
#12514 = CARTESIAN_POINT('',(-0.599392069723,0.61,9.839999928298E-02));
#12515 = CARTESIAN_POINT('',(-0.5994235144,0.61,9.899999946326E-02));
#12516 = CARTESIAN_POINT('',(-0.599486403735,0.61,0.100199999464));
#12517 = CARTESIAN_POINT('',(-0.599517848393,0.61,0.100799999284));
#12518 = CARTESIAN_POINT('',(-0.59954929307,0.61,0.101399999464));
#12519 = CARTESIAN_POINT('',(-0.599612182405,0.61,0.102599999464));
#12520 = CARTESIAN_POINT('',(-0.599643627063,0.61,0.103199999284));
#12521 = CARTESIAN_POINT('',(-0.59967507174,0.61,0.103799999464));
#12522 = CARTESIAN_POINT('',(-0.599737961076,0.61,0.104999999465));
#12523 = CARTESIAN_POINT('',(-0.599769405734,0.61,0.105599999285));
#12524 = CARTESIAN_POINT('',(-0.599800850411,0.61,0.106199999465));
#12525 = CARTESIAN_POINT('',(-0.59987422128,0.61,0.107599999045));
#12526 = CARTESIAN_POINT('',(-0.599916147486,0.61,0.108399998725));
#12527 = CARTESIAN_POINT('',(-0.599958073726,0.61,0.109199999043));
#12528 = CARTESIAN_POINT('',(-0.6,0.61,0.11));
#12529 = ORIENTED_EDGE('',*,*,#12530,.F.);
#12530 = EDGE_CURVE('',#12417,#12425,#12531,.T.);
#12531 = LINE('',#12532,#12533);
#12532 = CARTESIAN_POINT('',(-0.6,0.8,0.11));
#12533 = VECTOR('',#12534,1.);
#12534 = DIRECTION('',(2.22044604925E-16,-1.,0.));
#12535 = B_SPLINE_SURFACE_WITH_KNOTS('',1,1,(
    (#12536,#12537)
    ,(#12538,#12539
    )),.UNSPECIFIED.,.F.,.F.,.F.,(2,2),(2,2),(0.,1.6),(0.,1.),
  .PIECEWISE_BEZIER_KNOTS.);
#12536 = CARTESIAN_POINT('',(-0.595807377657,0.795807377657,3.E-02));
#12537 = CARTESIAN_POINT('',(-0.6,0.8,0.11));
#12538 = CARTESIAN_POINT('',(-0.595807377657,-0.795807377657,3.E-02));
#12539 = CARTESIAN_POINT('',(-0.6,-0.8,0.11));
#12540 = ADVANCED_FACE('',(#12541),#12552,.T.);
#12541 = FACE_BOUND('',#12542,.T.);
#12542 = EDGE_LOOP('',(#12543,#12544,#12545,#12551));
#12543 = ORIENTED_EDGE('',*,*,#12137,.T.);
#12544 = ORIENTED_EDGE('',*,*,#12416,.T.);
#12545 = ORIENTED_EDGE('',*,*,#12546,.F.);
#12546 = EDGE_CURVE('',#12274,#12417,#12547,.T.);
#12547 = LINE('',#12548,#12549);
#12548 = CARTESIAN_POINT('',(0.6,0.8,0.11));
#12549 = VECTOR('',#12550,1.);
#12550 = DIRECTION('',(-1.,-2.22044604925E-16,0.));
#12551 = ORIENTED_EDGE('',*,*,#12273,.F.);
#12552 = B_SPLINE_SURFACE_WITH_KNOTS('',1,1,(
    (#12553,#12554)
    ,(#12555,#12556
    )),.UNSPECIFIED.,.F.,.F.,.F.,(2,2),(2,2),(0.,1.2),(0.,1.),
  .PIECEWISE_BEZIER_KNOTS.);
#12553 = CARTESIAN_POINT('',(0.595807377657,0.795807377657,3.E-02));
#12554 = CARTESIAN_POINT('',(0.6,0.8,0.11));
#12555 = CARTESIAN_POINT('',(-0.595807377657,0.795807377657,3.E-02));
#12556 = CARTESIAN_POINT('',(-0.6,0.8,0.11));
#12557 = ADVANCED_FACE('',(#12558),#12583,.F.);
#12558 = FACE_BOUND('',#12559,.F.);
#12559 = EDGE_LOOP('',(#12560,#12568,#12576,#12582));
#12560 = ORIENTED_EDGE('',*,*,#12561,.F.);
#12561 = EDGE_CURVE('',#12562,#12130,#12564,.T.);
#12562 = VERTEX_POINT('',#12563);
#12563 = CARTESIAN_POINT('',(-0.595807377657,0.61,0.));
#12564 = LINE('',#12565,#12566);
#12565 = CARTESIAN_POINT('',(-0.595807377657,0.61,0.));
#12566 = VECTOR('',#12567,1.);
#12567 = DIRECTION('',(0.,0.,1.));
#12568 = ORIENTED_EDGE('',*,*,#12569,.T.);
#12569 = EDGE_CURVE('',#12562,#12570,#12572,.T.);
#12570 = VERTEX_POINT('',#12571);
#12571 = CARTESIAN_POINT('',(-0.595807377657,0.39,0.));
#12572 = LINE('',#12573,#12574);
#12573 = CARTESIAN_POINT('',(-0.595807377657,0.61,0.));
#12574 = VECTOR('',#12575,1.);
#12575 = DIRECTION('',(-1.144237745222E-17,-1.,0.));
#12576 = ORIENTED_EDGE('',*,*,#12577,.T.);
#12577 = EDGE_CURVE('',#12570,#12233,#12578,.T.);
#12578 = LINE('',#12579,#12580);
#12579 = CARTESIAN_POINT('',(-0.595807377657,0.39,0.));
#12580 = VECTOR('',#12581,1.);
#12581 = DIRECTION('',(0.,0.,1.));
#12582 = ORIENTED_EDGE('',*,*,#12240,.F.);
#12583 = PLANE('',#12584);
#12584 = AXIS2_PLACEMENT_3D('',#12585,#12586,#12587);
#12585 = CARTESIAN_POINT('',(-0.595807377657,0.61,0.));
#12586 = DIRECTION('',(-1.,1.144237745222E-17,0.));
#12587 = DIRECTION('',(0.,0.,1.));
#12588 = ADVANCED_FACE('',(#12589),#12810,.T.);
#12589 = FACE_BOUND('',#12590,.T.);
#12590 = EDGE_LOOP('',(#12591,#12697,#12698,#12804));
#12591 = ORIENTED_EDGE('',*,*,#12592,.F.);
#12592 = EDGE_CURVE('',#12233,#12593,#12595,.T.);
#12593 = VERTEX_POINT('',#12594);
#12594 = CARTESIAN_POINT('',(-0.6,0.39,0.11));
#12595 = B_SPLINE_CURVE_WITH_KNOTS('',4,(#12596,#12597,#12598,#12599,
    #12600,#12601,#12602,#12603,#12604,#12605,#12606,#12607,#12608,
    #12609,#12610,#12611,#12612,#12613,#12614,#12615,#12616,#12617,
    #12618,#12619,#12620,#12621,#12622,#12623,#12624,#12625,#12626,
    #12627,#12628,#12629,#12630,#12631,#12632,#12633,#12634,#12635,
    #12636,#12637,#12638,#12639,#12640,#12641,#12642,#12643,#12644,
    #12645,#12646,#12647,#12648,#12649,#12650,#12651,#12652,#12653,
    #12654,#12655,#12656,#12657,#12658,#12659,#12660,#12661,#12662,
    #12663,#12664,#12665,#12666,#12667,#12668,#12669,#12670,#12671,
    #12672,#12673,#12674,#12675,#12676,#12677,#12678,#12679,#12680,
    #12681,#12682,#12683,#12684,#12685,#12686,#12687,#12688,#12689,
    #12690,#12691,#12692,#12693,#12694,#12695,#12696),.UNSPECIFIED.,.F.,
  .F.,(5,3,3,3,3,3,3,3,3,3,3,3,3,3,3,3,3,3,3,3,3,3,3,3,3,3,3,3,3,3,3,3,3
    ,5),(0.,3.000037299324E-02,6.000072272736E-02,9.000104922047E-02,
    0.120001352491,0.150001632556,0.180001889434,0.210002123143,
    0.240002333702,0.270002521127,0.300002685437,0.33000282665,
    0.360002944785,0.390003039857,0.420003111887,0.450003160891,
    0.480003186887,0.510003189893,0.540003169928,0.570003127008,
    0.600003061152,0.630002972377,0.660002860701,0.690002726142,
    0.720002568718,0.750002388446,0.780002185344,0.81000195943,
    0.84000171072,0.870001439234,0.900001144989,0.930000828001,
    0.96000048829,1.),.UNSPECIFIED.);
#12596 = CARTESIAN_POINT('',(-0.595807377657,0.39,3.E-02));
#12597 = CARTESIAN_POINT('',(-0.595838822313,0.39,3.059999976731E-02));
#12598 = CARTESIAN_POINT('',(-0.595870266976,0.39,3.119999968979E-02));
#12599 = CARTESIAN_POINT('',(-0.595901711648,0.39,3.179999976739E-02));
#12600 = CARTESIAN_POINT('',(-0.595964600983,0.39,3.299999976754E-02));
#12601 = CARTESIAN_POINT('',(-0.595996045647,0.39,3.359999969008E-02));
#12602 = CARTESIAN_POINT('',(-0.596027490318,0.39,3.419999976763E-02));
#12603 = CARTESIAN_POINT('',(-0.596090379653,0.39,3.539999976777E-02));
#12604 = CARTESIAN_POINT('',(-0.596121824317,0.39,3.599999969038E-02));
#12605 = CARTESIAN_POINT('',(-0.596153268988,0.39,3.659999976786E-02));
#12606 = CARTESIAN_POINT('',(-0.596216158324,0.39,3.779999976801E-02));
#12607 = CARTESIAN_POINT('',(-0.596247602987,0.39,3.839999969067E-02));
#12608 = CARTESIAN_POINT('',(-0.596279047659,0.39,3.899999976809E-02));
#12609 = CARTESIAN_POINT('',(-0.596341936994,0.39,4.019999976824E-02));
#12610 = CARTESIAN_POINT('',(-0.596373381657,0.39,4.079999969097E-02));
#12611 = CARTESIAN_POINT('',(-0.596404826329,0.39,4.139999976833E-02));
#12612 = CARTESIAN_POINT('',(-0.596467715664,0.39,4.259999976848E-02));
#12613 = CARTESIAN_POINT('',(-0.596499160328,0.39,4.319999969126E-02));
#12614 = CARTESIAN_POINT('',(-0.596530604999,0.39,4.379999976856E-02));
#12615 = CARTESIAN_POINT('',(-0.596593494334,0.39,4.499999976871E-02));
#12616 = CARTESIAN_POINT('',(-0.596624938998,0.39,4.559999969155E-02));
#12617 = CARTESIAN_POINT('',(-0.59665638367,0.39,4.61999997688E-02));
#12618 = CARTESIAN_POINT('',(-0.596719273005,0.39,4.739999976894E-02));
#12619 = CARTESIAN_POINT('',(-0.596750717668,0.39,4.799999969185E-02));
#12620 = CARTESIAN_POINT('',(-0.59678216234,0.39,4.859999976903E-02));
#12621 = CARTESIAN_POINT('',(-0.596845051675,0.39,4.979999976918E-02));
#12622 = CARTESIAN_POINT('',(-0.596876496339,0.39,5.039999969214E-02));
#12623 = CARTESIAN_POINT('',(-0.59690794101,0.39,5.099999976926E-02));
#12624 = CARTESIAN_POINT('',(-0.596970830345,0.39,5.219999976941E-02));
#12625 = CARTESIAN_POINT('',(-0.597002275009,0.39,5.279999969243E-02));
#12626 = CARTESIAN_POINT('',(-0.59703371968,0.39,5.339999976949E-02));
#12627 = CARTESIAN_POINT('',(-0.597096609016,0.39,5.459999976964E-02));
#12628 = CARTESIAN_POINT('',(-0.597128053679,0.39,5.519999969272E-02));
#12629 = CARTESIAN_POINT('',(-0.597159498351,0.39,5.579999976973E-02));
#12630 = CARTESIAN_POINT('',(-0.597222387686,0.39,5.699999976987E-02));
#12631 = CARTESIAN_POINT('',(-0.597253832349,0.39,5.759999969302E-02));
#12632 = CARTESIAN_POINT('',(-0.597285277021,0.39,5.819999976996E-02));
#12633 = CARTESIAN_POINT('',(-0.597348166356,0.39,5.939999977011E-02));
#12634 = CARTESIAN_POINT('',(-0.59737961102,0.39,5.999999969331E-02));
#12635 = CARTESIAN_POINT('',(-0.597411055691,0.39,6.059999977019E-02));
#12636 = CARTESIAN_POINT('',(-0.597473945027,0.39,6.179999977034E-02));
#12637 = CARTESIAN_POINT('',(-0.59750538969,0.39,6.23999996936E-02));
#12638 = CARTESIAN_POINT('',(-0.597536834362,0.39,6.299999977042E-02));
#12639 = CARTESIAN_POINT('',(-0.597599723697,0.39,6.419999977057E-02));
#12640 = CARTESIAN_POINT('',(-0.59763116836,0.39,6.479999969389E-02));
#12641 = CARTESIAN_POINT('',(-0.597662613032,0.39,6.539999977066E-02));
#12642 = CARTESIAN_POINT('',(-0.597725502367,0.39,6.65999997708E-02));
#12643 = CARTESIAN_POINT('',(-0.597756947031,0.39,6.719999969418E-02));
#12644 = CARTESIAN_POINT('',(-0.597788391702,0.39,6.779999977089E-02));
#12645 = CARTESIAN_POINT('',(-0.597851281037,0.39,6.899999977103E-02));
#12646 = CARTESIAN_POINT('',(-0.597882725701,0.39,6.959999969447E-02));
#12647 = CARTESIAN_POINT('',(-0.597914170373,0.39,7.019999977112E-02));
#12648 = CARTESIAN_POINT('',(-0.597977059708,0.39,7.139999977126E-02));
#12649 = CARTESIAN_POINT('',(-0.598008504371,0.39,7.199999969476E-02));
#12650 = CARTESIAN_POINT('',(-0.598039949043,0.39,7.259999977135E-02));
#12651 = CARTESIAN_POINT('',(-0.598102838378,0.39,7.379999977149E-02));
#12652 = CARTESIAN_POINT('',(-0.598134283042,0.39,7.439999969505E-02));
#12653 = CARTESIAN_POINT('',(-0.598165727713,0.39,7.499999977158E-02));
#12654 = CARTESIAN_POINT('',(-0.598228617048,0.39,7.619999977173E-02));
#12655 = CARTESIAN_POINT('',(-0.598260061712,0.39,7.679999969534E-02));
#12656 = CARTESIAN_POINT('',(-0.598291506383,0.39,7.739999977181E-02));
#12657 = CARTESIAN_POINT('',(-0.598354395719,0.39,7.859999977196E-02));
#12658 = CARTESIAN_POINT('',(-0.598385840382,0.39,7.919999969563E-02));
#12659 = CARTESIAN_POINT('',(-0.598417285054,0.39,7.979999977204E-02));
#12660 = CARTESIAN_POINT('',(-0.598480174389,0.39,8.099999977219E-02));
#12661 = CARTESIAN_POINT('',(-0.598511619052,0.39,8.159999969592E-02));
#12662 = CARTESIAN_POINT('',(-0.598543063724,0.39,8.219999977227E-02));
#12663 = CARTESIAN_POINT('',(-0.598605953059,0.39,8.339999977242E-02));
#12664 = CARTESIAN_POINT('',(-0.598637397723,0.39,8.399999969621E-02));
#12665 = CARTESIAN_POINT('',(-0.598668842394,0.39,8.45999997725E-02));
#12666 = CARTESIAN_POINT('',(-0.598731731729,0.39,8.579999977265E-02));
#12667 = CARTESIAN_POINT('',(-0.598763176393,0.39,8.63999996965E-02));
#12668 = CARTESIAN_POINT('',(-0.598794621065,0.39,8.699999977273E-02));
#12669 = CARTESIAN_POINT('',(-0.5988575104,0.39,8.819999977288E-02));
#12670 = CARTESIAN_POINT('',(-0.598888955063,0.39,8.879999969679E-02));
#12671 = CARTESIAN_POINT('',(-0.598920399735,0.39,8.939999977296E-02));
#12672 = CARTESIAN_POINT('',(-0.59898328907,0.39,9.059999977311E-02));
#12673 = CARTESIAN_POINT('',(-0.599014733734,0.39,9.119999969708E-02));
#12674 = CARTESIAN_POINT('',(-0.599046178405,0.39,9.179999977319E-02));
#12675 = CARTESIAN_POINT('',(-0.59910906774,0.39,9.299999977334E-02));
#12676 = CARTESIAN_POINT('',(-0.599140512404,0.39,9.359999969737E-02));
#12677 = CARTESIAN_POINT('',(-0.599171957075,0.39,9.419999977342E-02));
#12678 = CARTESIAN_POINT('',(-0.599234846411,0.39,9.539999977356E-02));
#12679 = CARTESIAN_POINT('',(-0.599266291074,0.39,9.599999969765E-02));
#12680 = CARTESIAN_POINT('',(-0.599297735746,0.39,9.659999977365E-02));
#12681 = CARTESIAN_POINT('',(-0.599360625081,0.39,9.779999977379E-02));
#12682 = CARTESIAN_POINT('',(-0.599392069744,0.39,9.839999969794E-02));
#12683 = CARTESIAN_POINT('',(-0.599423514416,0.39,9.899999977388E-02));
#12684 = CARTESIAN_POINT('',(-0.599486403751,0.39,0.100199999774));
#12685 = CARTESIAN_POINT('',(-0.599517848415,0.39,0.100799999698));
#12686 = CARTESIAN_POINT('',(-0.599549293086,0.39,0.101399999774));
#12687 = CARTESIAN_POINT('',(-0.599612182421,0.39,0.102599999774));
#12688 = CARTESIAN_POINT('',(-0.599643627085,0.39,0.103199999699));
#12689 = CARTESIAN_POINT('',(-0.599675071757,0.39,0.103799999774));
#12690 = CARTESIAN_POINT('',(-0.599737961092,0.39,0.104999999774));
#12691 = CARTESIAN_POINT('',(-0.599769405755,0.39,0.105599999699));
#12692 = CARTESIAN_POINT('',(-0.599800850427,0.39,0.106199999775));
#12693 = CARTESIAN_POINT('',(-0.599874221309,0.39,0.107599999598));
#12694 = CARTESIAN_POINT('',(-0.599916147525,0.39,0.108399999463));
#12695 = CARTESIAN_POINT('',(-0.599958073755,0.39,0.109199999597));
#12696 = CARTESIAN_POINT('',(-0.6,0.39,0.11));
#12697 = ORIENTED_EDGE('',*,*,#12232,.T.);
#12698 = ORIENTED_EDGE('',*,*,#12699,.T.);
#12699 = EDGE_CURVE('',#12225,#12700,#12702,.T.);
#12700 = VERTEX_POINT('',#12701);
#12701 = CARTESIAN_POINT('',(-0.6,0.11,0.11));
#12702 = B_SPLINE_CURVE_WITH_KNOTS('',4,(#12703,#12704,#12705,#12706,
    #12707,#12708,#12709,#12710,#12711,#12712,#12713,#12714,#12715,
    #12716,#12717,#12718,#12719,#12720,#12721,#12722,#12723,#12724,
    #12725,#12726,#12727,#12728,#12729,#12730,#12731,#12732,#12733,
    #12734,#12735,#12736,#12737,#12738,#12739,#12740,#12741,#12742,
    #12743,#12744,#12745,#12746,#12747,#12748,#12749,#12750,#12751,
    #12752,#12753,#12754,#12755,#12756,#12757,#12758,#12759,#12760,
    #12761,#12762,#12763,#12764,#12765,#12766,#12767,#12768,#12769,
    #12770,#12771,#12772,#12773,#12774,#12775,#12776,#12777,#12778,
    #12779,#12780,#12781,#12782,#12783,#12784,#12785,#12786,#12787,
    #12788,#12789,#12790,#12791,#12792,#12793,#12794,#12795,#12796,
    #12797,#12798,#12799,#12800,#12801,#12802,#12803),.UNSPECIFIED.,.F.,
  .F.,(5,3,3,3,3,3,3,3,3,3,3,3,3,3,3,3,3,3,3,3,3,3,3,3,3,3,3,3,3,3,3,3,3
    ,5),(0.,3.000003027795E-02,6.000005866758E-02,9.00000851704E-02,
    0.120000109788,0.150000132522,0.180000153373,0.210000172343,
    0.240000189434,0.270000204647,0.300000217984,0.330000229446,
    0.360000239034,0.39000024675,0.420000252596,0.450000256573,
    0.480000258682,0.510000258925,0.540000257303,0.570000253818,
    0.600000248472,0.630000241265,0.6600002322,0.690000221277,
    0.720000208498,0.750000193865,0.780000177379,0.810000159041,
    0.840000138854,0.870000116818,0.900000092934,0.930000067205,
    0.960000039632,1.),.UNSPECIFIED.);
#12703 = CARTESIAN_POINT('',(-0.595807377657,0.11,3.E-02));
#12704 = CARTESIAN_POINT('',(-0.595838822324,0.11,3.059999998111E-02));
#12705 = CARTESIAN_POINT('',(-0.595870266991,0.11,3.119999997481E-02));
#12706 = CARTESIAN_POINT('',(-0.595901711659,0.11,3.179999998111E-02));
#12707 = CARTESIAN_POINT('',(-0.595964600994,0.11,3.299999998113E-02));
#12708 = CARTESIAN_POINT('',(-0.595996045661,0.11,3.359999997484E-02));
#12709 = CARTESIAN_POINT('',(-0.596027490329,0.11,3.419999998113E-02));
#12710 = CARTESIAN_POINT('',(-0.596090379664,0.11,3.539999998115E-02));
#12711 = CARTESIAN_POINT('',(-0.596121824332,0.11,3.599999997486E-02));
#12712 = CARTESIAN_POINT('',(-0.596153269,0.11,3.659999998115E-02));
#12713 = CARTESIAN_POINT('',(-0.596216158335,0.11,3.779999998117E-02));
#12714 = CARTESIAN_POINT('',(-0.596247603002,0.11,3.839999997489E-02));
#12715 = CARTESIAN_POINT('',(-0.59627904767,0.11,3.899999998117E-02));
#12716 = CARTESIAN_POINT('',(-0.596341937005,0.11,4.019999998118E-02));
#12717 = CARTESIAN_POINT('',(-0.596373381672,0.11,4.079999997491E-02));
#12718 = CARTESIAN_POINT('',(-0.59640482634,0.11,4.139999998119E-02));
#12719 = CARTESIAN_POINT('',(-0.596467715675,0.11,4.25999999812E-02));
#12720 = CARTESIAN_POINT('',(-0.596499160343,0.11,4.319999997494E-02));
#12721 = CARTESIAN_POINT('',(-0.59653060501,0.11,4.379999998121E-02));
#12722 = CARTESIAN_POINT('',(-0.596593494346,0.11,4.499999998122E-02));
#12723 = CARTESIAN_POINT('',(-0.596624939013,0.11,4.559999997496E-02));
#12724 = CARTESIAN_POINT('',(-0.596656383681,0.11,4.619999998123E-02));
#12725 = CARTESIAN_POINT('',(-0.596719273016,0.11,4.739999998124E-02));
#12726 = CARTESIAN_POINT('',(-0.596750717683,0.11,4.799999997498E-02));
#12727 = CARTESIAN_POINT('',(-0.596782162351,0.11,4.859999998125E-02));
#12728 = CARTESIAN_POINT('',(-0.596845051686,0.11,4.979999998126E-02));
#12729 = CARTESIAN_POINT('',(-0.596876496353,0.11,5.039999997501E-02));
#12730 = CARTESIAN_POINT('',(-0.596907941021,0.11,5.099999998127E-02));
#12731 = CARTESIAN_POINT('',(-0.596970830356,0.11,5.219999998128E-02));
#12732 = CARTESIAN_POINT('',(-0.597002275024,0.11,5.279999997503E-02));
#12733 = CARTESIAN_POINT('',(-0.597033719692,0.11,5.339999998129E-02));
#12734 = CARTESIAN_POINT('',(-0.597096609027,0.11,5.45999999813E-02));
#12735 = CARTESIAN_POINT('',(-0.597128053694,0.11,5.519999997506E-02));
#12736 = CARTESIAN_POINT('',(-0.597159498362,0.11,5.579999998131E-02));
#12737 = CARTESIAN_POINT('',(-0.597222387697,0.11,5.699999998132E-02));
#12738 = CARTESIAN_POINT('',(-0.597253832364,0.11,5.759999997508E-02));
#12739 = CARTESIAN_POINT('',(-0.597285277032,0.11,5.819999998133E-02));
#12740 = CARTESIAN_POINT('',(-0.597348166367,0.11,5.939999998134E-02));
#12741 = CARTESIAN_POINT('',(-0.597379611035,0.11,5.99999999751E-02));
#12742 = CARTESIAN_POINT('',(-0.597411055702,0.11,6.059999998134E-02));
#12743 = CARTESIAN_POINT('',(-0.597473945038,0.11,6.179999998136E-02));
#12744 = CARTESIAN_POINT('',(-0.597505389705,0.11,6.239999997513E-02));
#12745 = CARTESIAN_POINT('',(-0.597536834373,0.11,6.299999998136E-02));
#12746 = CARTESIAN_POINT('',(-0.597599723708,0.11,6.419999998138E-02));
#12747 = CARTESIAN_POINT('',(-0.597631168375,0.11,6.479999997515E-02));
#12748 = CARTESIAN_POINT('',(-0.597662613043,0.11,6.539999998138E-02));
#12749 = CARTESIAN_POINT('',(-0.597725502378,0.11,6.659999998139E-02));
#12750 = CARTESIAN_POINT('',(-0.597756947045,0.11,6.719999997518E-02));
#12751 = CARTESIAN_POINT('',(-0.597788391713,0.11,6.77999999814E-02));
#12752 = CARTESIAN_POINT('',(-0.597851281048,0.11,6.899999998141E-02));
#12753 = CARTESIAN_POINT('',(-0.597882725716,0.11,6.95999999752E-02));
#12754 = CARTESIAN_POINT('',(-0.597914170384,0.11,7.019999998142E-02));
#12755 = CARTESIAN_POINT('',(-0.597977059719,0.11,7.139999998143E-02));
#12756 = CARTESIAN_POINT('',(-0.598008504386,0.11,7.199999997522E-02));
#12757 = CARTESIAN_POINT('',(-0.598039949054,0.11,7.259999998144E-02));
#12758 = CARTESIAN_POINT('',(-0.598102838389,0.11,7.379999998145E-02));
#12759 = CARTESIAN_POINT('',(-0.598134283056,0.11,7.439999997525E-02));
#12760 = CARTESIAN_POINT('',(-0.598165727724,0.11,7.499999998146E-02));
#12761 = CARTESIAN_POINT('',(-0.598228617059,0.11,7.619999998147E-02));
#12762 = CARTESIAN_POINT('',(-0.598260061727,0.11,7.679999997527E-02));
#12763 = CARTESIAN_POINT('',(-0.598291506394,0.11,7.739999998148E-02));
#12764 = CARTESIAN_POINT('',(-0.59835439573,0.11,7.859999998149E-02));
#12765 = CARTESIAN_POINT('',(-0.598385840397,0.11,7.919999997529E-02));
#12766 = CARTESIAN_POINT('',(-0.598417285065,0.11,7.97999999815E-02));
#12767 = CARTESIAN_POINT('',(-0.5984801744,0.11,8.099999998151E-02));
#12768 = CARTESIAN_POINT('',(-0.598511619067,0.11,8.159999997532E-02));
#12769 = CARTESIAN_POINT('',(-0.598543063735,0.11,8.219999998151E-02));
#12770 = CARTESIAN_POINT('',(-0.59860595307,0.11,8.339999998153E-02));
#12771 = CARTESIAN_POINT('',(-0.598637397737,0.11,8.399999997534E-02));
#12772 = CARTESIAN_POINT('',(-0.598668842405,0.11,8.459999998153E-02));
#12773 = CARTESIAN_POINT('',(-0.59873173174,0.11,8.579999998155E-02));
#12774 = CARTESIAN_POINT('',(-0.598763176408,0.11,8.639999997537E-02));
#12775 = CARTESIAN_POINT('',(-0.598794621076,0.11,8.699999998155E-02));
#12776 = CARTESIAN_POINT('',(-0.598857510411,0.11,8.819999998156E-02));
#12777 = CARTESIAN_POINT('',(-0.598888955078,0.11,8.879999997539E-02));
#12778 = CARTESIAN_POINT('',(-0.598920399746,0.11,8.939999998157E-02));
#12779 = CARTESIAN_POINT('',(-0.598983289081,0.11,9.059999998158E-02));
#12780 = CARTESIAN_POINT('',(-0.599014733748,0.11,9.119999997541E-02));
#12781 = CARTESIAN_POINT('',(-0.599046178416,0.11,9.179999998159E-02));
#12782 = CARTESIAN_POINT('',(-0.599109067751,0.11,9.29999999816E-02));
#12783 = CARTESIAN_POINT('',(-0.599140512418,0.11,9.359999997544E-02));
#12784 = CARTESIAN_POINT('',(-0.599171957086,0.11,9.419999998161E-02));
#12785 = CARTESIAN_POINT('',(-0.599234846422,0.11,9.539999998162E-02));
#12786 = CARTESIAN_POINT('',(-0.599266291089,0.11,9.599999997546E-02));
#12787 = CARTESIAN_POINT('',(-0.599297735757,0.11,9.659999998163E-02));
#12788 = CARTESIAN_POINT('',(-0.599360625092,0.11,9.779999998164E-02));
#12789 = CARTESIAN_POINT('',(-0.599392069759,0.11,9.839999997548E-02));
#12790 = CARTESIAN_POINT('',(-0.599423514427,0.11,9.899999998165E-02));
#12791 = CARTESIAN_POINT('',(-0.599486403762,0.11,0.100199999982));
#12792 = CARTESIAN_POINT('',(-0.599517848429,0.11,0.100799999976));
#12793 = CARTESIAN_POINT('',(-0.599549293097,0.11,0.101399999982));
#12794 = CARTESIAN_POINT('',(-0.599612182432,0.11,0.102599999982));
#12795 = CARTESIAN_POINT('',(-0.5996436271,0.11,0.103199999976));
#12796 = CARTESIAN_POINT('',(-0.599675071767,0.11,0.103799999982));
#12797 = CARTESIAN_POINT('',(-0.599737961103,0.11,0.104999999982));
#12798 = CARTESIAN_POINT('',(-0.59976940577,0.11,0.105599999976));
#12799 = CARTESIAN_POINT('',(-0.599800850438,0.11,0.106199999982));
#12800 = CARTESIAN_POINT('',(-0.599874221328,0.11,0.107599999967));
#12801 = CARTESIAN_POINT('',(-0.599916147551,0.11,0.108399999956));
#12802 = CARTESIAN_POINT('',(-0.599958073775,0.11,0.109199999967));
#12803 = CARTESIAN_POINT('',(-0.6,0.11,0.11));
#12804 = ORIENTED_EDGE('',*,*,#12805,.F.);
#12805 = EDGE_CURVE('',#12593,#12700,#12806,.T.);
#12806 = LINE('',#12807,#12808);
#12807 = CARTESIAN_POINT('',(-0.6,0.8,0.11));
#12808 = VECTOR('',#12809,1.);
#12809 = DIRECTION('',(2.22044604925E-16,-1.,0.));
#12810 = B_SPLINE_SURFACE_WITH_KNOTS('',1,1,(
    (#12811,#12812)
    ,(#12813,#12814
    )),.UNSPECIFIED.,.F.,.F.,.F.,(2,2),(2,2),(0.,1.6),(0.,1.),
  .PIECEWISE_BEZIER_KNOTS.);
#12811 = CARTESIAN_POINT('',(-0.595807377657,0.795807377657,3.E-02));
#12812 = CARTESIAN_POINT('',(-0.6,0.8,0.11));
#12813 = CARTESIAN_POINT('',(-0.595807377657,-0.795807377657,3.E-02));
#12814 = CARTESIAN_POINT('',(-0.6,-0.8,0.11));
#12815 = ADVANCED_FACE('',(#12816),#12841,.F.);
#12816 = FACE_BOUND('',#12817,.F.);
#12817 = EDGE_LOOP('',(#12818,#12826,#12834,#12840));
#12818 = ORIENTED_EDGE('',*,*,#12819,.F.);
#12819 = EDGE_CURVE('',#12820,#12225,#12822,.T.);
#12820 = VERTEX_POINT('',#12821);
#12821 = CARTESIAN_POINT('',(-0.595807377657,0.11,0.));
#12822 = LINE('',#12823,#12824);
#12823 = CARTESIAN_POINT('',(-0.595807377657,0.11,0.));
#12824 = VECTOR('',#12825,1.);
#12825 = DIRECTION('',(0.,0.,1.));
#12826 = ORIENTED_EDGE('',*,*,#12827,.T.);
#12827 = EDGE_CURVE('',#12820,#12828,#12830,.T.);
#12828 = VERTEX_POINT('',#12829);
#12829 = CARTESIAN_POINT('',(-0.595807377657,-0.11,0.));
#12830 = LINE('',#12831,#12832);
#12831 = CARTESIAN_POINT('',(-0.595807377657,0.11,0.));
#12832 = VECTOR('',#12833,1.);
#12833 = DIRECTION('',(-1.144237745222E-17,-1.,0.));
#12834 = ORIENTED_EDGE('',*,*,#12835,.T.);
#12835 = EDGE_CURVE('',#12828,#12217,#12836,.T.);
#12836 = LINE('',#12837,#12838);
#12837 = CARTESIAN_POINT('',(-0.595807377657,-0.11,0.));
#12838 = VECTOR('',#12839,1.);
#12839 = DIRECTION('',(0.,0.,1.));
#12840 = ORIENTED_EDGE('',*,*,#12224,.F.);
#12841 = PLANE('',#12842);
#12842 = AXIS2_PLACEMENT_3D('',#12843,#12844,#12845);
#12843 = CARTESIAN_POINT('',(-0.595807377657,0.11,0.));
#12844 = DIRECTION('',(-1.,1.144237745222E-17,0.));
#12845 = DIRECTION('',(0.,0.,1.));
#12846 = ADVANCED_FACE('',(#12847),#13068,.T.);
#12847 = FACE_BOUND('',#12848,.T.);
#12848 = EDGE_LOOP('',(#12849,#12955,#12956,#13062));
#12849 = ORIENTED_EDGE('',*,*,#12850,.F.);
#12850 = EDGE_CURVE('',#12217,#12851,#12853,.T.);
#12851 = VERTEX_POINT('',#12852);
#12852 = CARTESIAN_POINT('',(-0.6,-0.11,0.11));
#12853 = B_SPLINE_CURVE_WITH_KNOTS('',4,(#12854,#12855,#12856,#12857,
    #12858,#12859,#12860,#12861,#12862,#12863,#12864,#12865,#12866,
    #12867,#12868,#12869,#12870,#12871,#12872,#12873,#12874,#12875,
    #12876,#12877,#12878,#12879,#12880,#12881,#12882,#12883,#12884,
    #12885,#12886,#12887,#12888,#12889,#12890,#12891,#12892,#12893,
    #12894,#12895,#12896,#12897,#12898,#12899,#12900,#12901,#12902,
    #12903,#12904,#12905,#12906,#12907,#12908,#12909,#12910,#12911,
    #12912,#12913,#12914,#12915,#12916,#12917,#12918,#12919,#12920,
    #12921,#12922,#12923,#12924,#12925,#12926,#12927,#12928,#12929,
    #12930,#12931,#12932,#12933,#12934,#12935,#12936,#12937,#12938,
    #12939,#12940,#12941,#12942,#12943,#12944,#12945,#12946,#12947,
    #12948,#12949,#12950,#12951,#12952,#12953,#12954),.UNSPECIFIED.,.F.,
  .F.,(5,3,3,3,3,3,3,3,3,3,3,3,3,3,3,3,3,3,3,3,3,3,3,3,3,3,3,3,3,3,3,3,3
    ,5),(0.,3.000003027796E-02,6.00000586676E-02,9.000008517042E-02,
    0.120000109788,0.150000132522,0.180000153373,0.210000172343,
    0.240000189434,0.270000204647,0.300000217984,0.330000229446,
    0.360000239034,0.39000024675,0.420000252596,0.450000256573,
    0.480000258682,0.510000258925,0.540000257303,0.570000253818,
    0.600000248472,0.630000241265,0.6600002322,0.690000221277,
    0.720000208498,0.750000193865,0.780000177379,0.810000159041,
    0.840000138854,0.870000116818,0.900000092934,0.930000067205,
    0.960000039632,1.),.UNSPECIFIED.);
#12854 = CARTESIAN_POINT('',(-0.595807377657,-0.11,3.E-02));
#12855 = CARTESIAN_POINT('',(-0.595838822324,-0.11,3.059999998111E-02));
#12856 = CARTESIAN_POINT('',(-0.595870266991,-0.11,3.119999997481E-02));
#12857 = CARTESIAN_POINT('',(-0.595901711659,-0.11,3.179999998111E-02));
#12858 = CARTESIAN_POINT('',(-0.595964600994,-0.11,3.299999998113E-02));
#12859 = CARTESIAN_POINT('',(-0.595996045661,-0.11,3.359999997484E-02));
#12860 = CARTESIAN_POINT('',(-0.596027490329,-0.11,3.419999998113E-02));
#12861 = CARTESIAN_POINT('',(-0.596090379664,-0.11,3.539999998115E-02));
#12862 = CARTESIAN_POINT('',(-0.596121824332,-0.11,3.599999997486E-02));
#12863 = CARTESIAN_POINT('',(-0.596153269,-0.11,3.659999998115E-02));
#12864 = CARTESIAN_POINT('',(-0.596216158335,-0.11,3.779999998117E-02));
#12865 = CARTESIAN_POINT('',(-0.596247603002,-0.11,3.839999997489E-02));
#12866 = CARTESIAN_POINT('',(-0.59627904767,-0.11,3.899999998117E-02));
#12867 = CARTESIAN_POINT('',(-0.596341937005,-0.11,4.019999998118E-02));
#12868 = CARTESIAN_POINT('',(-0.596373381672,-0.11,4.079999997491E-02));
#12869 = CARTESIAN_POINT('',(-0.59640482634,-0.11,4.139999998119E-02));
#12870 = CARTESIAN_POINT('',(-0.596467715675,-0.11,4.25999999812E-02));
#12871 = CARTESIAN_POINT('',(-0.596499160343,-0.11,4.319999997494E-02));
#12872 = CARTESIAN_POINT('',(-0.59653060501,-0.11,4.379999998121E-02));
#12873 = CARTESIAN_POINT('',(-0.596593494346,-0.11,4.499999998122E-02));
#12874 = CARTESIAN_POINT('',(-0.596624939013,-0.11,4.559999997496E-02));
#12875 = CARTESIAN_POINT('',(-0.596656383681,-0.11,4.619999998123E-02));
#12876 = CARTESIAN_POINT('',(-0.596719273016,-0.11,4.739999998124E-02));
#12877 = CARTESIAN_POINT('',(-0.596750717683,-0.11,4.799999997498E-02));
#12878 = CARTESIAN_POINT('',(-0.596782162351,-0.11,4.859999998125E-02));
#12879 = CARTESIAN_POINT('',(-0.596845051686,-0.11,4.979999998126E-02));
#12880 = CARTESIAN_POINT('',(-0.596876496353,-0.11,5.039999997501E-02));
#12881 = CARTESIAN_POINT('',(-0.596907941021,-0.11,5.099999998127E-02));
#12882 = CARTESIAN_POINT('',(-0.596970830356,-0.11,5.219999998128E-02));
#12883 = CARTESIAN_POINT('',(-0.597002275024,-0.11,5.279999997503E-02));
#12884 = CARTESIAN_POINT('',(-0.597033719692,-0.11,5.339999998129E-02));
#12885 = CARTESIAN_POINT('',(-0.597096609027,-0.11,5.45999999813E-02));
#12886 = CARTESIAN_POINT('',(-0.597128053694,-0.11,5.519999997506E-02));
#12887 = CARTESIAN_POINT('',(-0.597159498362,-0.11,5.579999998131E-02));
#12888 = CARTESIAN_POINT('',(-0.597222387697,-0.11,5.699999998132E-02));
#12889 = CARTESIAN_POINT('',(-0.597253832364,-0.11,5.759999997508E-02));
#12890 = CARTESIAN_POINT('',(-0.597285277032,-0.11,5.819999998133E-02));
#12891 = CARTESIAN_POINT('',(-0.597348166367,-0.11,5.939999998134E-02));
#12892 = CARTESIAN_POINT('',(-0.597379611035,-0.11,5.99999999751E-02));
#12893 = CARTESIAN_POINT('',(-0.597411055702,-0.11,6.059999998134E-02));
#12894 = CARTESIAN_POINT('',(-0.597473945038,-0.11,6.179999998136E-02));
#12895 = CARTESIAN_POINT('',(-0.597505389705,-0.11,6.239999997513E-02));
#12896 = CARTESIAN_POINT('',(-0.597536834373,-0.11,6.299999998136E-02));
#12897 = CARTESIAN_POINT('',(-0.597599723708,-0.11,6.419999998138E-02));
#12898 = CARTESIAN_POINT('',(-0.597631168375,-0.11,6.479999997515E-02));
#12899 = CARTESIAN_POINT('',(-0.597662613043,-0.11,6.539999998138E-02));
#12900 = CARTESIAN_POINT('',(-0.597725502378,-0.11,6.659999998139E-02));
#12901 = CARTESIAN_POINT('',(-0.597756947045,-0.11,6.719999997518E-02));
#12902 = CARTESIAN_POINT('',(-0.597788391713,-0.11,6.77999999814E-02));
#12903 = CARTESIAN_POINT('',(-0.597851281048,-0.11,6.899999998141E-02));
#12904 = CARTESIAN_POINT('',(-0.597882725716,-0.11,6.95999999752E-02));
#12905 = CARTESIAN_POINT('',(-0.597914170384,-0.11,7.019999998142E-02));
#12906 = CARTESIAN_POINT('',(-0.597977059719,-0.11,7.139999998143E-02));
#12907 = CARTESIAN_POINT('',(-0.598008504386,-0.11,7.199999997522E-02));
#12908 = CARTESIAN_POINT('',(-0.598039949054,-0.11,7.259999998144E-02));
#12909 = CARTESIAN_POINT('',(-0.598102838389,-0.11,7.379999998145E-02));
#12910 = CARTESIAN_POINT('',(-0.598134283056,-0.11,7.439999997525E-02));
#12911 = CARTESIAN_POINT('',(-0.598165727724,-0.11,7.499999998146E-02));
#12912 = CARTESIAN_POINT('',(-0.598228617059,-0.11,7.619999998147E-02));
#12913 = CARTESIAN_POINT('',(-0.598260061727,-0.11,7.679999997527E-02));
#12914 = CARTESIAN_POINT('',(-0.598291506394,-0.11,7.739999998148E-02));
#12915 = CARTESIAN_POINT('',(-0.59835439573,-0.11,7.859999998149E-02));
#12916 = CARTESIAN_POINT('',(-0.598385840397,-0.11,7.919999997529E-02));
#12917 = CARTESIAN_POINT('',(-0.598417285065,-0.11,7.97999999815E-02));
#12918 = CARTESIAN_POINT('',(-0.5984801744,-0.11,8.099999998151E-02));
#12919 = CARTESIAN_POINT('',(-0.598511619067,-0.11,8.159999997532E-02));
#12920 = CARTESIAN_POINT('',(-0.598543063735,-0.11,8.219999998152E-02));
#12921 = CARTESIAN_POINT('',(-0.59860595307,-0.11,8.339999998153E-02));
#12922 = CARTESIAN_POINT('',(-0.598637397737,-0.11,8.399999997534E-02));
#12923 = CARTESIAN_POINT('',(-0.598668842405,-0.11,8.459999998153E-02));
#12924 = CARTESIAN_POINT('',(-0.59873173174,-0.11,8.579999998155E-02));
#12925 = CARTESIAN_POINT('',(-0.598763176408,-0.11,8.639999997537E-02));
#12926 = CARTESIAN_POINT('',(-0.598794621076,-0.11,8.699999998155E-02));
#12927 = CARTESIAN_POINT('',(-0.598857510411,-0.11,8.819999998156E-02));
#12928 = CARTESIAN_POINT('',(-0.598888955078,-0.11,8.879999997539E-02));
#12929 = CARTESIAN_POINT('',(-0.598920399746,-0.11,8.939999998157E-02));
#12930 = CARTESIAN_POINT('',(-0.598983289081,-0.11,9.059999998158E-02));
#12931 = CARTESIAN_POINT('',(-0.599014733748,-0.11,9.119999997541E-02));
#12932 = CARTESIAN_POINT('',(-0.599046178416,-0.11,9.179999998159E-02));
#12933 = CARTESIAN_POINT('',(-0.599109067751,-0.11,9.29999999816E-02));
#12934 = CARTESIAN_POINT('',(-0.599140512418,-0.11,9.359999997544E-02));
#12935 = CARTESIAN_POINT('',(-0.599171957086,-0.11,9.419999998161E-02));
#12936 = CARTESIAN_POINT('',(-0.599234846422,-0.11,9.539999998162E-02));
#12937 = CARTESIAN_POINT('',(-0.599266291089,-0.11,9.599999997546E-02));
#12938 = CARTESIAN_POINT('',(-0.599297735757,-0.11,9.659999998163E-02));
#12939 = CARTESIAN_POINT('',(-0.599360625092,-0.11,9.779999998164E-02));
#12940 = CARTESIAN_POINT('',(-0.599392069759,-0.11,9.839999997548E-02));
#12941 = CARTESIAN_POINT('',(-0.599423514427,-0.11,9.899999998165E-02));
#12942 = CARTESIAN_POINT('',(-0.599486403762,-0.11,0.100199999982));
#12943 = CARTESIAN_POINT('',(-0.599517848429,-0.11,0.100799999976));
#12944 = CARTESIAN_POINT('',(-0.599549293097,-0.11,0.101399999982));
#12945 = CARTESIAN_POINT('',(-0.599612182432,-0.11,0.102599999982));
#12946 = CARTESIAN_POINT('',(-0.5996436271,-0.11,0.103199999976));
#12947 = CARTESIAN_POINT('',(-0.599675071767,-0.11,0.103799999982));
#12948 = CARTESIAN_POINT('',(-0.599737961103,-0.11,0.104999999982));
#12949 = CARTESIAN_POINT('',(-0.59976940577,-0.11,0.105599999976));
#12950 = CARTESIAN_POINT('',(-0.599800850438,-0.11,0.106199999982));
#12951 = CARTESIAN_POINT('',(-0.599874221328,-0.11,0.107599999967));
#12952 = CARTESIAN_POINT('',(-0.599916147551,-0.11,0.108399999956));
#12953 = CARTESIAN_POINT('',(-0.599958073775,-0.11,0.109199999967));
#12954 = CARTESIAN_POINT('',(-0.6,-0.11,0.11));
#12955 = ORIENTED_EDGE('',*,*,#12216,.T.);
#12956 = ORIENTED_EDGE('',*,*,#12957,.T.);
#12957 = EDGE_CURVE('',#12209,#12958,#12960,.T.);
#12958 = VERTEX_POINT('',#12959);
#12959 = CARTESIAN_POINT('',(-0.6,-0.39,0.11));
#12960 = B_SPLINE_CURVE_WITH_KNOTS('',4,(#12961,#12962,#12963,#12964,
    #12965,#12966,#12967,#12968,#12969,#12970,#12971,#12972,#12973,
    #12974,#12975,#12976,#12977,#12978,#12979,#12980,#12981,#12982,
    #12983,#12984,#12985,#12986,#12987,#12988,#12989,#12990,#12991,
    #12992,#12993,#12994,#12995,#12996,#12997,#12998,#12999,#13000,
    #13001,#13002,#13003,#13004,#13005,#13006,#13007,#13008,#13009,
    #13010,#13011,#13012,#13013,#13014,#13015,#13016,#13017,#13018,
    #13019,#13020,#13021,#13022,#13023,#13024,#13025,#13026,#13027,
    #13028,#13029,#13030,#13031,#13032,#13033,#13034,#13035,#13036,
    #13037,#13038,#13039,#13040,#13041,#13042,#13043,#13044,#13045,
    #13046,#13047,#13048,#13049,#13050,#13051,#13052,#13053,#13054,
    #13055,#13056,#13057,#13058,#13059,#13060,#13061),.UNSPECIFIED.,.F.,
  .F.,(5,3,3,3,3,3,3,3,3,3,3,3,3,3,3,3,3,3,3,3,3,3,3,3,3,3,3,3,3,3,3,3,3
    ,5),(0.,3.000037299323E-02,6.000072272734E-02,9.000104922043E-02,
    0.120001352491,0.150001632556,0.180001889434,0.210002123143,
    0.240002333701,0.270002521127,0.300002685437,0.33000282665,
    0.360002944785,0.390003039857,0.420003111887,0.450003160891,
    0.480003186887,0.510003189893,0.540003169928,0.570003127008,
    0.600003061152,0.630002972377,0.660002860701,0.690002726142,
    0.720002568718,0.750002388446,0.780002185344,0.810001959429,
    0.84000171072,0.870001439234,0.900001144989,0.930000828001,
    0.96000048829,1.),.UNSPECIFIED.);
#12961 = CARTESIAN_POINT('',(-0.595807377657,-0.39,3.E-02));
#12962 = CARTESIAN_POINT('',(-0.595838822313,-0.39,3.05999997673E-02));
#12963 = CARTESIAN_POINT('',(-0.595870266976,-0.39,3.119999968979E-02));
#12964 = CARTESIAN_POINT('',(-0.595901711648,-0.39,3.179999976739E-02));
#12965 = CARTESIAN_POINT('',(-0.595964600983,-0.39,3.299999976754E-02));
#12966 = CARTESIAN_POINT('',(-0.595996045647,-0.39,3.359999969008E-02));
#12967 = CARTESIAN_POINT('',(-0.596027490318,-0.39,3.419999976763E-02));
#12968 = CARTESIAN_POINT('',(-0.596090379653,-0.39,3.539999976777E-02));
#12969 = CARTESIAN_POINT('',(-0.596121824317,-0.39,3.599999969038E-02));
#12970 = CARTESIAN_POINT('',(-0.596153268988,-0.39,3.659999976786E-02));
#12971 = CARTESIAN_POINT('',(-0.596216158324,-0.39,3.779999976801E-02));
#12972 = CARTESIAN_POINT('',(-0.596247602987,-0.39,3.839999969067E-02));
#12973 = CARTESIAN_POINT('',(-0.596279047659,-0.39,3.899999976809E-02));
#12974 = CARTESIAN_POINT('',(-0.596341936994,-0.39,4.019999976824E-02));
#12975 = CARTESIAN_POINT('',(-0.596373381657,-0.39,4.079999969097E-02));
#12976 = CARTESIAN_POINT('',(-0.596404826329,-0.39,4.139999976833E-02));
#12977 = CARTESIAN_POINT('',(-0.596467715664,-0.39,4.259999976848E-02));
#12978 = CARTESIAN_POINT('',(-0.596499160328,-0.39,4.319999969126E-02));
#12979 = CARTESIAN_POINT('',(-0.596530604999,-0.39,4.379999976856E-02));
#12980 = CARTESIAN_POINT('',(-0.596593494334,-0.39,4.499999976871E-02));
#12981 = CARTESIAN_POINT('',(-0.596624938998,-0.39,4.559999969155E-02));
#12982 = CARTESIAN_POINT('',(-0.59665638367,-0.39,4.61999997688E-02));
#12983 = CARTESIAN_POINT('',(-0.596719273005,-0.39,4.739999976894E-02));
#12984 = CARTESIAN_POINT('',(-0.596750717668,-0.39,4.799999969185E-02));
#12985 = CARTESIAN_POINT('',(-0.59678216234,-0.39,4.859999976903E-02));
#12986 = CARTESIAN_POINT('',(-0.596845051675,-0.39,4.979999976918E-02));
#12987 = CARTESIAN_POINT('',(-0.596876496339,-0.39,5.039999969214E-02));
#12988 = CARTESIAN_POINT('',(-0.59690794101,-0.39,5.099999976926E-02));
#12989 = CARTESIAN_POINT('',(-0.596970830345,-0.39,5.219999976941E-02));
#12990 = CARTESIAN_POINT('',(-0.597002275009,-0.39,5.279999969243E-02));
#12991 = CARTESIAN_POINT('',(-0.59703371968,-0.39,5.339999976949E-02));
#12992 = CARTESIAN_POINT('',(-0.597096609016,-0.39,5.459999976964E-02));
#12993 = CARTESIAN_POINT('',(-0.597128053679,-0.39,5.519999969272E-02));
#12994 = CARTESIAN_POINT('',(-0.597159498351,-0.39,5.579999976973E-02));
#12995 = CARTESIAN_POINT('',(-0.597222387686,-0.39,5.699999976987E-02));
#12996 = CARTESIAN_POINT('',(-0.597253832349,-0.39,5.759999969302E-02));
#12997 = CARTESIAN_POINT('',(-0.597285277021,-0.39,5.819999976996E-02));
#12998 = CARTESIAN_POINT('',(-0.597348166356,-0.39,5.939999977011E-02));
#12999 = CARTESIAN_POINT('',(-0.59737961102,-0.39,5.999999969331E-02));
#13000 = CARTESIAN_POINT('',(-0.597411055691,-0.39,6.059999977019E-02));
#13001 = CARTESIAN_POINT('',(-0.597473945027,-0.39,6.179999977034E-02));
#13002 = CARTESIAN_POINT('',(-0.59750538969,-0.39,6.23999996936E-02));
#13003 = CARTESIAN_POINT('',(-0.597536834362,-0.39,6.299999977042E-02));
#13004 = CARTESIAN_POINT('',(-0.597599723697,-0.39,6.419999977057E-02));
#13005 = CARTESIAN_POINT('',(-0.59763116836,-0.39,6.479999969389E-02));
#13006 = CARTESIAN_POINT('',(-0.597662613032,-0.39,6.539999977066E-02));
#13007 = CARTESIAN_POINT('',(-0.597725502367,-0.39,6.65999997708E-02));
#13008 = CARTESIAN_POINT('',(-0.597756947031,-0.39,6.719999969418E-02));
#13009 = CARTESIAN_POINT('',(-0.597788391702,-0.39,6.779999977089E-02));
#13010 = CARTESIAN_POINT('',(-0.597851281037,-0.39,6.899999977103E-02));
#13011 = CARTESIAN_POINT('',(-0.597882725701,-0.39,6.959999969447E-02));
#13012 = CARTESIAN_POINT('',(-0.597914170373,-0.39,7.019999977112E-02));
#13013 = CARTESIAN_POINT('',(-0.597977059708,-0.39,7.139999977126E-02));
#13014 = CARTESIAN_POINT('',(-0.598008504371,-0.39,7.199999969476E-02));
#13015 = CARTESIAN_POINT('',(-0.598039949043,-0.39,7.259999977135E-02));
#13016 = CARTESIAN_POINT('',(-0.598102838378,-0.39,7.379999977149E-02));
#13017 = CARTESIAN_POINT('',(-0.598134283042,-0.39,7.439999969505E-02));
#13018 = CARTESIAN_POINT('',(-0.598165727713,-0.39,7.499999977158E-02));
#13019 = CARTESIAN_POINT('',(-0.598228617048,-0.39,7.619999977173E-02));
#13020 = CARTESIAN_POINT('',(-0.598260061712,-0.39,7.679999969534E-02));
#13021 = CARTESIAN_POINT('',(-0.598291506383,-0.39,7.739999977181E-02));
#13022 = CARTESIAN_POINT('',(-0.598354395719,-0.39,7.859999977196E-02));
#13023 = CARTESIAN_POINT('',(-0.598385840382,-0.39,7.919999969563E-02));
#13024 = CARTESIAN_POINT('',(-0.598417285054,-0.39,7.979999977204E-02));
#13025 = CARTESIAN_POINT('',(-0.598480174389,-0.39,8.099999977219E-02));
#13026 = CARTESIAN_POINT('',(-0.598511619052,-0.39,8.159999969592E-02));
#13027 = CARTESIAN_POINT('',(-0.598543063724,-0.39,8.219999977227E-02));
#13028 = CARTESIAN_POINT('',(-0.598605953059,-0.39,8.339999977242E-02));
#13029 = CARTESIAN_POINT('',(-0.598637397723,-0.39,8.399999969621E-02));
#13030 = CARTESIAN_POINT('',(-0.598668842394,-0.39,8.45999997725E-02));
#13031 = CARTESIAN_POINT('',(-0.598731731729,-0.39,8.579999977265E-02));
#13032 = CARTESIAN_POINT('',(-0.598763176393,-0.39,8.63999996965E-02));
#13033 = CARTESIAN_POINT('',(-0.598794621065,-0.39,8.699999977273E-02));
#13034 = CARTESIAN_POINT('',(-0.5988575104,-0.39,8.819999977288E-02));
#13035 = CARTESIAN_POINT('',(-0.598888955063,-0.39,8.879999969679E-02));
#13036 = CARTESIAN_POINT('',(-0.598920399735,-0.39,8.939999977296E-02));
#13037 = CARTESIAN_POINT('',(-0.59898328907,-0.39,9.059999977311E-02));
#13038 = CARTESIAN_POINT('',(-0.599014733734,-0.39,9.119999969708E-02));
#13039 = CARTESIAN_POINT('',(-0.599046178405,-0.39,9.179999977319E-02));
#13040 = CARTESIAN_POINT('',(-0.59910906774,-0.39,9.299999977334E-02));
#13041 = CARTESIAN_POINT('',(-0.599140512404,-0.39,9.359999969736E-02));
#13042 = CARTESIAN_POINT('',(-0.599171957075,-0.39,9.419999977342E-02));
#13043 = CARTESIAN_POINT('',(-0.599234846411,-0.39,9.539999977356E-02));
#13044 = CARTESIAN_POINT('',(-0.599266291074,-0.39,9.599999969765E-02));
#13045 = CARTESIAN_POINT('',(-0.599297735746,-0.39,9.659999977365E-02));
#13046 = CARTESIAN_POINT('',(-0.599360625081,-0.39,9.779999977379E-02));
#13047 = CARTESIAN_POINT('',(-0.599392069744,-0.39,9.839999969794E-02));
#13048 = CARTESIAN_POINT('',(-0.599423514416,-0.39,9.899999977388E-02));
#13049 = CARTESIAN_POINT('',(-0.599486403751,-0.39,0.100199999774));
#13050 = CARTESIAN_POINT('',(-0.599517848415,-0.39,0.100799999698));
#13051 = CARTESIAN_POINT('',(-0.599549293086,-0.39,0.101399999774));
#13052 = CARTESIAN_POINT('',(-0.599612182421,-0.39,0.102599999774));
#13053 = CARTESIAN_POINT('',(-0.599643627085,-0.39,0.103199999699));
#13054 = CARTESIAN_POINT('',(-0.599675071757,-0.39,0.103799999774));
#13055 = CARTESIAN_POINT('',(-0.599737961092,-0.39,0.104999999774));
#13056 = CARTESIAN_POINT('',(-0.599769405755,-0.39,0.105599999699));
#13057 = CARTESIAN_POINT('',(-0.599800850427,-0.39,0.106199999775));
#13058 = CARTESIAN_POINT('',(-0.599874221309,-0.39,0.107599999598));
#13059 = CARTESIAN_POINT('',(-0.599916147525,-0.39,0.108399999463));
#13060 = CARTESIAN_POINT('',(-0.599958073755,-0.39,0.109199999597));
#13061 = CARTESIAN_POINT('',(-0.6,-0.39,0.11));
#13062 = ORIENTED_EDGE('',*,*,#13063,.F.);
#13063 = EDGE_CURVE('',#12851,#12958,#13064,.T.);
#13064 = LINE('',#13065,#13066);
#13065 = CARTESIAN_POINT('',(-0.6,0.8,0.11));
#13066 = VECTOR('',#13067,1.);
#13067 = DIRECTION('',(2.22044604925E-16,-1.,0.));
#13068 = B_SPLINE_SURFACE_WITH_KNOTS('',1,1,(
    (#13069,#13070)
    ,(#13071,#13072
    )),.UNSPECIFIED.,.F.,.F.,.F.,(2,2),(2,2),(0.,1.6),(0.,1.),
  .PIECEWISE_BEZIER_KNOTS.);
#13069 = CARTESIAN_POINT('',(-0.595807377657,0.795807377657,3.E-02));
#13070 = CARTESIAN_POINT('',(-0.6,0.8,0.11));
#13071 = CARTESIAN_POINT('',(-0.595807377657,-0.795807377657,3.E-02));
#13072 = CARTESIAN_POINT('',(-0.6,-0.8,0.11));
#13073 = ADVANCED_FACE('',(#13074),#13099,.F.);
#13074 = FACE_BOUND('',#13075,.F.);
#13075 = EDGE_LOOP('',(#13076,#13084,#13092,#13098));
#13076 = ORIENTED_EDGE('',*,*,#13077,.F.);
#13077 = EDGE_CURVE('',#13078,#12161,#13080,.T.);
#13078 = VERTEX_POINT('',#13079);
#13079 = CARTESIAN_POINT('',(0.595807377657,-0.11,0.));
#13080 = LINE('',#13081,#13082);
#13081 = CARTESIAN_POINT('',(0.595807377657,-0.11,0.));
#13082 = VECTOR('',#13083,1.);
#13083 = DIRECTION('',(0.,0.,1.));
#13084 = ORIENTED_EDGE('',*,*,#13085,.T.);
#13085 = EDGE_CURVE('',#13078,#13086,#13088,.T.);
#13086 = VERTEX_POINT('',#13087);
#13087 = CARTESIAN_POINT('',(0.595807377657,0.11,0.));
#13088 = LINE('',#13089,#13090);
#13089 = CARTESIAN_POINT('',(0.595807377657,-0.11,0.));
#13090 = VECTOR('',#13091,1.);
#13091 = DIRECTION('',(-1.110223024625E-16,1.,0.));
#13092 = ORIENTED_EDGE('',*,*,#13093,.T.);
#13093 = EDGE_CURVE('',#13086,#12153,#13094,.T.);
#13094 = LINE('',#13095,#13096);
#13095 = CARTESIAN_POINT('',(0.595807377657,0.11,0.));
#13096 = VECTOR('',#13097,1.);
#13097 = DIRECTION('',(0.,0.,1.));
#13098 = ORIENTED_EDGE('',*,*,#12160,.F.);
#13099 = PLANE('',#13100);
#13100 = AXIS2_PLACEMENT_3D('',#13101,#13102,#13103);
#13101 = CARTESIAN_POINT('',(0.595807377657,-0.11,0.));
#13102 = DIRECTION('',(1.,1.110223024625E-16,0.));
#13103 = DIRECTION('',(0.,-0.,1.));
#13104 = ADVANCED_FACE('',(#13105),#13130,.F.);
#13105 = FACE_BOUND('',#13106,.F.);
#13106 = EDGE_LOOP('',(#13107,#13115,#13123,#13129));
#13107 = ORIENTED_EDGE('',*,*,#13108,.F.);
#13108 = EDGE_CURVE('',#13109,#12209,#13111,.T.);
#13109 = VERTEX_POINT('',#13110);
#13110 = CARTESIAN_POINT('',(-0.595807377657,-0.39,0.));
#13111 = LINE('',#13112,#13113);
#13112 = CARTESIAN_POINT('',(-0.595807377657,-0.39,0.));
#13113 = VECTOR('',#13114,1.);
#13114 = DIRECTION('',(0.,0.,1.));
#13115 = ORIENTED_EDGE('',*,*,#13116,.T.);
#13116 = EDGE_CURVE('',#13109,#13117,#13119,.T.);
#13117 = VERTEX_POINT('',#13118);
#13118 = CARTESIAN_POINT('',(-0.595807377657,-0.61,0.));
#13119 = LINE('',#13120,#13121);
#13120 = CARTESIAN_POINT('',(-0.595807377657,-0.39,0.));
#13121 = VECTOR('',#13122,1.);
#13122 = DIRECTION('',(-1.144237745222E-17,-1.,0.));
#13123 = ORIENTED_EDGE('',*,*,#13124,.T.);
#13124 = EDGE_CURVE('',#13117,#12201,#13125,.T.);
#13125 = LINE('',#13126,#13127);
#13126 = CARTESIAN_POINT('',(-0.595807377657,-0.61,0.));
#13127 = VECTOR('',#13128,1.);
#13128 = DIRECTION('',(0.,0.,1.));
#13129 = ORIENTED_EDGE('',*,*,#12208,.F.);
#13130 = PLANE('',#13131);
#13131 = AXIS2_PLACEMENT_3D('',#13132,#13133,#13134);
#13132 = CARTESIAN_POINT('',(-0.595807377657,-0.39,0.));
#13133 = DIRECTION('',(-1.,1.144237745222E-17,0.));
#13134 = DIRECTION('',(0.,0.,1.));
#13135 = ADVANCED_FACE('',(#13136),#13357,.T.);
#13136 = FACE_BOUND('',#13137,.T.);
#13137 = EDGE_LOOP('',(#13138,#13244,#13245,#13351));
#13138 = ORIENTED_EDGE('',*,*,#13139,.F.);
#13139 = EDGE_CURVE('',#12169,#13140,#13142,.T.);
#13140 = VERTEX_POINT('',#13141);
#13141 = CARTESIAN_POINT('',(0.6,-0.39,0.11));
#13142 = B_SPLINE_CURVE_WITH_KNOTS('',4,(#13143,#13144,#13145,#13146,
    #13147,#13148,#13149,#13150,#13151,#13152,#13153,#13154,#13155,
    #13156,#13157,#13158,#13159,#13160,#13161,#13162,#13163,#13164,
    #13165,#13166,#13167,#13168,#13169,#13170,#13171,#13172,#13173,
    #13174,#13175,#13176,#13177,#13178,#13179,#13180,#13181,#13182,
    #13183,#13184,#13185,#13186,#13187,#13188,#13189,#13190,#13191,
    #13192,#13193,#13194,#13195,#13196,#13197,#13198,#13199,#13200,
    #13201,#13202,#13203,#13204,#13205,#13206,#13207,#13208,#13209,
    #13210,#13211,#13212,#13213,#13214,#13215,#13216,#13217,#13218,
    #13219,#13220,#13221,#13222,#13223,#13224,#13225,#13226,#13227,
    #13228,#13229,#13230,#13231,#13232,#13233,#13234,#13235,#13236,
    #13237,#13238,#13239,#13240,#13241,#13242,#13243),.UNSPECIFIED.,.F.,
  .F.,(5,3,3,3,3,3,3,3,3,3,3,3,3,3,3,3,3,3,3,3,3,3,3,3,3,3,3,3,3,3,3,3,3
    ,5),(0.,3.000037299321E-02,6.00007227273E-02,9.000104922037E-02,
    0.12000135249,0.150001632556,0.180001889434,0.210002123143,
    0.240002333701,0.270002521127,0.300002685437,0.33000282665,
    0.360002944784,0.390003039857,0.420003111887,0.45000316089,
    0.480003186887,0.510003189893,0.540003169928,0.570003127008,
    0.600003061152,0.630002972377,0.660002860701,0.690002726142,
    0.720002568718,0.750002388446,0.780002185344,0.810001959429,
    0.84000171072,0.870001439234,0.900001144989,0.930000828001,
    0.960000488289,1.),.UNSPECIFIED.);
#13143 = CARTESIAN_POINT('',(0.595807377657,-0.39,3.E-02));
#13144 = CARTESIAN_POINT('',(0.595838822313,-0.39,3.059999976731E-02));
#13145 = CARTESIAN_POINT('',(0.595870266976,-0.39,3.119999968979E-02));
#13146 = CARTESIAN_POINT('',(0.595901711648,-0.39,3.179999976739E-02));
#13147 = CARTESIAN_POINT('',(0.595964600983,-0.39,3.299999976754E-02));
#13148 = CARTESIAN_POINT('',(0.595996045647,-0.39,3.359999969008E-02));
#13149 = CARTESIAN_POINT('',(0.596027490318,-0.39,3.419999976763E-02));
#13150 = CARTESIAN_POINT('',(0.596090379653,-0.39,3.539999976777E-02));
#13151 = CARTESIAN_POINT('',(0.596121824317,-0.39,3.599999969038E-02));
#13152 = CARTESIAN_POINT('',(0.596153268988,-0.39,3.659999976786E-02));
#13153 = CARTESIAN_POINT('',(0.596216158324,-0.39,3.779999976801E-02));
#13154 = CARTESIAN_POINT('',(0.596247602987,-0.39,3.839999969067E-02));
#13155 = CARTESIAN_POINT('',(0.596279047659,-0.39,3.899999976809E-02));
#13156 = CARTESIAN_POINT('',(0.596341936994,-0.39,4.019999976824E-02));
#13157 = CARTESIAN_POINT('',(0.596373381657,-0.39,4.079999969097E-02));
#13158 = CARTESIAN_POINT('',(0.596404826329,-0.39,4.139999976833E-02));
#13159 = CARTESIAN_POINT('',(0.596467715664,-0.39,4.259999976848E-02));
#13160 = CARTESIAN_POINT('',(0.596499160328,-0.39,4.319999969126E-02));
#13161 = CARTESIAN_POINT('',(0.596530604999,-0.39,4.379999976856E-02));
#13162 = CARTESIAN_POINT('',(0.596593494334,-0.39,4.499999976871E-02));
#13163 = CARTESIAN_POINT('',(0.596624938998,-0.39,4.559999969155E-02));
#13164 = CARTESIAN_POINT('',(0.59665638367,-0.39,4.61999997688E-02));
#13165 = CARTESIAN_POINT('',(0.596719273005,-0.39,4.739999976894E-02));
#13166 = CARTESIAN_POINT('',(0.596750717668,-0.39,4.799999969185E-02));
#13167 = CARTESIAN_POINT('',(0.59678216234,-0.39,4.859999976903E-02));
#13168 = CARTESIAN_POINT('',(0.596845051675,-0.39,4.979999976918E-02));
#13169 = CARTESIAN_POINT('',(0.596876496339,-0.39,5.039999969214E-02));
#13170 = CARTESIAN_POINT('',(0.59690794101,-0.39,5.099999976926E-02));
#13171 = CARTESIAN_POINT('',(0.596970830345,-0.39,5.219999976941E-02));
#13172 = CARTESIAN_POINT('',(0.597002275009,-0.39,5.279999969243E-02));
#13173 = CARTESIAN_POINT('',(0.59703371968,-0.39,5.339999976949E-02));
#13174 = CARTESIAN_POINT('',(0.597096609016,-0.39,5.459999976964E-02));
#13175 = CARTESIAN_POINT('',(0.597128053679,-0.39,5.519999969272E-02));
#13176 = CARTESIAN_POINT('',(0.597159498351,-0.39,5.579999976973E-02));
#13177 = CARTESIAN_POINT('',(0.597222387686,-0.39,5.699999976987E-02));
#13178 = CARTESIAN_POINT('',(0.597253832349,-0.39,5.759999969302E-02));
#13179 = CARTESIAN_POINT('',(0.597285277021,-0.39,5.819999976996E-02));
#13180 = CARTESIAN_POINT('',(0.597348166356,-0.39,5.939999977011E-02));
#13181 = CARTESIAN_POINT('',(0.59737961102,-0.39,5.999999969331E-02));
#13182 = CARTESIAN_POINT('',(0.597411055691,-0.39,6.059999977019E-02));
#13183 = CARTESIAN_POINT('',(0.597473945027,-0.39,6.179999977034E-02));
#13184 = CARTESIAN_POINT('',(0.59750538969,-0.39,6.23999996936E-02));
#13185 = CARTESIAN_POINT('',(0.597536834362,-0.39,6.299999977042E-02));
#13186 = CARTESIAN_POINT('',(0.597599723697,-0.39,6.419999977057E-02));
#13187 = CARTESIAN_POINT('',(0.59763116836,-0.39,6.479999969389E-02));
#13188 = CARTESIAN_POINT('',(0.597662613032,-0.39,6.539999977066E-02));
#13189 = CARTESIAN_POINT('',(0.597725502367,-0.39,6.65999997708E-02));
#13190 = CARTESIAN_POINT('',(0.597756947031,-0.39,6.719999969418E-02));
#13191 = CARTESIAN_POINT('',(0.597788391702,-0.39,6.779999977089E-02));
#13192 = CARTESIAN_POINT('',(0.597851281037,-0.39,6.899999977103E-02));
#13193 = CARTESIAN_POINT('',(0.597882725701,-0.39,6.959999969447E-02));
#13194 = CARTESIAN_POINT('',(0.597914170373,-0.39,7.019999977112E-02));
#13195 = CARTESIAN_POINT('',(0.597977059708,-0.39,7.139999977126E-02));
#13196 = CARTESIAN_POINT('',(0.598008504371,-0.39,7.199999969476E-02));
#13197 = CARTESIAN_POINT('',(0.598039949043,-0.39,7.259999977135E-02));
#13198 = CARTESIAN_POINT('',(0.598102838378,-0.39,7.379999977149E-02));
#13199 = CARTESIAN_POINT('',(0.598134283042,-0.39,7.439999969505E-02));
#13200 = CARTESIAN_POINT('',(0.598165727713,-0.39,7.499999977158E-02));
#13201 = CARTESIAN_POINT('',(0.598228617048,-0.39,7.619999977173E-02));
#13202 = CARTESIAN_POINT('',(0.598260061712,-0.39,7.679999969534E-02));
#13203 = CARTESIAN_POINT('',(0.598291506383,-0.39,7.739999977181E-02));
#13204 = CARTESIAN_POINT('',(0.598354395719,-0.39,7.859999977196E-02));
#13205 = CARTESIAN_POINT('',(0.598385840382,-0.39,7.919999969563E-02));
#13206 = CARTESIAN_POINT('',(0.598417285054,-0.39,7.979999977204E-02));
#13207 = CARTESIAN_POINT('',(0.598480174389,-0.39,8.099999977219E-02));
#13208 = CARTESIAN_POINT('',(0.598511619052,-0.39,8.159999969592E-02));
#13209 = CARTESIAN_POINT('',(0.598543063724,-0.39,8.219999977227E-02));
#13210 = CARTESIAN_POINT('',(0.598605953059,-0.39,8.339999977242E-02));
#13211 = CARTESIAN_POINT('',(0.598637397723,-0.39,8.399999969621E-02));
#13212 = CARTESIAN_POINT('',(0.598668842394,-0.39,8.45999997725E-02));
#13213 = CARTESIAN_POINT('',(0.598731731729,-0.39,8.579999977265E-02));
#13214 = CARTESIAN_POINT('',(0.598763176393,-0.39,8.63999996965E-02));
#13215 = CARTESIAN_POINT('',(0.598794621065,-0.39,8.699999977273E-02));
#13216 = CARTESIAN_POINT('',(0.5988575104,-0.39,8.819999977288E-02));
#13217 = CARTESIAN_POINT('',(0.598888955063,-0.39,8.879999969679E-02));
#13218 = CARTESIAN_POINT('',(0.598920399735,-0.39,8.939999977296E-02));
#13219 = CARTESIAN_POINT('',(0.59898328907,-0.39,9.059999977311E-02));
#13220 = CARTESIAN_POINT('',(0.599014733734,-0.39,9.119999969708E-02));
#13221 = CARTESIAN_POINT('',(0.599046178405,-0.39,9.179999977319E-02));
#13222 = CARTESIAN_POINT('',(0.59910906774,-0.39,9.299999977334E-02));
#13223 = CARTESIAN_POINT('',(0.599140512404,-0.39,9.359999969737E-02));
#13224 = CARTESIAN_POINT('',(0.599171957075,-0.39,9.419999977342E-02));
#13225 = CARTESIAN_POINT('',(0.599234846411,-0.39,9.539999977356E-02));
#13226 = CARTESIAN_POINT('',(0.599266291074,-0.39,9.599999969765E-02));
#13227 = CARTESIAN_POINT('',(0.599297735746,-0.39,9.659999977365E-02));
#13228 = CARTESIAN_POINT('',(0.599360625081,-0.39,9.779999977379E-02));
#13229 = CARTESIAN_POINT('',(0.599392069744,-0.39,9.839999969794E-02));
#13230 = CARTESIAN_POINT('',(0.599423514416,-0.39,9.899999977388E-02));
#13231 = CARTESIAN_POINT('',(0.599486403751,-0.39,0.100199999774));
#13232 = CARTESIAN_POINT('',(0.599517848415,-0.39,0.100799999698));
#13233 = CARTESIAN_POINT('',(0.599549293086,-0.39,0.101399999774));
#13234 = CARTESIAN_POINT('',(0.599612182421,-0.39,0.102599999774));
#13235 = CARTESIAN_POINT('',(0.599643627085,-0.39,0.103199999699));
#13236 = CARTESIAN_POINT('',(0.599675071757,-0.39,0.103799999774));
#13237 = CARTESIAN_POINT('',(0.599737961092,-0.39,0.104999999774));
#13238 = CARTESIAN_POINT('',(0.599769405755,-0.39,0.105599999699));
#13239 = CARTESIAN_POINT('',(0.599800850427,-0.39,0.106199999775));
#13240 = CARTESIAN_POINT('',(0.599874221309,-0.39,0.107599999598));
#13241 = CARTESIAN_POINT('',(0.599916147525,-0.39,0.108399999463));
#13242 = CARTESIAN_POINT('',(0.599958073755,-0.39,0.109199999597));
#13243 = CARTESIAN_POINT('',(0.6,-0.39,0.11));
#13244 = ORIENTED_EDGE('',*,*,#12168,.T.);
#13245 = ORIENTED_EDGE('',*,*,#13246,.T.);
#13246 = EDGE_CURVE('',#12161,#13247,#13249,.T.);
#13247 = VERTEX_POINT('',#13248);
#13248 = CARTESIAN_POINT('',(0.6,-0.11,0.11));
#13249 = B_SPLINE_CURVE_WITH_KNOTS('',4,(#13250,#13251,#13252,#13253,
    #13254,#13255,#13256,#13257,#13258,#13259,#13260,#13261,#13262,
    #13263,#13264,#13265,#13266,#13267,#13268,#13269,#13270,#13271,
    #13272,#13273,#13274,#13275,#13276,#13277,#13278,#13279,#13280,
    #13281,#13282,#13283,#13284,#13285,#13286,#13287,#13288,#13289,
    #13290,#13291,#13292,#13293,#13294,#13295,#13296,#13297,#13298,
    #13299,#13300,#13301,#13302,#13303,#13304,#13305,#13306,#13307,
    #13308,#13309,#13310,#13311,#13312,#13313,#13314,#13315,#13316,
    #13317,#13318,#13319,#13320,#13321,#13322,#13323,#13324,#13325,
    #13326,#13327,#13328,#13329,#13330,#13331,#13332,#13333,#13334,
    #13335,#13336,#13337,#13338,#13339,#13340,#13341,#13342,#13343,
    #13344,#13345,#13346,#13347,#13348,#13349,#13350),.UNSPECIFIED.,.F.,
  .F.,(5,3,3,3,3,3,3,3,3,3,3,3,3,3,3,3,3,3,3,3,3,3,3,3,3,3,3,3,3,3,3,3,3
    ,5),(0.,3.000003027794E-02,6.000005866757E-02,9.000008517037E-02,
    0.120000109788,0.150000132521,0.180000153373,0.210000172343,
    0.240000189434,0.270000204647,0.300000217984,0.330000229446,
    0.360000239034,0.39000024675,0.420000252596,0.450000256572,
    0.480000258682,0.510000258925,0.540000257303,0.570000253818,
    0.600000248471,0.630000241265,0.660000232199,0.690000221276,
    0.720000208498,0.750000193864,0.780000177378,0.810000159041,
    0.840000138853,0.870000116817,0.900000092934,0.930000067205,
    0.960000039632,1.),.UNSPECIFIED.);
#13250 = CARTESIAN_POINT('',(0.595807377657,-0.11,3.E-02));
#13251 = CARTESIAN_POINT('',(0.595838822324,-0.11,3.059999998111E-02));
#13252 = CARTESIAN_POINT('',(0.595870266991,-0.11,3.119999997481E-02));
#13253 = CARTESIAN_POINT('',(0.595901711659,-0.11,3.179999998111E-02));
#13254 = CARTESIAN_POINT('',(0.595964600994,-0.11,3.299999998113E-02));
#13255 = CARTESIAN_POINT('',(0.595996045661,-0.11,3.359999997484E-02));
#13256 = CARTESIAN_POINT('',(0.596027490329,-0.11,3.419999998113E-02));
#13257 = CARTESIAN_POINT('',(0.596090379664,-0.11,3.539999998115E-02));
#13258 = CARTESIAN_POINT('',(0.596121824332,-0.11,3.599999997486E-02));
#13259 = CARTESIAN_POINT('',(0.596153269,-0.11,3.659999998115E-02));
#13260 = CARTESIAN_POINT('',(0.596216158335,-0.11,3.779999998117E-02));
#13261 = CARTESIAN_POINT('',(0.596247603002,-0.11,3.839999997489E-02));
#13262 = CARTESIAN_POINT('',(0.59627904767,-0.11,3.899999998117E-02));
#13263 = CARTESIAN_POINT('',(0.596341937005,-0.11,4.019999998118E-02));
#13264 = CARTESIAN_POINT('',(0.596373381672,-0.11,4.079999997491E-02));
#13265 = CARTESIAN_POINT('',(0.59640482634,-0.11,4.139999998119E-02));
#13266 = CARTESIAN_POINT('',(0.596467715675,-0.11,4.25999999812E-02));
#13267 = CARTESIAN_POINT('',(0.596499160343,-0.11,4.319999997494E-02));
#13268 = CARTESIAN_POINT('',(0.59653060501,-0.11,4.379999998121E-02));
#13269 = CARTESIAN_POINT('',(0.596593494346,-0.11,4.499999998122E-02));
#13270 = CARTESIAN_POINT('',(0.596624939013,-0.11,4.559999997496E-02));
#13271 = CARTESIAN_POINT('',(0.596656383681,-0.11,4.619999998123E-02));
#13272 = CARTESIAN_POINT('',(0.596719273016,-0.11,4.739999998124E-02));
#13273 = CARTESIAN_POINT('',(0.596750717683,-0.11,4.799999997498E-02));
#13274 = CARTESIAN_POINT('',(0.596782162351,-0.11,4.859999998125E-02));
#13275 = CARTESIAN_POINT('',(0.596845051686,-0.11,4.979999998126E-02));
#13276 = CARTESIAN_POINT('',(0.596876496353,-0.11,5.039999997501E-02));
#13277 = CARTESIAN_POINT('',(0.596907941021,-0.11,5.099999998127E-02));
#13278 = CARTESIAN_POINT('',(0.596970830356,-0.11,5.219999998128E-02));
#13279 = CARTESIAN_POINT('',(0.597002275024,-0.11,5.279999997503E-02));
#13280 = CARTESIAN_POINT('',(0.597033719692,-0.11,5.339999998129E-02));
#13281 = CARTESIAN_POINT('',(0.597096609027,-0.11,5.45999999813E-02));
#13282 = CARTESIAN_POINT('',(0.597128053694,-0.11,5.519999997506E-02));
#13283 = CARTESIAN_POINT('',(0.597159498362,-0.11,5.579999998131E-02));
#13284 = CARTESIAN_POINT('',(0.597222387697,-0.11,5.699999998132E-02));
#13285 = CARTESIAN_POINT('',(0.597253832364,-0.11,5.759999997508E-02));
#13286 = CARTESIAN_POINT('',(0.597285277032,-0.11,5.819999998133E-02));
#13287 = CARTESIAN_POINT('',(0.597348166367,-0.11,5.939999998134E-02));
#13288 = CARTESIAN_POINT('',(0.597379611035,-0.11,5.99999999751E-02));
#13289 = CARTESIAN_POINT('',(0.597411055702,-0.11,6.059999998134E-02));
#13290 = CARTESIAN_POINT('',(0.597473945038,-0.11,6.179999998136E-02));
#13291 = CARTESIAN_POINT('',(0.597505389705,-0.11,6.239999997513E-02));
#13292 = CARTESIAN_POINT('',(0.597536834373,-0.11,6.299999998136E-02));
#13293 = CARTESIAN_POINT('',(0.597599723708,-0.11,6.419999998138E-02));
#13294 = CARTESIAN_POINT('',(0.597631168375,-0.11,6.479999997515E-02));
#13295 = CARTESIAN_POINT('',(0.597662613043,-0.11,6.539999998138E-02));
#13296 = CARTESIAN_POINT('',(0.597725502378,-0.11,6.659999998139E-02));
#13297 = CARTESIAN_POINT('',(0.597756947045,-0.11,6.719999997518E-02));
#13298 = CARTESIAN_POINT('',(0.597788391713,-0.11,6.77999999814E-02));
#13299 = CARTESIAN_POINT('',(0.597851281048,-0.11,6.899999998141E-02));
#13300 = CARTESIAN_POINT('',(0.597882725716,-0.11,6.95999999752E-02));
#13301 = CARTESIAN_POINT('',(0.597914170384,-0.11,7.019999998142E-02));
#13302 = CARTESIAN_POINT('',(0.597977059719,-0.11,7.139999998143E-02));
#13303 = CARTESIAN_POINT('',(0.598008504386,-0.11,7.199999997522E-02));
#13304 = CARTESIAN_POINT('',(0.598039949054,-0.11,7.259999998144E-02));
#13305 = CARTESIAN_POINT('',(0.598102838389,-0.11,7.379999998145E-02));
#13306 = CARTESIAN_POINT('',(0.598134283056,-0.11,7.439999997525E-02));
#13307 = CARTESIAN_POINT('',(0.598165727724,-0.11,7.499999998146E-02));
#13308 = CARTESIAN_POINT('',(0.598228617059,-0.11,7.619999998147E-02));
#13309 = CARTESIAN_POINT('',(0.598260061727,-0.11,7.679999997527E-02));
#13310 = CARTESIAN_POINT('',(0.598291506394,-0.11,7.739999998148E-02));
#13311 = CARTESIAN_POINT('',(0.59835439573,-0.11,7.859999998149E-02));
#13312 = CARTESIAN_POINT('',(0.598385840397,-0.11,7.919999997529E-02));
#13313 = CARTESIAN_POINT('',(0.598417285065,-0.11,7.97999999815E-02));
#13314 = CARTESIAN_POINT('',(0.5984801744,-0.11,8.099999998151E-02));
#13315 = CARTESIAN_POINT('',(0.598511619067,-0.11,8.159999997532E-02));
#13316 = CARTESIAN_POINT('',(0.598543063735,-0.11,8.219999998151E-02));
#13317 = CARTESIAN_POINT('',(0.59860595307,-0.11,8.339999998153E-02));
#13318 = CARTESIAN_POINT('',(0.598637397737,-0.11,8.399999997534E-02));
#13319 = CARTESIAN_POINT('',(0.598668842405,-0.11,8.459999998153E-02));
#13320 = CARTESIAN_POINT('',(0.59873173174,-0.11,8.579999998155E-02));
#13321 = CARTESIAN_POINT('',(0.598763176408,-0.11,8.639999997536E-02));
#13322 = CARTESIAN_POINT('',(0.598794621076,-0.11,8.699999998155E-02));
#13323 = CARTESIAN_POINT('',(0.598857510411,-0.11,8.819999998156E-02));
#13324 = CARTESIAN_POINT('',(0.598888955078,-0.11,8.879999997539E-02));
#13325 = CARTESIAN_POINT('',(0.598920399746,-0.11,8.939999998157E-02));
#13326 = CARTESIAN_POINT('',(0.598983289081,-0.11,9.059999998158E-02));
#13327 = CARTESIAN_POINT('',(0.599014733748,-0.11,9.119999997541E-02));
#13328 = CARTESIAN_POINT('',(0.599046178416,-0.11,9.179999998159E-02));
#13329 = CARTESIAN_POINT('',(0.599109067751,-0.11,9.29999999816E-02));
#13330 = CARTESIAN_POINT('',(0.599140512418,-0.11,9.359999997544E-02));
#13331 = CARTESIAN_POINT('',(0.599171957086,-0.11,9.419999998161E-02));
#13332 = CARTESIAN_POINT('',(0.599234846422,-0.11,9.539999998162E-02));
#13333 = CARTESIAN_POINT('',(0.599266291089,-0.11,9.599999997546E-02));
#13334 = CARTESIAN_POINT('',(0.599297735757,-0.11,9.659999998163E-02));
#13335 = CARTESIAN_POINT('',(0.599360625092,-0.11,9.779999998164E-02));
#13336 = CARTESIAN_POINT('',(0.599392069759,-0.11,9.839999997548E-02));
#13337 = CARTESIAN_POINT('',(0.599423514427,-0.11,9.899999998165E-02));
#13338 = CARTESIAN_POINT('',(0.599486403762,-0.11,0.100199999982));
#13339 = CARTESIAN_POINT('',(0.599517848429,-0.11,0.100799999976));
#13340 = CARTESIAN_POINT('',(0.599549293097,-0.11,0.101399999982));
#13341 = CARTESIAN_POINT('',(0.599612182432,-0.11,0.102599999982));
#13342 = CARTESIAN_POINT('',(0.5996436271,-0.11,0.103199999976));
#13343 = CARTESIAN_POINT('',(0.599675071767,-0.11,0.103799999982));
#13344 = CARTESIAN_POINT('',(0.599737961103,-0.11,0.104999999982));
#13345 = CARTESIAN_POINT('',(0.59976940577,-0.11,0.105599999976));
#13346 = CARTESIAN_POINT('',(0.599800850438,-0.11,0.106199999982));
#13347 = CARTESIAN_POINT('',(0.599874221328,-0.11,0.107599999967));
#13348 = CARTESIAN_POINT('',(0.599916147551,-0.11,0.108399999956));
#13349 = CARTESIAN_POINT('',(0.599958073775,-0.11,0.109199999967));
#13350 = CARTESIAN_POINT('',(0.6,-0.11,0.11));
#13351 = ORIENTED_EDGE('',*,*,#13352,.F.);
#13352 = EDGE_CURVE('',#13140,#13247,#13353,.T.);
#13353 = LINE('',#13354,#13355);
#13354 = CARTESIAN_POINT('',(0.6,-0.8,0.11));
#13355 = VECTOR('',#13356,1.);
#13356 = DIRECTION('',(-2.22044604925E-16,1.,0.));
#13357 = B_SPLINE_SURFACE_WITH_KNOTS('',1,1,(
    (#13358,#13359)
    ,(#13360,#13361
    )),.UNSPECIFIED.,.F.,.F.,.F.,(2,2),(2,2),(0.,1.6),(0.,1.),
  .PIECEWISE_BEZIER_KNOTS.);
#13358 = CARTESIAN_POINT('',(0.595807377657,-0.795807377657,3.E-02));
#13359 = CARTESIAN_POINT('',(0.6,-0.8,0.11));
#13360 = CARTESIAN_POINT('',(0.595807377657,0.795807377657,3.E-02));
#13361 = CARTESIAN_POINT('',(0.6,0.8,0.11));
#13362 = ADVANCED_FACE('',(#13363),#13485,.T.);
#13363 = FACE_BOUND('',#13364,.T.);
#13364 = EDGE_LOOP('',(#13365,#13471,#13472,#13479));
#13365 = ORIENTED_EDGE('',*,*,#13366,.F.);
#13366 = EDGE_CURVE('',#12201,#13367,#13369,.T.);
#13367 = VERTEX_POINT('',#13368);
#13368 = CARTESIAN_POINT('',(-0.6,-0.61,0.11));
#13369 = B_SPLINE_CURVE_WITH_KNOTS('',4,(#13370,#13371,#13372,#13373,
    #13374,#13375,#13376,#13377,#13378,#13379,#13380,#13381,#13382,
    #13383,#13384,#13385,#13386,#13387,#13388,#13389,#13390,#13391,
    #13392,#13393,#13394,#13395,#13396,#13397,#13398,#13399,#13400,
    #13401,#13402,#13403,#13404,#13405,#13406,#13407,#13408,#13409,
    #13410,#13411,#13412,#13413,#13414,#13415,#13416,#13417,#13418,
    #13419,#13420,#13421,#13422,#13423,#13424,#13425,#13426,#13427,
    #13428,#13429,#13430,#13431,#13432,#13433,#13434,#13435,#13436,
    #13437,#13438,#13439,#13440,#13441,#13442,#13443,#13444,#13445,
    #13446,#13447,#13448,#13449,#13450,#13451,#13452,#13453,#13454,
    #13455,#13456,#13457,#13458,#13459,#13460,#13461,#13462,#13463,
    #13464,#13465,#13466,#13467,#13468,#13469,#13470),.UNSPECIFIED.,.F.,
  .F.,(5,3,3,3,3,3,3,3,3,3,3,3,3,3,3,3,3,3,3,3,3,3,3,3,3,3,3,3,3,3,3,3,3
    ,5),(0.,3.000088527396E-02,6.000171535367E-02,9.000249028108E-02,
    0.120003210098,0.150003874847,0.180004484568,0.210005039305,
    0.240005539099,0.270005983992,0.300006374024,0.330006709239,
    0.360006989677,0.39000721538,0.42000738639,0.450007502748,
    0.480007564495,0.510007571674,0.540007524325,0.570007422489,
    0.600007266209,0.630007055525,0.660006790478,0.69000647111,
    0.720006097463,0.750005669576,0.780005187491,0.810004651249,
    0.840004060892,0.87000341646,0.900002717994,0.930001965535,
    0.960001159124,1.),.UNSPECIFIED.);
#13370 = CARTESIAN_POINT('',(-0.595807377657,-0.61,3.E-02));
#13371 = CARTESIAN_POINT('',(-0.595838822296,-0.61,3.059999944783E-02));
#13372 = CARTESIAN_POINT('',(-0.595870266954,-0.61,3.119999926389E-02));
#13373 = CARTESIAN_POINT('',(-0.595901711631,-0.61,3.179999944803E-02));
#13374 = CARTESIAN_POINT('',(-0.595964600966,-0.61,3.299999944838E-02));
#13375 = CARTESIAN_POINT('',(-0.595996045624,-0.61,3.359999926458E-02));
#13376 = CARTESIAN_POINT('',(-0.596027490301,-0.61,3.419999944858E-02));
#13377 = CARTESIAN_POINT('',(-0.596090379637,-0.61,3.539999944893E-02));
#13378 = CARTESIAN_POINT('',(-0.596121824295,-0.61,3.599999926526E-02));
#13379 = CARTESIAN_POINT('',(-0.596153268972,-0.61,3.659999944913E-02));
#13380 = CARTESIAN_POINT('',(-0.596216158307,-0.61,3.779999944948E-02));
#13381 = CARTESIAN_POINT('',(-0.596247602965,-0.61,3.839999926595E-02));
#13382 = CARTESIAN_POINT('',(-0.596279047642,-0.61,3.899999944968E-02));
#13383 = CARTESIAN_POINT('',(-0.596341936977,-0.61,4.019999945003E-02));
#13384 = CARTESIAN_POINT('',(-0.596373381635,-0.61,4.079999926664E-02));
#13385 = CARTESIAN_POINT('',(-0.596404826312,-0.61,4.139999945023E-02));
#13386 = CARTESIAN_POINT('',(-0.596467715648,-0.61,4.259999945058E-02));
#13387 = CARTESIAN_POINT('',(-0.596499160305,-0.61,4.319999926733E-02));
#13388 = CARTESIAN_POINT('',(-0.596530604983,-0.61,4.379999945078E-02));
#13389 = CARTESIAN_POINT('',(-0.596593494318,-0.61,4.499999945112E-02));
#13390 = CARTESIAN_POINT('',(-0.596624938976,-0.61,4.559999926801E-02));
#13391 = CARTESIAN_POINT('',(-0.596656383653,-0.61,4.619999945133E-02));
#13392 = CARTESIAN_POINT('',(-0.596719272988,-0.61,4.739999945167E-02));
#13393 = CARTESIAN_POINT('',(-0.596750717646,-0.61,4.79999992687E-02));
#13394 = CARTESIAN_POINT('',(-0.596782162323,-0.61,4.859999945188E-02));
#13395 = CARTESIAN_POINT('',(-0.596845051658,-0.61,4.979999945222E-02));
#13396 = CARTESIAN_POINT('',(-0.596876496316,-0.61,5.039999926939E-02));
#13397 = CARTESIAN_POINT('',(-0.596907940994,-0.61,5.099999945242E-02));
#13398 = CARTESIAN_POINT('',(-0.596970830329,-0.61,5.219999945277E-02));
#13399 = CARTESIAN_POINT('',(-0.597002274987,-0.61,5.279999927007E-02));
#13400 = CARTESIAN_POINT('',(-0.597033719664,-0.61,5.339999945297E-02));
#13401 = CARTESIAN_POINT('',(-0.597096608999,-0.61,5.459999945331E-02));
#13402 = CARTESIAN_POINT('',(-0.597128053657,-0.61,5.519999927076E-02));
#13403 = CARTESIAN_POINT('',(-0.597159498334,-0.61,5.579999945351E-02));
#13404 = CARTESIAN_POINT('',(-0.597222387669,-0.61,5.699999945386E-02));
#13405 = CARTESIAN_POINT('',(-0.597253832327,-0.61,5.759999927144E-02));
#13406 = CARTESIAN_POINT('',(-0.597285277005,-0.61,5.819999945406E-02));
#13407 = CARTESIAN_POINT('',(-0.59734816634,-0.61,5.93999994544E-02));
#13408 = CARTESIAN_POINT('',(-0.597379610998,-0.61,5.999999927213E-02));
#13409 = CARTESIAN_POINT('',(-0.597411055675,-0.61,6.059999945461E-02));
#13410 = CARTESIAN_POINT('',(-0.59747394501,-0.61,6.179999945495E-02));
#13411 = CARTESIAN_POINT('',(-0.597505389668,-0.61,6.239999927281E-02));
#13412 = CARTESIAN_POINT('',(-0.597536834345,-0.61,6.299999945515E-02));
#13413 = CARTESIAN_POINT('',(-0.59759972368,-0.61,6.419999945549E-02));
#13414 = CARTESIAN_POINT('',(-0.597631168338,-0.61,6.479999927349E-02));
#13415 = CARTESIAN_POINT('',(-0.597662613015,-0.61,6.539999945569E-02));
#13416 = CARTESIAN_POINT('',(-0.597725502351,-0.61,6.659999945604E-02));
#13417 = CARTESIAN_POINT('',(-0.597756947009,-0.61,6.719999927417E-02));
#13418 = CARTESIAN_POINT('',(-0.597788391686,-0.61,6.779999945624E-02));
#13419 = CARTESIAN_POINT('',(-0.597851281021,-0.61,6.899999945658E-02));
#13420 = CARTESIAN_POINT('',(-0.597882725679,-0.61,6.959999927485E-02));
#13421 = CARTESIAN_POINT('',(-0.597914170356,-0.61,7.019999945678E-02));
#13422 = CARTESIAN_POINT('',(-0.597977059691,-0.61,7.139999945712E-02));
#13423 = CARTESIAN_POINT('',(-0.598008504349,-0.61,7.199999927553E-02));
#13424 = CARTESIAN_POINT('',(-0.598039949026,-0.61,7.259999945732E-02));
#13425 = CARTESIAN_POINT('',(-0.598102838362,-0.61,7.379999945766E-02));
#13426 = CARTESIAN_POINT('',(-0.59813428302,-0.61,7.439999927621E-02));
#13427 = CARTESIAN_POINT('',(-0.598165727697,-0.61,7.499999945787E-02));
#13428 = CARTESIAN_POINT('',(-0.598228617032,-0.61,7.619999945821E-02));
#13429 = CARTESIAN_POINT('',(-0.59826006169,-0.61,7.679999927689E-02));
#13430 = CARTESIAN_POINT('',(-0.598291506367,-0.61,7.739999945841E-02));
#13431 = CARTESIAN_POINT('',(-0.598354395702,-0.61,7.859999945875E-02));
#13432 = CARTESIAN_POINT('',(-0.59838584036,-0.61,7.919999927757E-02));
#13433 = CARTESIAN_POINT('',(-0.598417285037,-0.61,7.979999945895E-02));
#13434 = CARTESIAN_POINT('',(-0.598480174372,-0.61,8.099999945929E-02));
#13435 = CARTESIAN_POINT('',(-0.598511619031,-0.61,8.159999927825E-02));
#13436 = CARTESIAN_POINT('',(-0.598543063708,-0.61,8.219999945949E-02));
#13437 = CARTESIAN_POINT('',(-0.598605953043,-0.61,8.339999945983E-02));
#13438 = CARTESIAN_POINT('',(-0.598637397701,-0.61,8.399999927893E-02));
#13439 = CARTESIAN_POINT('',(-0.598668842378,-0.61,8.459999946003E-02));
#13440 = CARTESIAN_POINT('',(-0.598731731713,-0.61,8.579999946037E-02));
#13441 = CARTESIAN_POINT('',(-0.598763176371,-0.61,8.63999992796E-02));
#13442 = CARTESIAN_POINT('',(-0.598794621048,-0.61,8.699999946057E-02));
#13443 = CARTESIAN_POINT('',(-0.598857510383,-0.61,8.819999946091E-02));
#13444 = CARTESIAN_POINT('',(-0.598888955041,-0.61,8.879999928028E-02));
#13445 = CARTESIAN_POINT('',(-0.598920399719,-0.61,8.939999946111E-02));
#13446 = CARTESIAN_POINT('',(-0.598983289054,-0.61,9.059999946145E-02));
#13447 = CARTESIAN_POINT('',(-0.599014733712,-0.61,9.119999928096E-02));
#13448 = CARTESIAN_POINT('',(-0.599046178389,-0.61,9.179999946165E-02));
#13449 = CARTESIAN_POINT('',(-0.599109067724,-0.61,9.299999946199E-02));
#13450 = CARTESIAN_POINT('',(-0.599140512382,-0.61,9.359999928163E-02));
#13451 = CARTESIAN_POINT('',(-0.599171957059,-0.61,9.419999946219E-02));
#13452 = CARTESIAN_POINT('',(-0.599234846394,-0.61,9.539999946253E-02));
#13453 = CARTESIAN_POINT('',(-0.599266291052,-0.61,9.599999928231E-02));
#13454 = CARTESIAN_POINT('',(-0.599297735729,-0.61,9.659999946273E-02));
#13455 = CARTESIAN_POINT('',(-0.599360625065,-0.61,9.779999946306E-02));
#13456 = CARTESIAN_POINT('',(-0.599392069723,-0.61,9.839999928298E-02));
#13457 = CARTESIAN_POINT('',(-0.5994235144,-0.61,9.899999946326E-02));
#13458 = CARTESIAN_POINT('',(-0.599486403735,-0.61,0.100199999464));
#13459 = CARTESIAN_POINT('',(-0.599517848393,-0.61,0.100799999284));
#13460 = CARTESIAN_POINT('',(-0.59954929307,-0.61,0.101399999464));
#13461 = CARTESIAN_POINT('',(-0.599612182405,-0.61,0.102599999464));
#13462 = CARTESIAN_POINT('',(-0.599643627063,-0.61,0.103199999284));
#13463 = CARTESIAN_POINT('',(-0.59967507174,-0.61,0.103799999464));
#13464 = CARTESIAN_POINT('',(-0.599737961076,-0.61,0.104999999465));
#13465 = CARTESIAN_POINT('',(-0.599769405734,-0.61,0.105599999285));
#13466 = CARTESIAN_POINT('',(-0.599800850411,-0.61,0.106199999465));
#13467 = CARTESIAN_POINT('',(-0.59987422128,-0.61,0.107599999045));
#13468 = CARTESIAN_POINT('',(-0.599916147486,-0.61,0.108399998725));
#13469 = CARTESIAN_POINT('',(-0.599958073726,-0.61,0.109199999043));
#13470 = CARTESIAN_POINT('',(-0.6,-0.61,0.11));
#13471 = ORIENTED_EDGE('',*,*,#12200,.T.);
#13472 = ORIENTED_EDGE('',*,*,#13473,.T.);
#13473 = EDGE_CURVE('',#12193,#13474,#13476,.T.);
#13474 = VERTEX_POINT('',#13475);
#13475 = CARTESIAN_POINT('',(-0.6,-0.8,0.11));
#13476 = B_SPLINE_CURVE_WITH_KNOTS('',1,(#13477,#13478),.UNSPECIFIED.,
  .F.,.F.,(2,2),(0.,1.),.PIECEWISE_BEZIER_KNOTS.);
#13477 = CARTESIAN_POINT('',(-0.595807377657,-0.795807377657,3.E-02));
#13478 = CARTESIAN_POINT('',(-0.6,-0.8,0.11));
#13479 = ORIENTED_EDGE('',*,*,#13480,.F.);
#13480 = EDGE_CURVE('',#13367,#13474,#13481,.T.);
#13481 = LINE('',#13482,#13483);
#13482 = CARTESIAN_POINT('',(-0.6,0.8,0.11));
#13483 = VECTOR('',#13484,1.);
#13484 = DIRECTION('',(2.22044604925E-16,-1.,0.));
#13485 = B_SPLINE_SURFACE_WITH_KNOTS('',1,1,(
    (#13486,#13487)
    ,(#13488,#13489
    )),.UNSPECIFIED.,.F.,.F.,.F.,(2,2),(2,2),(0.,1.6),(0.,1.),
  .PIECEWISE_BEZIER_KNOTS.);
#13486 = CARTESIAN_POINT('',(-0.595807377657,0.795807377657,3.E-02));
#13487 = CARTESIAN_POINT('',(-0.6,0.8,0.11));
#13488 = CARTESIAN_POINT('',(-0.595807377657,-0.795807377657,3.E-02));
#13489 = CARTESIAN_POINT('',(-0.6,-0.8,0.11));
#13490 = ADVANCED_FACE('',(#13491),#13516,.F.);
#13491 = FACE_BOUND('',#13492,.F.);
#13492 = EDGE_LOOP('',(#13493,#13501,#13509,#13515));
#13493 = ORIENTED_EDGE('',*,*,#13494,.F.);
#13494 = EDGE_CURVE('',#13495,#12177,#13497,.T.);
#13495 = VERTEX_POINT('',#13496);
#13496 = CARTESIAN_POINT('',(0.595807377657,-0.61,0.));
#13497 = LINE('',#13498,#13499);
#13498 = CARTESIAN_POINT('',(0.595807377657,-0.61,0.));
#13499 = VECTOR('',#13500,1.);
#13500 = DIRECTION('',(0.,0.,1.));
#13501 = ORIENTED_EDGE('',*,*,#13502,.T.);
#13502 = EDGE_CURVE('',#13495,#13503,#13505,.T.);
#13503 = VERTEX_POINT('',#13504);
#13504 = CARTESIAN_POINT('',(0.595807377657,-0.39,0.));
#13505 = LINE('',#13506,#13507);
#13506 = CARTESIAN_POINT('',(0.595807377657,-0.61,0.));
#13507 = VECTOR('',#13508,1.);
#13508 = DIRECTION('',(-1.110223024625E-16,1.,0.));
#13509 = ORIENTED_EDGE('',*,*,#13510,.T.);
#13510 = EDGE_CURVE('',#13503,#12169,#13511,.T.);
#13511 = LINE('',#13512,#13513);
#13512 = CARTESIAN_POINT('',(0.595807377657,-0.39,0.));
#13513 = VECTOR('',#13514,1.);
#13514 = DIRECTION('',(0.,0.,1.));
#13515 = ORIENTED_EDGE('',*,*,#12176,.F.);
#13516 = PLANE('',#13517);
#13517 = AXIS2_PLACEMENT_3D('',#13518,#13519,#13520);
#13518 = CARTESIAN_POINT('',(0.595807377657,-0.61,0.));
#13519 = DIRECTION('',(1.,1.110223024625E-16,0.));
#13520 = DIRECTION('',(0.,-0.,1.));
#13521 = ADVANCED_FACE('',(#13522),#13539,.T.);
#13522 = FACE_BOUND('',#13523,.T.);
#13523 = EDGE_LOOP('',(#13524,#13525,#13532,#13538));
#13524 = ORIENTED_EDGE('',*,*,#12192,.T.);
#13525 = ORIENTED_EDGE('',*,*,#13526,.T.);
#13526 = EDGE_CURVE('',#12185,#13527,#13529,.T.);
#13527 = VERTEX_POINT('',#13528);
#13528 = CARTESIAN_POINT('',(0.6,-0.8,0.11));
#13529 = B_SPLINE_CURVE_WITH_KNOTS('',1,(#13530,#13531),.UNSPECIFIED.,
  .F.,.F.,(2,2),(0.,1.),.PIECEWISE_BEZIER_KNOTS.);
#13530 = CARTESIAN_POINT('',(0.595807377657,-0.795807377657,3.E-02));
#13531 = CARTESIAN_POINT('',(0.6,-0.8,0.11));
#13532 = ORIENTED_EDGE('',*,*,#13533,.F.);
#13533 = EDGE_CURVE('',#13474,#13527,#13534,.T.);
#13534 = LINE('',#13535,#13536);
#13535 = CARTESIAN_POINT('',(-0.6,-0.8,0.11));
#13536 = VECTOR('',#13537,1.);
#13537 = DIRECTION('',(1.,2.22044604925E-16,0.));
#13538 = ORIENTED_EDGE('',*,*,#13473,.F.);
#13539 = B_SPLINE_SURFACE_WITH_KNOTS('',1,1,(
    (#13540,#13541)
    ,(#13542,#13543
    )),.UNSPECIFIED.,.F.,.F.,.F.,(2,2),(2,2),(0.,1.2),(0.,1.),
  .PIECEWISE_BEZIER_KNOTS.);
#13540 = CARTESIAN_POINT('',(-0.595807377657,-0.795807377657,3.E-02));
#13541 = CARTESIAN_POINT('',(-0.6,-0.8,0.11));
#13542 = CARTESIAN_POINT('',(0.595807377657,-0.795807377657,3.E-02));
#13543 = CARTESIAN_POINT('',(0.6,-0.8,0.11));
#13544 = ADVANCED_FACE('',(#13545),#13661,.T.);
#13545 = FACE_BOUND('',#13546,.T.);
#13546 = EDGE_LOOP('',(#13547,#13548,#13549,#13655));
#13547 = ORIENTED_EDGE('',*,*,#13526,.F.);
#13548 = ORIENTED_EDGE('',*,*,#12184,.T.);
#13549 = ORIENTED_EDGE('',*,*,#13550,.T.);
#13550 = EDGE_CURVE('',#12177,#13551,#13553,.T.);
#13551 = VERTEX_POINT('',#13552);
#13552 = CARTESIAN_POINT('',(0.6,-0.61,0.11));
#13553 = B_SPLINE_CURVE_WITH_KNOTS('',4,(#13554,#13555,#13556,#13557,
    #13558,#13559,#13560,#13561,#13562,#13563,#13564,#13565,#13566,
    #13567,#13568,#13569,#13570,#13571,#13572,#13573,#13574,#13575,
    #13576,#13577,#13578,#13579,#13580,#13581,#13582,#13583,#13584,
    #13585,#13586,#13587,#13588,#13589,#13590,#13591,#13592,#13593,
    #13594,#13595,#13596,#13597,#13598,#13599,#13600,#13601,#13602,
    #13603,#13604,#13605,#13606,#13607,#13608,#13609,#13610,#13611,
    #13612,#13613,#13614,#13615,#13616,#13617,#13618,#13619,#13620,
    #13621,#13622,#13623,#13624,#13625,#13626,#13627,#13628,#13629,
    #13630,#13631,#13632,#13633,#13634,#13635,#13636,#13637,#13638,
    #13639,#13640,#13641,#13642,#13643,#13644,#13645,#13646,#13647,
    #13648,#13649,#13650,#13651,#13652,#13653,#13654),.UNSPECIFIED.,.F.,
  .F.,(5,3,3,3,3,3,3,3,3,3,3,3,3,3,3,3,3,3,3,3,3,3,3,3,3,3,3,3,3,3,3,3,3
    ,5),(0.,3.000088527394E-02,6.000171535362E-02,9.0002490281E-02,
    0.120003210098,0.150003874846,0.180004484568,0.210005039305,
    0.240005539099,0.270005983991,0.300006374024,0.330006709239,
    0.360006989677,0.39000721538,0.420007386389,0.450007502747,
    0.480007564495,0.510007571673,0.540007524324,0.570007422489,
    0.600007266208,0.630007055524,0.660006790478,0.69000647111,
    0.720006097462,0.750005669575,0.780005187491,0.810004651249,
    0.840004060892,0.87000341646,0.900002717994,0.930001965535,
    0.960001159124,1.),.UNSPECIFIED.);
#13554 = CARTESIAN_POINT('',(0.595807377657,-0.61,3.E-02));
#13555 = CARTESIAN_POINT('',(0.595838822296,-0.61,3.059999944783E-02));
#13556 = CARTESIAN_POINT('',(0.595870266954,-0.61,3.119999926388E-02));
#13557 = CARTESIAN_POINT('',(0.595901711631,-0.61,3.179999944803E-02));
#13558 = CARTESIAN_POINT('',(0.595964600966,-0.61,3.299999944838E-02));
#13559 = CARTESIAN_POINT('',(0.595996045624,-0.61,3.359999926458E-02));
#13560 = CARTESIAN_POINT('',(0.596027490301,-0.61,3.419999944858E-02));
#13561 = CARTESIAN_POINT('',(0.596090379637,-0.61,3.539999944893E-02));
#13562 = CARTESIAN_POINT('',(0.596121824295,-0.61,3.599999926526E-02));
#13563 = CARTESIAN_POINT('',(0.596153268972,-0.61,3.659999944913E-02));
#13564 = CARTESIAN_POINT('',(0.596216158307,-0.61,3.779999944948E-02));
#13565 = CARTESIAN_POINT('',(0.596247602965,-0.61,3.839999926595E-02));
#13566 = CARTESIAN_POINT('',(0.596279047642,-0.61,3.899999944968E-02));
#13567 = CARTESIAN_POINT('',(0.596341936977,-0.61,4.019999945003E-02));
#13568 = CARTESIAN_POINT('',(0.596373381635,-0.61,4.079999926664E-02));
#13569 = CARTESIAN_POINT('',(0.596404826312,-0.61,4.139999945023E-02));
#13570 = CARTESIAN_POINT('',(0.596467715648,-0.61,4.259999945058E-02));
#13571 = CARTESIAN_POINT('',(0.596499160305,-0.61,4.319999926733E-02));
#13572 = CARTESIAN_POINT('',(0.596530604983,-0.61,4.379999945078E-02));
#13573 = CARTESIAN_POINT('',(0.596593494318,-0.61,4.499999945112E-02));
#13574 = CARTESIAN_POINT('',(0.596624938976,-0.61,4.559999926801E-02));
#13575 = CARTESIAN_POINT('',(0.596656383653,-0.61,4.619999945133E-02));
#13576 = CARTESIAN_POINT('',(0.596719272988,-0.61,4.739999945167E-02));
#13577 = CARTESIAN_POINT('',(0.596750717646,-0.61,4.79999992687E-02));
#13578 = CARTESIAN_POINT('',(0.596782162323,-0.61,4.859999945188E-02));
#13579 = CARTESIAN_POINT('',(0.596845051658,-0.61,4.979999945222E-02));
#13580 = CARTESIAN_POINT('',(0.596876496316,-0.61,5.039999926939E-02));
#13581 = CARTESIAN_POINT('',(0.596907940994,-0.61,5.099999945242E-02));
#13582 = CARTESIAN_POINT('',(0.596970830329,-0.61,5.219999945277E-02));
#13583 = CARTESIAN_POINT('',(0.597002274987,-0.61,5.279999927007E-02));
#13584 = CARTESIAN_POINT('',(0.597033719664,-0.61,5.339999945297E-02));
#13585 = CARTESIAN_POINT('',(0.597096608999,-0.61,5.459999945331E-02));
#13586 = CARTESIAN_POINT('',(0.597128053657,-0.61,5.519999927076E-02));
#13587 = CARTESIAN_POINT('',(0.597159498334,-0.61,5.579999945351E-02));
#13588 = CARTESIAN_POINT('',(0.597222387669,-0.61,5.699999945386E-02));
#13589 = CARTESIAN_POINT('',(0.597253832327,-0.61,5.759999927144E-02));
#13590 = CARTESIAN_POINT('',(0.597285277005,-0.61,5.819999945406E-02));
#13591 = CARTESIAN_POINT('',(0.59734816634,-0.61,5.93999994544E-02));
#13592 = CARTESIAN_POINT('',(0.597379610998,-0.61,5.999999927213E-02));
#13593 = CARTESIAN_POINT('',(0.597411055675,-0.61,6.059999945461E-02));
#13594 = CARTESIAN_POINT('',(0.59747394501,-0.61,6.179999945495E-02));
#13595 = CARTESIAN_POINT('',(0.597505389668,-0.61,6.239999927281E-02));
#13596 = CARTESIAN_POINT('',(0.597536834345,-0.61,6.299999945515E-02));
#13597 = CARTESIAN_POINT('',(0.59759972368,-0.61,6.419999945549E-02));
#13598 = CARTESIAN_POINT('',(0.597631168338,-0.61,6.479999927349E-02));
#13599 = CARTESIAN_POINT('',(0.597662613015,-0.61,6.539999945569E-02));
#13600 = CARTESIAN_POINT('',(0.597725502351,-0.61,6.659999945604E-02));
#13601 = CARTESIAN_POINT('',(0.597756947009,-0.61,6.719999927417E-02));
#13602 = CARTESIAN_POINT('',(0.597788391686,-0.61,6.779999945624E-02));
#13603 = CARTESIAN_POINT('',(0.597851281021,-0.61,6.899999945658E-02));
#13604 = CARTESIAN_POINT('',(0.597882725679,-0.61,6.959999927485E-02));
#13605 = CARTESIAN_POINT('',(0.597914170356,-0.61,7.019999945678E-02));
#13606 = CARTESIAN_POINT('',(0.597977059691,-0.61,7.139999945712E-02));
#13607 = CARTESIAN_POINT('',(0.598008504349,-0.61,7.199999927553E-02));
#13608 = CARTESIAN_POINT('',(0.598039949026,-0.61,7.259999945732E-02));
#13609 = CARTESIAN_POINT('',(0.598102838362,-0.61,7.379999945766E-02));
#13610 = CARTESIAN_POINT('',(0.59813428302,-0.61,7.439999927621E-02));
#13611 = CARTESIAN_POINT('',(0.598165727697,-0.61,7.499999945787E-02));
#13612 = CARTESIAN_POINT('',(0.598228617032,-0.61,7.619999945821E-02));
#13613 = CARTESIAN_POINT('',(0.59826006169,-0.61,7.679999927689E-02));
#13614 = CARTESIAN_POINT('',(0.598291506367,-0.61,7.739999945841E-02));
#13615 = CARTESIAN_POINT('',(0.598354395702,-0.61,7.859999945875E-02));
#13616 = CARTESIAN_POINT('',(0.59838584036,-0.61,7.919999927757E-02));
#13617 = CARTESIAN_POINT('',(0.598417285037,-0.61,7.979999945895E-02));
#13618 = CARTESIAN_POINT('',(0.598480174372,-0.61,8.099999945929E-02));
#13619 = CARTESIAN_POINT('',(0.598511619031,-0.61,8.159999927825E-02));
#13620 = CARTESIAN_POINT('',(0.598543063708,-0.61,8.219999945949E-02));
#13621 = CARTESIAN_POINT('',(0.598605953043,-0.61,8.339999945983E-02));
#13622 = CARTESIAN_POINT('',(0.598637397701,-0.61,8.399999927893E-02));
#13623 = CARTESIAN_POINT('',(0.598668842378,-0.61,8.459999946003E-02));
#13624 = CARTESIAN_POINT('',(0.598731731713,-0.61,8.579999946037E-02));
#13625 = CARTESIAN_POINT('',(0.598763176371,-0.61,8.63999992796E-02));
#13626 = CARTESIAN_POINT('',(0.598794621048,-0.61,8.699999946057E-02));
#13627 = CARTESIAN_POINT('',(0.598857510383,-0.61,8.819999946091E-02));
#13628 = CARTESIAN_POINT('',(0.598888955041,-0.61,8.879999928028E-02));
#13629 = CARTESIAN_POINT('',(0.598920399719,-0.61,8.939999946111E-02));
#13630 = CARTESIAN_POINT('',(0.598983289054,-0.61,9.059999946145E-02));
#13631 = CARTESIAN_POINT('',(0.599014733712,-0.61,9.119999928096E-02));
#13632 = CARTESIAN_POINT('',(0.599046178389,-0.61,9.179999946165E-02));
#13633 = CARTESIAN_POINT('',(0.599109067724,-0.61,9.299999946199E-02));
#13634 = CARTESIAN_POINT('',(0.599140512382,-0.61,9.359999928163E-02));
#13635 = CARTESIAN_POINT('',(0.599171957059,-0.61,9.419999946219E-02));
#13636 = CARTESIAN_POINT('',(0.599234846394,-0.61,9.539999946253E-02));
#13637 = CARTESIAN_POINT('',(0.599266291052,-0.61,9.599999928231E-02));
#13638 = CARTESIAN_POINT('',(0.599297735729,-0.61,9.659999946273E-02));
#13639 = CARTESIAN_POINT('',(0.599360625065,-0.61,9.779999946306E-02));
#13640 = CARTESIAN_POINT('',(0.599392069723,-0.61,9.839999928298E-02));
#13641 = CARTESIAN_POINT('',(0.5994235144,-0.61,9.899999946326E-02));
#13642 = CARTESIAN_POINT('',(0.599486403735,-0.61,0.100199999464));
#13643 = CARTESIAN_POINT('',(0.599517848393,-0.61,0.100799999284));
#13644 = CARTESIAN_POINT('',(0.59954929307,-0.61,0.101399999464));
#13645 = CARTESIAN_POINT('',(0.599612182405,-0.61,0.102599999464));
#13646 = CARTESIAN_POINT('',(0.599643627063,-0.61,0.103199999284));
#13647 = CARTESIAN_POINT('',(0.59967507174,-0.61,0.103799999464));
#13648 = CARTESIAN_POINT('',(0.599737961076,-0.61,0.104999999465));
#13649 = CARTESIAN_POINT('',(0.599769405734,-0.61,0.105599999285));
#13650 = CARTESIAN_POINT('',(0.599800850411,-0.61,0.106199999465));
#13651 = CARTESIAN_POINT('',(0.59987422128,-0.61,0.107599999045));
#13652 = CARTESIAN_POINT('',(0.599916147486,-0.61,0.108399998725));
#13653 = CARTESIAN_POINT('',(0.599958073726,-0.61,0.109199999043));
#13654 = CARTESIAN_POINT('',(0.6,-0.61,0.11));
#13655 = ORIENTED_EDGE('',*,*,#13656,.F.);
#13656 = EDGE_CURVE('',#13527,#13551,#13657,.T.);
#13657 = LINE('',#13658,#13659);
#13658 = CARTESIAN_POINT('',(0.6,-0.8,0.11));
#13659 = VECTOR('',#13660,1.);
#13660 = DIRECTION('',(-2.22044604925E-16,1.,0.));
#13661 = B_SPLINE_SURFACE_WITH_KNOTS('',1,1,(
    (#13662,#13663)
    ,(#13664,#13665
    )),.UNSPECIFIED.,.F.,.F.,.F.,(2,2),(2,2),(0.,1.6),(0.,1.),
  .PIECEWISE_BEZIER_KNOTS.);
#13662 = CARTESIAN_POINT('',(0.595807377657,-0.795807377657,3.E-02));
#13663 = CARTESIAN_POINT('',(0.6,-0.8,0.11));
#13664 = CARTESIAN_POINT('',(0.595807377657,0.795807377657,3.E-02));
#13665 = CARTESIAN_POINT('',(0.6,0.8,0.11));
#13666 = ADVANCED_FACE('',(#13667),#13706,.T.);
#13667 = FACE_BOUND('',#13668,.T.);
#13668 = EDGE_LOOP('',(#13669,#13670,#13676,#13677,#13683,#13684,#13685,
    #13686,#13693,#13701));
#13669 = ORIENTED_EDGE('',*,*,#13656,.T.);
#13670 = ORIENTED_EDGE('',*,*,#13671,.T.);
#13671 = EDGE_CURVE('',#13551,#13140,#13672,.T.);
#13672 = LINE('',#13673,#13674);
#13673 = CARTESIAN_POINT('',(0.6,-0.8,0.11));
#13674 = VECTOR('',#13675,1.);
#13675 = DIRECTION('',(-2.22044604925E-16,1.,0.));
#13676 = ORIENTED_EDGE('',*,*,#13352,.T.);
#13677 = ORIENTED_EDGE('',*,*,#13678,.T.);
#13678 = EDGE_CURVE('',#13247,#12295,#13679,.T.);
#13679 = LINE('',#13680,#13681);
#13680 = CARTESIAN_POINT('',(0.6,-0.8,0.11));
#13681 = VECTOR('',#13682,1.);
#13682 = DIRECTION('',(-2.22044604925E-16,1.,0.));
#13683 = ORIENTED_EDGE('',*,*,#12402,.T.);
#13684 = ORIENTED_EDGE('',*,*,#12254,.T.);
#13685 = ORIENTED_EDGE('',*,*,#12280,.T.);
#13686 = ORIENTED_EDGE('',*,*,#13687,.T.);
#13687 = EDGE_CURVE('',#12274,#13688,#13690,.T.);
#13688 = VERTEX_POINT('',#13689);
#13689 = CARTESIAN_POINT('',(0.572747954773,0.772747954773,0.63));
#13690 = B_SPLINE_CURVE_WITH_KNOTS('',1,(#13691,#13692),.UNSPECIFIED.,
  .F.,.F.,(2,2),(0.,1.),.PIECEWISE_BEZIER_KNOTS.);
#13691 = CARTESIAN_POINT('',(0.6,0.8,0.11));
#13692 = CARTESIAN_POINT('',(0.572747954773,0.772747954773,0.63));
#13693 = ORIENTED_EDGE('',*,*,#13694,.F.);
#13694 = EDGE_CURVE('',#13695,#13688,#13697,.T.);
#13695 = VERTEX_POINT('',#13696);
#13696 = CARTESIAN_POINT('',(0.572747954773,-0.772747954773,0.63));
#13697 = LINE('',#13698,#13699);
#13698 = CARTESIAN_POINT('',(0.572747954773,-0.772747954773,0.63));
#13699 = VECTOR('',#13700,1.);
#13700 = DIRECTION('',(-2.22044604925E-16,1.,0.));
#13701 = ORIENTED_EDGE('',*,*,#13702,.F.);
#13702 = EDGE_CURVE('',#13527,#13695,#13703,.T.);
#13703 = B_SPLINE_CURVE_WITH_KNOTS('',1,(#13704,#13705),.UNSPECIFIED.,
  .F.,.F.,(2,2),(0.,1.),.PIECEWISE_BEZIER_KNOTS.);
#13704 = CARTESIAN_POINT('',(0.6,-0.8,0.11));
#13705 = CARTESIAN_POINT('',(0.572747954773,-0.772747954773,0.63));
#13706 = B_SPLINE_SURFACE_WITH_KNOTS('',1,1,(
    (#13707,#13708)
    ,(#13709,#13710
    )),.UNSPECIFIED.,.F.,.F.,.F.,(2,2),(2,2),(0.,1.6),(0.,1.),
  .PIECEWISE_BEZIER_KNOTS.);
#13707 = CARTESIAN_POINT('',(0.6,-0.8,0.11));
#13708 = CARTESIAN_POINT('',(0.572747954773,-0.772747954773,0.63));
#13709 = CARTESIAN_POINT('',(0.6,0.8,0.11));
#13710 = CARTESIAN_POINT('',(0.572747954773,0.772747954773,0.63));
#13711 = ADVANCED_FACE('',(#13712),#13738,.T.);
#13712 = FACE_BOUND('',#13713,.T.);
#13713 = EDGE_LOOP('',(#13714,#13724,#13730,#13731,#13732));
#13714 = ORIENTED_EDGE('',*,*,#13715,.F.);
#13715 = EDGE_CURVE('',#13716,#13718,#13720,.T.);
#13716 = VERTEX_POINT('',#13717);
#13717 = CARTESIAN_POINT('',(0.8,0.11,0.));
#13718 = VERTEX_POINT('',#13719);
#13719 = CARTESIAN_POINT('',(0.8,0.11,0.11));
#13720 = LINE('',#13721,#13722);
#13721 = CARTESIAN_POINT('',(0.8,0.11,0.));
#13722 = VECTOR('',#13723,1.);
#13723 = DIRECTION('',(0.,0.,1.));
#13724 = ORIENTED_EDGE('',*,*,#13725,.F.);
#13725 = EDGE_CURVE('',#13086,#13716,#13726,.T.);
#13726 = LINE('',#13727,#13728);
#13727 = CARTESIAN_POINT('',(0.595807377657,0.11,0.));
#13728 = VECTOR('',#13729,1.);
#13729 = DIRECTION('',(1.,1.110223024625E-16,0.));
#13730 = ORIENTED_EDGE('',*,*,#13093,.T.);
#13731 = ORIENTED_EDGE('',*,*,#12294,.T.);
#13732 = ORIENTED_EDGE('',*,*,#13733,.T.);
#13733 = EDGE_CURVE('',#12295,#13718,#13734,.T.);
#13734 = LINE('',#13735,#13736);
#13735 = CARTESIAN_POINT('',(0.595807377657,0.11,0.11));
#13736 = VECTOR('',#13737,1.);
#13737 = DIRECTION('',(1.,1.110223024625E-16,0.));
#13738 = PLANE('',#13739);
#13739 = AXIS2_PLACEMENT_3D('',#13740,#13741,#13742);
#13740 = CARTESIAN_POINT('',(0.595807377657,0.11,0.));
#13741 = DIRECTION('',(-1.110223024625E-16,1.,0.));
#13742 = DIRECTION('',(0.,0.,1.));
#13743 = ADVANCED_FACE('',(#13744),#13788,.T.);
#13744 = FACE_BOUND('',#13745,.T.);
#13745 = EDGE_LOOP('',(#13746,#13747,#13753,#13754,#13760,#13761,#13767,
    #13768,#13775,#13783));
#13746 = ORIENTED_EDGE('',*,*,#12530,.T.);
#13747 = ORIENTED_EDGE('',*,*,#13748,.T.);
#13748 = EDGE_CURVE('',#12425,#12593,#13749,.T.);
#13749 = LINE('',#13750,#13751);
#13750 = CARTESIAN_POINT('',(-0.6,0.8,0.11));
#13751 = VECTOR('',#13752,1.);
#13752 = DIRECTION('',(2.22044604925E-16,-1.,0.));
#13753 = ORIENTED_EDGE('',*,*,#12805,.T.);
#13754 = ORIENTED_EDGE('',*,*,#13755,.T.);
#13755 = EDGE_CURVE('',#12700,#12851,#13756,.T.);
#13756 = LINE('',#13757,#13758);
#13757 = CARTESIAN_POINT('',(-0.6,0.8,0.11));
#13758 = VECTOR('',#13759,1.);
#13759 = DIRECTION('',(2.22044604925E-16,-1.,0.));
#13760 = ORIENTED_EDGE('',*,*,#13063,.T.);
#13761 = ORIENTED_EDGE('',*,*,#13762,.T.);
#13762 = EDGE_CURVE('',#12958,#13367,#13763,.T.);
#13763 = LINE('',#13764,#13765);
#13764 = CARTESIAN_POINT('',(-0.6,0.8,0.11));
#13765 = VECTOR('',#13766,1.);
#13766 = DIRECTION('',(2.22044604925E-16,-1.,0.));
#13767 = ORIENTED_EDGE('',*,*,#13480,.T.);
#13768 = ORIENTED_EDGE('',*,*,#13769,.T.);
#13769 = EDGE_CURVE('',#13474,#13770,#13772,.T.);
#13770 = VERTEX_POINT('',#13771);
#13771 = CARTESIAN_POINT('',(-0.572747954773,-0.772747954773,0.63));
#13772 = B_SPLINE_CURVE_WITH_KNOTS('',1,(#13773,#13774),.UNSPECIFIED.,
  .F.,.F.,(2,2),(0.,1.),.PIECEWISE_BEZIER_KNOTS.);
#13773 = CARTESIAN_POINT('',(-0.6,-0.8,0.11));
#13774 = CARTESIAN_POINT('',(-0.572747954773,-0.772747954773,0.63));
#13775 = ORIENTED_EDGE('',*,*,#13776,.F.);
#13776 = EDGE_CURVE('',#13777,#13770,#13779,.T.);
#13777 = VERTEX_POINT('',#13778);
#13778 = CARTESIAN_POINT('',(-0.572747954773,0.772747954773,0.63));
#13779 = LINE('',#13780,#13781);
#13780 = CARTESIAN_POINT('',(-0.572747954773,0.772747954773,0.63));
#13781 = VECTOR('',#13782,1.);
#13782 = DIRECTION('',(2.22044604925E-16,-1.,0.));
#13783 = ORIENTED_EDGE('',*,*,#13784,.F.);
#13784 = EDGE_CURVE('',#12417,#13777,#13785,.T.);
#13785 = B_SPLINE_CURVE_WITH_KNOTS('',1,(#13786,#13787),.UNSPECIFIED.,
  .F.,.F.,(2,2),(0.,1.),.PIECEWISE_BEZIER_KNOTS.);
#13786 = CARTESIAN_POINT('',(-0.6,0.8,0.11));
#13787 = CARTESIAN_POINT('',(-0.572747954773,0.772747954773,0.63));
#13788 = B_SPLINE_SURFACE_WITH_KNOTS('',1,1,(
    (#13789,#13790)
    ,(#13791,#13792
    )),.UNSPECIFIED.,.F.,.F.,.F.,(2,2),(2,2),(0.,1.6),(0.,1.),
  .PIECEWISE_BEZIER_KNOTS.);
#13789 = CARTESIAN_POINT('',(-0.6,0.8,0.11));
#13790 = CARTESIAN_POINT('',(-0.572747954773,0.772747954773,0.63));
#13791 = CARTESIAN_POINT('',(-0.6,-0.8,0.11));
#13792 = CARTESIAN_POINT('',(-0.572747954773,-0.772747954773,0.63));
#13793 = ADVANCED_FACE('',(#13794),#13820,.F.);
#13794 = FACE_BOUND('',#13795,.F.);
#13795 = EDGE_LOOP('',(#13796,#13806,#13812,#13813,#13814));
#13796 = ORIENTED_EDGE('',*,*,#13797,.F.);
#13797 = EDGE_CURVE('',#13798,#13800,#13802,.T.);
#13798 = VERTEX_POINT('',#13799);
#13799 = CARTESIAN_POINT('',(-0.8,0.61,0.));
#13800 = VERTEX_POINT('',#13801);
#13801 = CARTESIAN_POINT('',(-0.8,0.61,0.11));
#13802 = LINE('',#13803,#13804);
#13803 = CARTESIAN_POINT('',(-0.8,0.61,0.));
#13804 = VECTOR('',#13805,1.);
#13805 = DIRECTION('',(0.,0.,1.));
#13806 = ORIENTED_EDGE('',*,*,#13807,.F.);
#13807 = EDGE_CURVE('',#12562,#13798,#13808,.T.);
#13808 = LINE('',#13809,#13810);
#13809 = CARTESIAN_POINT('',(-0.595807377657,0.61,0.));
#13810 = VECTOR('',#13811,1.);
#13811 = DIRECTION('',(-1.,1.144237745222E-17,0.));
#13812 = ORIENTED_EDGE('',*,*,#12561,.T.);
#13813 = ORIENTED_EDGE('',*,*,#12424,.T.);
#13814 = ORIENTED_EDGE('',*,*,#13815,.T.);
#13815 = EDGE_CURVE('',#12425,#13800,#13816,.T.);
#13816 = LINE('',#13817,#13818);
#13817 = CARTESIAN_POINT('',(-0.595807377657,0.61,0.11));
#13818 = VECTOR('',#13819,1.);
#13819 = DIRECTION('',(-1.,1.144237745222E-17,0.));
#13820 = PLANE('',#13821);
#13821 = AXIS2_PLACEMENT_3D('',#13822,#13823,#13824);
#13822 = CARTESIAN_POINT('',(-0.595807377657,0.61,0.));
#13823 = DIRECTION('',(-1.144237745222E-17,-1.,0.));
#13824 = DIRECTION('',(0.,0.,1.));
#13825 = ADVANCED_FACE('',(#13826),#13837,.T.);
#13826 = FACE_BOUND('',#13827,.T.);
#13827 = EDGE_LOOP('',(#13828,#13829,#13830,#13836));
#13828 = ORIENTED_EDGE('',*,*,#12546,.T.);
#13829 = ORIENTED_EDGE('',*,*,#13784,.T.);
#13830 = ORIENTED_EDGE('',*,*,#13831,.F.);
#13831 = EDGE_CURVE('',#13688,#13777,#13832,.T.);
#13832 = LINE('',#13833,#13834);
#13833 = CARTESIAN_POINT('',(0.572747954773,0.772747954773,0.63));
#13834 = VECTOR('',#13835,1.);
#13835 = DIRECTION('',(-1.,-2.22044604925E-16,0.));
#13836 = ORIENTED_EDGE('',*,*,#13687,.F.);
#13837 = B_SPLINE_SURFACE_WITH_KNOTS('',1,1,(
    (#13838,#13839)
    ,(#13840,#13841
    )),.UNSPECIFIED.,.F.,.F.,.F.,(2,2),(2,2),(0.,1.2),(0.,1.),
  .PIECEWISE_BEZIER_KNOTS.);
#13838 = CARTESIAN_POINT('',(0.6,0.8,0.11));
#13839 = CARTESIAN_POINT('',(0.572747954773,0.772747954773,0.63));
#13840 = CARTESIAN_POINT('',(-0.6,0.8,0.11));
#13841 = CARTESIAN_POINT('',(-0.572747954773,0.772747954773,0.63));
#13842 = ADVANCED_FACE('',(#13843),#13869,.T.);
#13843 = FACE_BOUND('',#13844,.T.);
#13844 = EDGE_LOOP('',(#13845,#13855,#13861,#13862,#13863));
#13845 = ORIENTED_EDGE('',*,*,#13846,.F.);
#13846 = EDGE_CURVE('',#13847,#13849,#13851,.T.);
#13847 = VERTEX_POINT('',#13848);
#13848 = CARTESIAN_POINT('',(-0.8,0.39,0.));
#13849 = VERTEX_POINT('',#13850);
#13850 = CARTESIAN_POINT('',(-0.8,0.39,0.11));
#13851 = LINE('',#13852,#13853);
#13852 = CARTESIAN_POINT('',(-0.8,0.39,0.));
#13853 = VECTOR('',#13854,1.);
#13854 = DIRECTION('',(0.,0.,1.));
#13855 = ORIENTED_EDGE('',*,*,#13856,.F.);
#13856 = EDGE_CURVE('',#12570,#13847,#13857,.T.);
#13857 = LINE('',#13858,#13859);
#13858 = CARTESIAN_POINT('',(-0.595807377657,0.39,0.));
#13859 = VECTOR('',#13860,1.);
#13860 = DIRECTION('',(-1.,1.144237745222E-17,0.));
#13861 = ORIENTED_EDGE('',*,*,#12577,.T.);
#13862 = ORIENTED_EDGE('',*,*,#12592,.T.);
#13863 = ORIENTED_EDGE('',*,*,#13864,.T.);
#13864 = EDGE_CURVE('',#12593,#13849,#13865,.T.);
#13865 = LINE('',#13866,#13867);
#13866 = CARTESIAN_POINT('',(-0.595807377657,0.39,0.11));
#13867 = VECTOR('',#13868,1.);
#13868 = DIRECTION('',(-1.,1.144237745222E-17,0.));
#13869 = PLANE('',#13870);
#13870 = AXIS2_PLACEMENT_3D('',#13871,#13872,#13873);
#13871 = CARTESIAN_POINT('',(-0.595807377657,0.39,0.));
#13872 = DIRECTION('',(-1.144237745222E-17,-1.,0.));
#13873 = DIRECTION('',(0.,0.,1.));
#13874 = ADVANCED_FACE('',(#13875),#13886,.F.);
#13875 = FACE_BOUND('',#13876,.F.);
#13876 = EDGE_LOOP('',(#13877,#13878,#13879,#13885));
#13877 = ORIENTED_EDGE('',*,*,#12569,.F.);
#13878 = ORIENTED_EDGE('',*,*,#13807,.T.);
#13879 = ORIENTED_EDGE('',*,*,#13880,.T.);
#13880 = EDGE_CURVE('',#13798,#13847,#13881,.T.);
#13881 = LINE('',#13882,#13883);
#13882 = CARTESIAN_POINT('',(-0.8,0.61,0.));
#13883 = VECTOR('',#13884,1.);
#13884 = DIRECTION('',(-1.144237745222E-17,-1.,0.));
#13885 = ORIENTED_EDGE('',*,*,#13856,.F.);
#13886 = PLANE('',#13887);
#13887 = AXIS2_PLACEMENT_3D('',#13888,#13889,#13890);
#13888 = CARTESIAN_POINT('',(-0.595807377657,0.61,0.));
#13889 = DIRECTION('',(0.,0.,1.));
#13890 = DIRECTION('',(-1.,1.144237745222E-17,0.));
#13891 = ADVANCED_FACE('',(#13892),#13918,.F.);
#13892 = FACE_BOUND('',#13893,.F.);
#13893 = EDGE_LOOP('',(#13894,#13904,#13910,#13911,#13912));
#13894 = ORIENTED_EDGE('',*,*,#13895,.F.);
#13895 = EDGE_CURVE('',#13896,#13898,#13900,.T.);
#13896 = VERTEX_POINT('',#13897);
#13897 = CARTESIAN_POINT('',(-0.8,0.11,0.));
#13898 = VERTEX_POINT('',#13899);
#13899 = CARTESIAN_POINT('',(-0.8,0.11,0.11));
#13900 = LINE('',#13901,#13902);
#13901 = CARTESIAN_POINT('',(-0.8,0.11,0.));
#13902 = VECTOR('',#13903,1.);
#13903 = DIRECTION('',(0.,0.,1.));
#13904 = ORIENTED_EDGE('',*,*,#13905,.F.);
#13905 = EDGE_CURVE('',#12820,#13896,#13906,.T.);
#13906 = LINE('',#13907,#13908);
#13907 = CARTESIAN_POINT('',(-0.595807377657,0.11,0.));
#13908 = VECTOR('',#13909,1.);
#13909 = DIRECTION('',(-1.,1.144237745222E-17,0.));
#13910 = ORIENTED_EDGE('',*,*,#12819,.T.);
#13911 = ORIENTED_EDGE('',*,*,#12699,.T.);
#13912 = ORIENTED_EDGE('',*,*,#13913,.T.);
#13913 = EDGE_CURVE('',#12700,#13898,#13914,.T.);
#13914 = LINE('',#13915,#13916);
#13915 = CARTESIAN_POINT('',(-0.595807377657,0.11,0.11));
#13916 = VECTOR('',#13917,1.);
#13917 = DIRECTION('',(-1.,1.144237745222E-17,0.));
#13918 = PLANE('',#13919);
#13919 = AXIS2_PLACEMENT_3D('',#13920,#13921,#13922);
#13920 = CARTESIAN_POINT('',(-0.595807377657,0.11,0.));
#13921 = DIRECTION('',(-1.144237745222E-17,-1.,0.));
#13922 = DIRECTION('',(0.,0.,1.));
#13923 = ADVANCED_FACE('',(#13924),#13950,.T.);
#13924 = FACE_BOUND('',#13925,.T.);
#13925 = EDGE_LOOP('',(#13926,#13936,#13942,#13943,#13944));
#13926 = ORIENTED_EDGE('',*,*,#13927,.F.);
#13927 = EDGE_CURVE('',#13928,#13930,#13932,.T.);
#13928 = VERTEX_POINT('',#13929);
#13929 = CARTESIAN_POINT('',(-0.8,-0.11,0.));
#13930 = VERTEX_POINT('',#13931);
#13931 = CARTESIAN_POINT('',(-0.8,-0.11,0.11));
#13932 = LINE('',#13933,#13934);
#13933 = CARTESIAN_POINT('',(-0.8,-0.11,0.));
#13934 = VECTOR('',#13935,1.);
#13935 = DIRECTION('',(0.,0.,1.));
#13936 = ORIENTED_EDGE('',*,*,#13937,.F.);
#13937 = EDGE_CURVE('',#12828,#13928,#13938,.T.);
#13938 = LINE('',#13939,#13940);
#13939 = CARTESIAN_POINT('',(-0.595807377657,-0.11,0.));
#13940 = VECTOR('',#13941,1.);
#13941 = DIRECTION('',(-1.,1.144237745222E-17,0.));
#13942 = ORIENTED_EDGE('',*,*,#12835,.T.);
#13943 = ORIENTED_EDGE('',*,*,#12850,.T.);
#13944 = ORIENTED_EDGE('',*,*,#13945,.T.);
#13945 = EDGE_CURVE('',#12851,#13930,#13946,.T.);
#13946 = LINE('',#13947,#13948);
#13947 = CARTESIAN_POINT('',(-0.595807377657,-0.11,0.11));
#13948 = VECTOR('',#13949,1.);
#13949 = DIRECTION('',(-1.,1.144237745222E-17,0.));
#13950 = PLANE('',#13951);
#13951 = AXIS2_PLACEMENT_3D('',#13952,#13953,#13954);
#13952 = CARTESIAN_POINT('',(-0.595807377657,-0.11,0.));
#13953 = DIRECTION('',(-1.144237745222E-17,-1.,0.));
#13954 = DIRECTION('',(0.,0.,1.));
#13955 = ADVANCED_FACE('',(#13956),#13967,.F.);
#13956 = FACE_BOUND('',#13957,.F.);
#13957 = EDGE_LOOP('',(#13958,#13959,#13960,#13966));
#13958 = ORIENTED_EDGE('',*,*,#12827,.F.);
#13959 = ORIENTED_EDGE('',*,*,#13905,.T.);
#13960 = ORIENTED_EDGE('',*,*,#13961,.T.);
#13961 = EDGE_CURVE('',#13896,#13928,#13962,.T.);
#13962 = LINE('',#13963,#13964);
#13963 = CARTESIAN_POINT('',(-0.8,0.11,0.));
#13964 = VECTOR('',#13965,1.);
#13965 = DIRECTION('',(-1.144237745222E-17,-1.,0.));
#13966 = ORIENTED_EDGE('',*,*,#13937,.F.);
#13967 = PLANE('',#13968);
#13968 = AXIS2_PLACEMENT_3D('',#13969,#13970,#13971);
#13969 = CARTESIAN_POINT('',(-0.595807377657,0.11,0.));
#13970 = DIRECTION('',(0.,0.,1.));
#13971 = DIRECTION('',(-1.,1.144237745222E-17,0.));
#13972 = ADVANCED_FACE('',(#13973),#13999,.F.);
#13973 = FACE_BOUND('',#13974,.F.);
#13974 = EDGE_LOOP('',(#13975,#13985,#13991,#13992,#13993));
#13975 = ORIENTED_EDGE('',*,*,#13976,.F.);
#13976 = EDGE_CURVE('',#13977,#13979,#13981,.T.);
#13977 = VERTEX_POINT('',#13978);
#13978 = CARTESIAN_POINT('',(-0.8,-0.39,0.));
#13979 = VERTEX_POINT('',#13980);
#13980 = CARTESIAN_POINT('',(-0.8,-0.39,0.11));
#13981 = LINE('',#13982,#13983);
#13982 = CARTESIAN_POINT('',(-0.8,-0.39,0.));
#13983 = VECTOR('',#13984,1.);
#13984 = DIRECTION('',(0.,0.,1.));
#13985 = ORIENTED_EDGE('',*,*,#13986,.F.);
#13986 = EDGE_CURVE('',#13109,#13977,#13987,.T.);
#13987 = LINE('',#13988,#13989);
#13988 = CARTESIAN_POINT('',(-0.595807377657,-0.39,0.));
#13989 = VECTOR('',#13990,1.);
#13990 = DIRECTION('',(-1.,1.144237745222E-17,0.));
#13991 = ORIENTED_EDGE('',*,*,#13108,.T.);
#13992 = ORIENTED_EDGE('',*,*,#12957,.T.);
#13993 = ORIENTED_EDGE('',*,*,#13994,.T.);
#13994 = EDGE_CURVE('',#12958,#13979,#13995,.T.);
#13995 = LINE('',#13996,#13997);
#13996 = CARTESIAN_POINT('',(-0.595807377657,-0.39,0.11));
#13997 = VECTOR('',#13998,1.);
#13998 = DIRECTION('',(-1.,1.144237745222E-17,0.));
#13999 = PLANE('',#14000);
#14000 = AXIS2_PLACEMENT_3D('',#14001,#14002,#14003);
#14001 = CARTESIAN_POINT('',(-0.595807377657,-0.39,0.));
#14002 = DIRECTION('',(-1.144237745222E-17,-1.,0.));
#14003 = DIRECTION('',(0.,0.,1.));
#14004 = ADVANCED_FACE('',(#14005),#14031,.F.);
#14005 = FACE_BOUND('',#14006,.F.);
#14006 = EDGE_LOOP('',(#14007,#14017,#14023,#14024,#14025));
#14007 = ORIENTED_EDGE('',*,*,#14008,.F.);
#14008 = EDGE_CURVE('',#14009,#14011,#14013,.T.);
#14009 = VERTEX_POINT('',#14010);
#14010 = CARTESIAN_POINT('',(0.8,-0.11,0.));
#14011 = VERTEX_POINT('',#14012);
#14012 = CARTESIAN_POINT('',(0.8,-0.11,0.11));
#14013 = LINE('',#14014,#14015);
#14014 = CARTESIAN_POINT('',(0.8,-0.11,0.));
#14015 = VECTOR('',#14016,1.);
#14016 = DIRECTION('',(0.,0.,1.));
#14017 = ORIENTED_EDGE('',*,*,#14018,.F.);
#14018 = EDGE_CURVE('',#13078,#14009,#14019,.T.);
#14019 = LINE('',#14020,#14021);
#14020 = CARTESIAN_POINT('',(0.595807377657,-0.11,0.));
#14021 = VECTOR('',#14022,1.);
#14022 = DIRECTION('',(1.,1.110223024625E-16,0.));
#14023 = ORIENTED_EDGE('',*,*,#13077,.T.);
#14024 = ORIENTED_EDGE('',*,*,#13246,.T.);
#14025 = ORIENTED_EDGE('',*,*,#14026,.T.);
#14026 = EDGE_CURVE('',#13247,#14011,#14027,.T.);
#14027 = LINE('',#14028,#14029);
#14028 = CARTESIAN_POINT('',(0.595807377657,-0.11,0.11));
#14029 = VECTOR('',#14030,1.);
#14030 = DIRECTION('',(1.,1.110223024625E-16,0.));
#14031 = PLANE('',#14032);
#14032 = AXIS2_PLACEMENT_3D('',#14033,#14034,#14035);
#14033 = CARTESIAN_POINT('',(0.595807377657,-0.11,0.));
#14034 = DIRECTION('',(-1.110223024625E-16,1.,0.));
#14035 = DIRECTION('',(0.,0.,1.));
#14036 = ADVANCED_FACE('',(#14037),#14048,.F.);
#14037 = FACE_BOUND('',#14038,.F.);
#14038 = EDGE_LOOP('',(#14039,#14040,#14041,#14047));
#14039 = ORIENTED_EDGE('',*,*,#13085,.F.);
#14040 = ORIENTED_EDGE('',*,*,#14018,.T.);
#14041 = ORIENTED_EDGE('',*,*,#14042,.T.);
#14042 = EDGE_CURVE('',#14009,#13716,#14043,.T.);
#14043 = LINE('',#14044,#14045);
#14044 = CARTESIAN_POINT('',(0.8,-0.11,0.));
#14045 = VECTOR('',#14046,1.);
#14046 = DIRECTION('',(-1.110223024625E-16,1.,0.));
#14047 = ORIENTED_EDGE('',*,*,#13725,.F.);
#14048 = PLANE('',#14049);
#14049 = AXIS2_PLACEMENT_3D('',#14050,#14051,#14052);
#14050 = CARTESIAN_POINT('',(0.595807377657,-0.11,0.));
#14051 = DIRECTION('',(0.,0.,1.));
#14052 = DIRECTION('',(1.,1.110223024625E-16,-0.));
#14053 = ADVANCED_FACE('',(#14054),#14080,.T.);
#14054 = FACE_BOUND('',#14055,.T.);
#14055 = EDGE_LOOP('',(#14056,#14066,#14072,#14073,#14074));
#14056 = ORIENTED_EDGE('',*,*,#14057,.F.);
#14057 = EDGE_CURVE('',#14058,#14060,#14062,.T.);
#14058 = VERTEX_POINT('',#14059);
#14059 = CARTESIAN_POINT('',(-0.8,-0.61,0.));
#14060 = VERTEX_POINT('',#14061);
#14061 = CARTESIAN_POINT('',(-0.8,-0.61,0.11));
#14062 = LINE('',#14063,#14064);
#14063 = CARTESIAN_POINT('',(-0.8,-0.61,0.));
#14064 = VECTOR('',#14065,1.);
#14065 = DIRECTION('',(0.,0.,1.));
#14066 = ORIENTED_EDGE('',*,*,#14067,.F.);
#14067 = EDGE_CURVE('',#13117,#14058,#14068,.T.);
#14068 = LINE('',#14069,#14070);
#14069 = CARTESIAN_POINT('',(-0.595807377657,-0.61,0.));
#14070 = VECTOR('',#14071,1.);
#14071 = DIRECTION('',(-1.,1.144237745222E-17,0.));
#14072 = ORIENTED_EDGE('',*,*,#13124,.T.);
#14073 = ORIENTED_EDGE('',*,*,#13366,.T.);
#14074 = ORIENTED_EDGE('',*,*,#14075,.T.);
#14075 = EDGE_CURVE('',#13367,#14060,#14076,.T.);
#14076 = LINE('',#14077,#14078);
#14077 = CARTESIAN_POINT('',(-0.595807377657,-0.61,0.11));
#14078 = VECTOR('',#14079,1.);
#14079 = DIRECTION('',(-1.,1.144237745222E-17,0.));
#14080 = PLANE('',#14081);
#14081 = AXIS2_PLACEMENT_3D('',#14082,#14083,#14084);
#14082 = CARTESIAN_POINT('',(-0.595807377657,-0.61,0.));
#14083 = DIRECTION('',(-1.144237745222E-17,-1.,0.));
#14084 = DIRECTION('',(0.,0.,1.));
#14085 = ADVANCED_FACE('',(#14086),#14097,.F.);
#14086 = FACE_BOUND('',#14087,.F.);
#14087 = EDGE_LOOP('',(#14088,#14089,#14090,#14096));
#14088 = ORIENTED_EDGE('',*,*,#13116,.F.);
#14089 = ORIENTED_EDGE('',*,*,#13986,.T.);
#14090 = ORIENTED_EDGE('',*,*,#14091,.T.);
#14091 = EDGE_CURVE('',#13977,#14058,#14092,.T.);
#14092 = LINE('',#14093,#14094);
#14093 = CARTESIAN_POINT('',(-0.8,-0.39,0.));
#14094 = VECTOR('',#14095,1.);
#14095 = DIRECTION('',(-1.144237745222E-17,-1.,0.));
#14096 = ORIENTED_EDGE('',*,*,#14067,.F.);
#14097 = PLANE('',#14098);
#14098 = AXIS2_PLACEMENT_3D('',#14099,#14100,#14101);
#14099 = CARTESIAN_POINT('',(-0.595807377657,-0.39,0.));
#14100 = DIRECTION('',(0.,0.,1.));
#14101 = DIRECTION('',(-1.,1.144237745222E-17,0.));
#14102 = ADVANCED_FACE('',(#14103),#14129,.T.);
#14103 = FACE_BOUND('',#14104,.T.);
#14104 = EDGE_LOOP('',(#14105,#14115,#14121,#14122,#14123));
#14105 = ORIENTED_EDGE('',*,*,#14106,.F.);
#14106 = EDGE_CURVE('',#14107,#14109,#14111,.T.);
#14107 = VERTEX_POINT('',#14108);
#14108 = CARTESIAN_POINT('',(0.8,-0.39,0.));
#14109 = VERTEX_POINT('',#14110);
#14110 = CARTESIAN_POINT('',(0.8,-0.39,0.11));
#14111 = LINE('',#14112,#14113);
#14112 = CARTESIAN_POINT('',(0.8,-0.39,0.));
#14113 = VECTOR('',#14114,1.);
#14114 = DIRECTION('',(0.,0.,1.));
#14115 = ORIENTED_EDGE('',*,*,#14116,.F.);
#14116 = EDGE_CURVE('',#13503,#14107,#14117,.T.);
#14117 = LINE('',#14118,#14119);
#14118 = CARTESIAN_POINT('',(0.595807377657,-0.39,0.));
#14119 = VECTOR('',#14120,1.);
#14120 = DIRECTION('',(1.,1.110223024625E-16,0.));
#14121 = ORIENTED_EDGE('',*,*,#13510,.T.);
#14122 = ORIENTED_EDGE('',*,*,#13139,.T.);
#14123 = ORIENTED_EDGE('',*,*,#14124,.T.);
#14124 = EDGE_CURVE('',#13140,#14109,#14125,.T.);
#14125 = LINE('',#14126,#14127);
#14126 = CARTESIAN_POINT('',(0.595807377657,-0.39,0.11));
#14127 = VECTOR('',#14128,1.);
#14128 = DIRECTION('',(1.,1.110223024625E-16,0.));
#14129 = PLANE('',#14130);
#14130 = AXIS2_PLACEMENT_3D('',#14131,#14132,#14133);
#14131 = CARTESIAN_POINT('',(0.595807377657,-0.39,0.));
#14132 = DIRECTION('',(-1.110223024625E-16,1.,0.));
#14133 = DIRECTION('',(0.,0.,1.));
#14134 = ADVANCED_FACE('',(#14135),#14161,.F.);
#14135 = FACE_BOUND('',#14136,.F.);
#14136 = EDGE_LOOP('',(#14137,#14147,#14153,#14154,#14155));
#14137 = ORIENTED_EDGE('',*,*,#14138,.F.);
#14138 = EDGE_CURVE('',#14139,#14141,#14143,.T.);
#14139 = VERTEX_POINT('',#14140);
#14140 = CARTESIAN_POINT('',(0.8,-0.61,0.));
#14141 = VERTEX_POINT('',#14142);
#14142 = CARTESIAN_POINT('',(0.8,-0.61,0.11));
#14143 = LINE('',#14144,#14145);
#14144 = CARTESIAN_POINT('',(0.8,-0.61,0.));
#14145 = VECTOR('',#14146,1.);
#14146 = DIRECTION('',(0.,0.,1.));
#14147 = ORIENTED_EDGE('',*,*,#14148,.F.);
#14148 = EDGE_CURVE('',#13495,#14139,#14149,.T.);
#14149 = LINE('',#14150,#14151);
#14150 = CARTESIAN_POINT('',(0.595807377657,-0.61,0.));
#14151 = VECTOR('',#14152,1.);
#14152 = DIRECTION('',(1.,1.110223024625E-16,0.));
#14153 = ORIENTED_EDGE('',*,*,#13494,.T.);
#14154 = ORIENTED_EDGE('',*,*,#13550,.T.);
#14155 = ORIENTED_EDGE('',*,*,#14156,.T.);
#14156 = EDGE_CURVE('',#13551,#14141,#14157,.T.);
#14157 = LINE('',#14158,#14159);
#14158 = CARTESIAN_POINT('',(0.595807377657,-0.61,0.11));
#14159 = VECTOR('',#14160,1.);
#14160 = DIRECTION('',(1.,1.110223024625E-16,0.));
#14161 = PLANE('',#14162);
#14162 = AXIS2_PLACEMENT_3D('',#14163,#14164,#14165);
#14163 = CARTESIAN_POINT('',(0.595807377657,-0.61,0.));
#14164 = DIRECTION('',(-1.110223024625E-16,1.,0.));
#14165 = DIRECTION('',(0.,0.,1.));
#14166 = ADVANCED_FACE('',(#14167),#14178,.F.);
#14167 = FACE_BOUND('',#14168,.F.);
#14168 = EDGE_LOOP('',(#14169,#14170,#14171,#14177));
#14169 = ORIENTED_EDGE('',*,*,#13502,.F.);
#14170 = ORIENTED_EDGE('',*,*,#14148,.T.);
#14171 = ORIENTED_EDGE('',*,*,#14172,.T.);
#14172 = EDGE_CURVE('',#14139,#14107,#14173,.T.);
#14173 = LINE('',#14174,#14175);
#14174 = CARTESIAN_POINT('',(0.8,-0.61,0.));
#14175 = VECTOR('',#14176,1.);
#14176 = DIRECTION('',(-1.110223024625E-16,1.,0.));
#14177 = ORIENTED_EDGE('',*,*,#14116,.F.);
#14178 = PLANE('',#14179);
#14179 = AXIS2_PLACEMENT_3D('',#14180,#14181,#14182);
#14180 = CARTESIAN_POINT('',(0.595807377657,-0.61,0.));
#14181 = DIRECTION('',(0.,0.,1.));
#14182 = DIRECTION('',(1.,1.110223024625E-16,-0.));
#14183 = ADVANCED_FACE('',(#14184),#14195,.T.);
#14184 = FACE_BOUND('',#14185,.T.);
#14185 = EDGE_LOOP('',(#14186,#14187,#14188,#14194));
#14186 = ORIENTED_EDGE('',*,*,#13533,.T.);
#14187 = ORIENTED_EDGE('',*,*,#13702,.T.);
#14188 = ORIENTED_EDGE('',*,*,#14189,.F.);
#14189 = EDGE_CURVE('',#13770,#13695,#14190,.T.);
#14190 = LINE('',#14191,#14192);
#14191 = CARTESIAN_POINT('',(-0.572747954773,-0.772747954773,0.63));
#14192 = VECTOR('',#14193,1.);
#14193 = DIRECTION('',(1.,2.22044604925E-16,0.));
#14194 = ORIENTED_EDGE('',*,*,#13769,.F.);
#14195 = B_SPLINE_SURFACE_WITH_KNOTS('',1,1,(
    (#14196,#14197)
    ,(#14198,#14199
    )),.UNSPECIFIED.,.F.,.F.,.F.,(2,2),(2,2),(0.,1.2),(0.,1.),
  .PIECEWISE_BEZIER_KNOTS.);
#14196 = CARTESIAN_POINT('',(-0.6,-0.8,0.11));
#14197 = CARTESIAN_POINT('',(-0.572747954773,-0.772747954773,0.63));
#14198 = CARTESIAN_POINT('',(0.6,-0.8,0.11));
#14199 = CARTESIAN_POINT('',(0.572747954773,-0.772747954773,0.63));
#14200 = ADVANCED_FACE('',(#14201),#14212,.T.);
#14201 = FACE_BOUND('',#14202,.T.);
#14202 = EDGE_LOOP('',(#14203,#14204,#14205,#14211));
#14203 = ORIENTED_EDGE('',*,*,#13671,.F.);
#14204 = ORIENTED_EDGE('',*,*,#14156,.T.);
#14205 = ORIENTED_EDGE('',*,*,#14206,.T.);
#14206 = EDGE_CURVE('',#14141,#14109,#14207,.T.);
#14207 = LINE('',#14208,#14209);
#14208 = CARTESIAN_POINT('',(0.8,-0.61,0.11));
#14209 = VECTOR('',#14210,1.);
#14210 = DIRECTION('',(-1.110223024625E-16,1.,0.));
#14211 = ORIENTED_EDGE('',*,*,#14124,.F.);
#14212 = PLANE('',#14213);
#14213 = AXIS2_PLACEMENT_3D('',#14214,#14215,#14216);
#14214 = CARTESIAN_POINT('',(0.595807377657,-0.61,0.11));
#14215 = DIRECTION('',(0.,0.,1.));
#14216 = DIRECTION('',(1.,1.110223024625E-16,-0.));
#14217 = ADVANCED_FACE('',(#14218,#14224),#14235,.F.);
#14218 = FACE_BOUND('',#14219,.F.);
#14219 = EDGE_LOOP('',(#14220,#14221,#14222,#14223));
#14220 = ORIENTED_EDGE('',*,*,#13776,.F.);
#14221 = ORIENTED_EDGE('',*,*,#13831,.F.);
#14222 = ORIENTED_EDGE('',*,*,#13694,.F.);
#14223 = ORIENTED_EDGE('',*,*,#14189,.F.);
#14224 = FACE_BOUND('',#14225,.F.);
#14225 = EDGE_LOOP('',(#14226));
#14226 = ORIENTED_EDGE('',*,*,#14227,.T.);
#14227 = EDGE_CURVE('',#14228,#14228,#14230,.T.);
#14228 = VERTEX_POINT('',#14229);
#14229 = CARTESIAN_POINT('',(-0.222747954773,0.297747954773,0.63));
#14230 = CIRCLE('',#14231,0.125);
#14231 = AXIS2_PLACEMENT_3D('',#14232,#14233,#14234);
#14232 = CARTESIAN_POINT('',(-0.222747954773,0.422747954773,0.63));
#14233 = DIRECTION('',(-0.,0.,1.));
#14234 = DIRECTION('',(2.22044604925E-16,-1.,0.));
#14235 = PLANE('',#14236);
#14236 = AXIS2_PLACEMENT_3D('',#14237,#14238,#14239);
#14237 = CARTESIAN_POINT('',(-0.572747954773,0.772747954773,0.63));
#14238 = DIRECTION('',(0.,0.,-1.));
#14239 = DIRECTION('',(0.595457154844,-0.803387065333,0.));
#14240 = ADVANCED_FACE('',(#14241),#14252,.T.);
#14241 = FACE_BOUND('',#14242,.T.);
#14242 = EDGE_LOOP('',(#14243,#14244,#14245,#14251));
#14243 = ORIENTED_EDGE('',*,*,#13678,.F.);
#14244 = ORIENTED_EDGE('',*,*,#14026,.T.);
#14245 = ORIENTED_EDGE('',*,*,#14246,.T.);
#14246 = EDGE_CURVE('',#14011,#13718,#14247,.T.);
#14247 = LINE('',#14248,#14249);
#14248 = CARTESIAN_POINT('',(0.8,-0.11,0.11));
#14249 = VECTOR('',#14250,1.);
#14250 = DIRECTION('',(-1.110223024625E-16,1.,0.));
#14251 = ORIENTED_EDGE('',*,*,#13733,.F.);
#14252 = PLANE('',#14253);
#14253 = AXIS2_PLACEMENT_3D('',#14254,#14255,#14256);
#14254 = CARTESIAN_POINT('',(0.595807377657,-0.11,0.11));
#14255 = DIRECTION('',(0.,0.,1.));
#14256 = DIRECTION('',(1.,1.110223024625E-16,-0.));
#14257 = ADVANCED_FACE('',(#14258),#14264,.T.);
#14258 = FACE_BOUND('',#14259,.T.);
#14259 = EDGE_LOOP('',(#14260,#14261,#14262,#14263));
#14260 = ORIENTED_EDGE('',*,*,#14008,.F.);
#14261 = ORIENTED_EDGE('',*,*,#14042,.T.);
#14262 = ORIENTED_EDGE('',*,*,#13715,.T.);
#14263 = ORIENTED_EDGE('',*,*,#14246,.F.);
#14264 = PLANE('',#14265);
#14265 = AXIS2_PLACEMENT_3D('',#14266,#14267,#14268);
#14266 = CARTESIAN_POINT('',(0.8,-0.11,0.));
#14267 = DIRECTION('',(1.,1.110223024625E-16,0.));
#14268 = DIRECTION('',(0.,-0.,1.));
#14269 = ADVANCED_FACE('',(#14270),#14281,.T.);
#14270 = FACE_BOUND('',#14271,.T.);
#14271 = EDGE_LOOP('',(#14272,#14273,#14274,#14280));
#14272 = ORIENTED_EDGE('',*,*,#13748,.F.);
#14273 = ORIENTED_EDGE('',*,*,#13815,.T.);
#14274 = ORIENTED_EDGE('',*,*,#14275,.T.);
#14275 = EDGE_CURVE('',#13800,#13849,#14276,.T.);
#14276 = LINE('',#14277,#14278);
#14277 = CARTESIAN_POINT('',(-0.8,0.61,0.11));
#14278 = VECTOR('',#14279,1.);
#14279 = DIRECTION('',(-1.144237745222E-17,-1.,0.));
#14280 = ORIENTED_EDGE('',*,*,#13864,.F.);
#14281 = PLANE('',#14282);
#14282 = AXIS2_PLACEMENT_3D('',#14283,#14284,#14285);
#14283 = CARTESIAN_POINT('',(-0.595807377657,0.61,0.11));
#14284 = DIRECTION('',(0.,0.,1.));
#14285 = DIRECTION('',(-1.,1.144237745222E-17,0.));
#14286 = ADVANCED_FACE('',(#14287),#14298,.T.);
#14287 = FACE_BOUND('',#14288,.T.);
#14288 = EDGE_LOOP('',(#14289,#14290,#14291,#14297));
#14289 = ORIENTED_EDGE('',*,*,#13755,.F.);
#14290 = ORIENTED_EDGE('',*,*,#13913,.T.);
#14291 = ORIENTED_EDGE('',*,*,#14292,.T.);
#14292 = EDGE_CURVE('',#13898,#13930,#14293,.T.);
#14293 = LINE('',#14294,#14295);
#14294 = CARTESIAN_POINT('',(-0.8,0.11,0.11));
#14295 = VECTOR('',#14296,1.);
#14296 = DIRECTION('',(-1.144237745222E-17,-1.,0.));
#14297 = ORIENTED_EDGE('',*,*,#13945,.F.);
#14298 = PLANE('',#14299);
#14299 = AXIS2_PLACEMENT_3D('',#14300,#14301,#14302);
#14300 = CARTESIAN_POINT('',(-0.595807377657,0.11,0.11));
#14301 = DIRECTION('',(0.,0.,1.));
#14302 = DIRECTION('',(-1.,1.144237745222E-17,0.));
#14303 = ADVANCED_FACE('',(#14304),#14315,.T.);
#14304 = FACE_BOUND('',#14305,.T.);
#14305 = EDGE_LOOP('',(#14306,#14307,#14308,#14314));
#14306 = ORIENTED_EDGE('',*,*,#13762,.F.);
#14307 = ORIENTED_EDGE('',*,*,#13994,.T.);
#14308 = ORIENTED_EDGE('',*,*,#14309,.T.);
#14309 = EDGE_CURVE('',#13979,#14060,#14310,.T.);
#14310 = LINE('',#14311,#14312);
#14311 = CARTESIAN_POINT('',(-0.8,-0.39,0.11));
#14312 = VECTOR('',#14313,1.);
#14313 = DIRECTION('',(-1.144237745222E-17,-1.,0.));
#14314 = ORIENTED_EDGE('',*,*,#14075,.F.);
#14315 = PLANE('',#14316);
#14316 = AXIS2_PLACEMENT_3D('',#14317,#14318,#14319);
#14317 = CARTESIAN_POINT('',(-0.595807377657,-0.39,0.11));
#14318 = DIRECTION('',(0.,0.,1.));
#14319 = DIRECTION('',(-1.,1.144237745222E-17,0.));
#14320 = ADVANCED_FACE('',(#14321),#14327,.T.);
#14321 = FACE_BOUND('',#14322,.T.);
#14322 = EDGE_LOOP('',(#14323,#14324,#14325,#14326));
#14323 = ORIENTED_EDGE('',*,*,#13797,.F.);
#14324 = ORIENTED_EDGE('',*,*,#13880,.T.);
#14325 = ORIENTED_EDGE('',*,*,#13846,.T.);
#14326 = ORIENTED_EDGE('',*,*,#14275,.F.);
#14327 = PLANE('',#14328);
#14328 = AXIS2_PLACEMENT_3D('',#14329,#14330,#14331);
#14329 = CARTESIAN_POINT('',(-0.8,0.61,0.));
#14330 = DIRECTION('',(-1.,1.144237745222E-17,0.));
#14331 = DIRECTION('',(0.,0.,1.));
#14332 = ADVANCED_FACE('',(#14333),#14339,.T.);
#14333 = FACE_BOUND('',#14334,.T.);
#14334 = EDGE_LOOP('',(#14335,#14336,#14337,#14338));
#14335 = ORIENTED_EDGE('',*,*,#13895,.F.);
#14336 = ORIENTED_EDGE('',*,*,#13961,.T.);
#14337 = ORIENTED_EDGE('',*,*,#13927,.T.);
#14338 = ORIENTED_EDGE('',*,*,#14292,.F.);
#14339 = PLANE('',#14340);
#14340 = AXIS2_PLACEMENT_3D('',#14341,#14342,#14343);
#14341 = CARTESIAN_POINT('',(-0.8,0.11,0.));
#14342 = DIRECTION('',(-1.,1.144237745222E-17,0.));
#14343 = DIRECTION('',(0.,0.,1.));
#14344 = ADVANCED_FACE('',(#14345),#14351,.T.);
#14345 = FACE_BOUND('',#14346,.T.);
#14346 = EDGE_LOOP('',(#14347,#14348,#14349,#14350));
#14347 = ORIENTED_EDGE('',*,*,#13976,.F.);
#14348 = ORIENTED_EDGE('',*,*,#14091,.T.);
#14349 = ORIENTED_EDGE('',*,*,#14057,.T.);
#14350 = ORIENTED_EDGE('',*,*,#14309,.F.);
#14351 = PLANE('',#14352);
#14352 = AXIS2_PLACEMENT_3D('',#14353,#14354,#14355);
#14353 = CARTESIAN_POINT('',(-0.8,-0.39,0.));
#14354 = DIRECTION('',(-1.,1.144237745222E-17,0.));
#14355 = DIRECTION('',(0.,0.,1.));
#14356 = ADVANCED_FACE('',(#14357),#14363,.T.);
#14357 = FACE_BOUND('',#14358,.T.);
#14358 = EDGE_LOOP('',(#14359,#14360,#14361,#14362));
#14359 = ORIENTED_EDGE('',*,*,#14138,.F.);
#14360 = ORIENTED_EDGE('',*,*,#14172,.T.);
#14361 = ORIENTED_EDGE('',*,*,#14106,.T.);
#14362 = ORIENTED_EDGE('',*,*,#14206,.F.);
#14363 = PLANE('',#14364);
#14364 = AXIS2_PLACEMENT_3D('',#14365,#14366,#14367);
#14365 = CARTESIAN_POINT('',(0.8,-0.61,0.));
#14366 = DIRECTION('',(1.,1.110223024625E-16,0.));
#14367 = DIRECTION('',(0.,-0.,1.));
#14368 = ADVANCED_FACE('',(#14369),#14388,.F.);
#14369 = FACE_BOUND('',#14370,.F.);
#14370 = EDGE_LOOP('',(#14371,#14380,#14386,#14387));
#14371 = ORIENTED_EDGE('',*,*,#14372,.T.);
#14372 = EDGE_CURVE('',#14373,#14373,#14375,.T.);
#14373 = VERTEX_POINT('',#14374);
#14374 = CARTESIAN_POINT('',(-0.222747954773,0.297747954773,0.6));
#14375 = CIRCLE('',#14376,0.125);
#14376 = AXIS2_PLACEMENT_3D('',#14377,#14378,#14379);
#14377 = CARTESIAN_POINT('',(-0.222747954773,0.422747954773,0.6));
#14378 = DIRECTION('',(-0.,0.,1.));
#14379 = DIRECTION('',(2.22044604925E-16,-1.,0.));
#14380 = ORIENTED_EDGE('',*,*,#14381,.F.);
#14381 = EDGE_CURVE('',#14228,#14373,#14382,.T.);
#14382 = LINE('',#14383,#14384);
#14383 = CARTESIAN_POINT('',(-0.222747954773,0.297747954773,0.63));
#14384 = VECTOR('',#14385,1.);
#14385 = DIRECTION('',(0.,-0.,-1.));
#14386 = ORIENTED_EDGE('',*,*,#14227,.F.);
#14387 = ORIENTED_EDGE('',*,*,#14381,.T.);
#14388 = CYLINDRICAL_SURFACE('',#14389,0.125);
#14389 = AXIS2_PLACEMENT_3D('',#14390,#14391,#14392);
#14390 = CARTESIAN_POINT('',(-0.222747954773,0.422747954773,0.63));
#14391 = DIRECTION('',(-0.,0.,-1.));
#14392 = DIRECTION('',(2.22044604925E-16,-1.,-0.));
#14393 = ADVANCED_FACE('',(#14394),#14397,.T.);
#14394 = FACE_BOUND('',#14395,.T.);
#14395 = EDGE_LOOP('',(#14396));
#14396 = ORIENTED_EDGE('',*,*,#14372,.T.);
#14397 = PLANE('',#14398);
#14398 = AXIS2_PLACEMENT_3D('',#14399,#14400,#14401);
#14399 = CARTESIAN_POINT('',(-0.222747954773,0.422747954773,0.6));
#14400 = DIRECTION('',(0.,0.,1.));
#14401 = DIRECTION('',(2.22044604925E-16,-1.,0.));
#14402 = ( GEOMETRIC_REPRESENTATION_CONTEXT(3) 
GLOBAL_UNCERTAINTY_ASSIGNED_CONTEXT((#14406)) 
GLOBAL_UNIT_ASSIGNED_CONTEXT((#14403,#14404,#14405)) 
REPRESENTATION_CONTEXT('Context #1',
  '3D Context with UNIT and UNCERTAINTY') );
#14403 = ( LENGTH_UNIT() NAMED_UNIT(*) SI_UNIT(.MILLI.,.METRE.) );
#14404 = ( NAMED_UNIT(*) PLANE_ANGLE_UNIT() SI_UNIT($,.RADIAN.) );
#14405 = ( NAMED_UNIT(*) SI_UNIT($,.STERADIAN.) SOLID_ANGLE_UNIT() );
#14406 = UNCERTAINTY_MEASURE_WITH_UNIT(LENGTH_MEASURE(1.E-07),#14403,
  'distance_accuracy_value','confusion accuracy');
#14407 = CONTEXT_DEPENDENT_SHAPE_REPRESENTATION(#14408,#14410);
#14408 = ( REPRESENTATION_RELATIONSHIP('','',#11772,#11749) 
REPRESENTATION_RELATIONSHIP_WITH_TRANSFORMATION(#14409) 
SHAPE_REPRESENTATION_RELATIONSHIP() );
#14409 = ITEM_DEFINED_TRANSFORMATION('','',#11,#11750);
#14410 = PRODUCT_DEFINITION_SHAPE('Placement','Placement of an item',
  #14411);
#14411 = NEXT_ASSEMBLY_USAGE_OCCURRENCE('19','=>[0:1:1:16]','',#11744,
  #11767,$);
#14412 = PRODUCT_RELATED_PRODUCT_CATEGORY('part',$,(#11769));
#14413 = CONTEXT_DEPENDENT_SHAPE_REPRESENTATION(#14414,#14416);
#14414 = ( REPRESENTATION_RELATIONSHIP('','',#1813,#10) 
REPRESENTATION_RELATIONSHIP_WITH_TRANSFORMATION(#14415) 
SHAPE_REPRESENTATION_RELATIONSHIP() );
#14415 = ITEM_DEFINED_TRANSFORMATION('','',#11,#59);
#14416 = PRODUCT_DEFINITION_SHAPE('Placement','Placement of an item',
  #14417);
#14417 = NEXT_ASSEMBLY_USAGE_OCCURRENCE('21','C19','',#5,#1808,$);
#14418 = SHAPE_DEFINITION_REPRESENTATION(#14419,#14425);
#14419 = PRODUCT_DEFINITION_SHAPE('','',#14420);
#14420 = PRODUCT_DEFINITION('design','',#14421,#14424);
#14421 = PRODUCT_DEFINITION_FORMATION('','',#14422);
#14422 = PRODUCT('LedRing_PCB','LedRing_PCB','',(#14423));
#14423 = PRODUCT_CONTEXT('',#2,'mechanical');
#14424 = PRODUCT_DEFINITION_CONTEXT('part definition',#2,'design');
#14425 = ADVANCED_BREP_SHAPE_REPRESENTATION('',(#11,#14426),#14720);
#14426 = MANIFOLD_SOLID_BREP('',#14427);
#14427 = CLOSED_SHELL('',(#14428,#14461,#14503,#14534,#14565,#14598,
    #14629,#14662,#14684,#14702));
#14428 = ADVANCED_FACE('',(#14429),#14456,.T.);
#14429 = FACE_BOUND('',#14430,.F.);
#14430 = EDGE_LOOP('',(#14431,#14441,#14448,#14449));
#14431 = ORIENTED_EDGE('',*,*,#14432,.T.);
#14432 = EDGE_CURVE('',#14433,#14435,#14437,.T.);
#14433 = VERTEX_POINT('',#14434);
#14434 = CARTESIAN_POINT('',(135.,-100.,0.));
#14435 = VERTEX_POINT('',#14436);
#14436 = CARTESIAN_POINT('',(135.,-100.,1.51));
#14437 = LINE('',#14438,#14439);
#14438 = CARTESIAN_POINT('',(135.,-100.,0.));
#14439 = VECTOR('',#14440,1.);
#14440 = DIRECTION('',(0.,0.,1.));
#14441 = ORIENTED_EDGE('',*,*,#14442,.T.);
#14442 = EDGE_CURVE('',#14435,#14435,#14443,.T.);
#14443 = CIRCLE('',#14444,35.);
#14444 = AXIS2_PLACEMENT_3D('',#14445,#14446,#14447);
#14445 = CARTESIAN_POINT('',(100.,-100.,1.51));
#14446 = DIRECTION('',(0.,0.,1.));
#14447 = DIRECTION('',(1.,0.,-0.));
#14448 = ORIENTED_EDGE('',*,*,#14432,.F.);
#14449 = ORIENTED_EDGE('',*,*,#14450,.F.);
#14450 = EDGE_CURVE('',#14433,#14433,#14451,.T.);
#14451 = CIRCLE('',#14452,35.);
#14452 = AXIS2_PLACEMENT_3D('',#14453,#14454,#14455);
#14453 = CARTESIAN_POINT('',(100.,-100.,0.));
#14454 = DIRECTION('',(0.,0.,1.));
#14455 = DIRECTION('',(1.,0.,-0.));
#14456 = CYLINDRICAL_SURFACE('',#14457,35.);
#14457 = AXIS2_PLACEMENT_3D('',#14458,#14459,#14460);
#14458 = CARTESIAN_POINT('',(100.,-100.,0.));
#14459 = DIRECTION('',(-0.,-0.,-1.));
#14460 = DIRECTION('',(1.,0.,-0.));
#14461 = ADVANCED_FACE('',(#14462),#14498,.F.);
#14462 = FACE_BOUND('',#14463,.T.);
#14463 = EDGE_LOOP('',(#14464,#14474,#14483,#14491));
#14464 = ORIENTED_EDGE('',*,*,#14465,.T.);
#14465 = EDGE_CURVE('',#14466,#14468,#14470,.T.);
#14466 = VERTEX_POINT('',#14467);
#14467 = CARTESIAN_POINT('',(125.561029,-88.472477,0.));
#14468 = VERTEX_POINT('',#14469);
#14469 = CARTESIAN_POINT('',(125.561029,-88.472477,1.51));
#14470 = LINE('',#14471,#14472);
#14471 = CARTESIAN_POINT('',(125.561029,-88.472477,0.));
#14472 = VECTOR('',#14473,1.);
#14473 = DIRECTION('',(0.,0.,1.));
#14474 = ORIENTED_EDGE('',*,*,#14475,.T.);
#14475 = EDGE_CURVE('',#14468,#14476,#14478,.T.);
#14476 = VERTEX_POINT('',#14477);
#14477 = CARTESIAN_POINT('',(121.5,-118.,1.51));
#14478 = CIRCLE('',#14479,28.04014984077);
#14479 = AXIS2_PLACEMENT_3D('',#14480,#14481,#14482);
#14480 = CARTESIAN_POINT('',(99.999999809062,-100.0000001421,1.51));
#14481 = DIRECTION('',(0.,0.,1.));
#14482 = DIRECTION('',(0.911586754568,0.411107758254,-0.));
#14483 = ORIENTED_EDGE('',*,*,#14484,.F.);
#14484 = EDGE_CURVE('',#14485,#14476,#14487,.T.);
#14485 = VERTEX_POINT('',#14486);
#14486 = CARTESIAN_POINT('',(121.5,-118.,0.));
#14487 = LINE('',#14488,#14489);
#14488 = CARTESIAN_POINT('',(121.5,-118.,0.));
#14489 = VECTOR('',#14490,1.);
#14490 = DIRECTION('',(0.,0.,1.));
#14491 = ORIENTED_EDGE('',*,*,#14492,.F.);
#14492 = EDGE_CURVE('',#14466,#14485,#14493,.T.);
#14493 = CIRCLE('',#14494,28.04014984077);
#14494 = AXIS2_PLACEMENT_3D('',#14495,#14496,#14497);
#14495 = CARTESIAN_POINT('',(99.999999809062,-100.0000001421,0.));
#14496 = DIRECTION('',(0.,0.,1.));
#14497 = DIRECTION('',(0.911586754568,0.411107758254,-0.));
#14498 = CYLINDRICAL_SURFACE('',#14499,28.04014984077);
#14499 = AXIS2_PLACEMENT_3D('',#14500,#14501,#14502);
#14500 = CARTESIAN_POINT('',(99.999999809062,-100.0000001421,0.));
#14501 = DIRECTION('',(-0.,-0.,-1.));
#14502 = DIRECTION('',(0.911586754568,0.411107758254,-0.));
#14503 = ADVANCED_FACE('',(#14504),#14529,.T.);
#14504 = FACE_BOUND('',#14505,.T.);
#14505 = EDGE_LOOP('',(#14506,#14507,#14515,#14523));
#14506 = ORIENTED_EDGE('',*,*,#14484,.T.);
#14507 = ORIENTED_EDGE('',*,*,#14508,.T.);
#14508 = EDGE_CURVE('',#14476,#14509,#14511,.T.);
#14509 = VERTEX_POINT('',#14510);
#14510 = CARTESIAN_POINT('',(121.5,-106.5,1.51));
#14511 = LINE('',#14512,#14513);
#14512 = CARTESIAN_POINT('',(121.5,-118.,1.51));
#14513 = VECTOR('',#14514,1.);
#14514 = DIRECTION('',(0.,1.,0.));
#14515 = ORIENTED_EDGE('',*,*,#14516,.F.);
#14516 = EDGE_CURVE('',#14517,#14509,#14519,.T.);
#14517 = VERTEX_POINT('',#14518);
#14518 = CARTESIAN_POINT('',(121.5,-106.5,0.));
#14519 = LINE('',#14520,#14521);
#14520 = CARTESIAN_POINT('',(121.5,-106.5,0.));
#14521 = VECTOR('',#14522,1.);
#14522 = DIRECTION('',(0.,0.,1.));
#14523 = ORIENTED_EDGE('',*,*,#14524,.F.);
#14524 = EDGE_CURVE('',#14485,#14517,#14525,.T.);
#14525 = LINE('',#14526,#14527);
#14526 = CARTESIAN_POINT('',(121.5,-118.,0.));
#14527 = VECTOR('',#14528,1.);
#14528 = DIRECTION('',(0.,1.,0.));
#14529 = PLANE('',#14530);
#14530 = AXIS2_PLACEMENT_3D('',#14531,#14532,#14533);
#14531 = CARTESIAN_POINT('',(121.5,-118.,0.));
#14532 = DIRECTION('',(-1.,0.,0.));
#14533 = DIRECTION('',(0.,1.,0.));
#14534 = ADVANCED_FACE('',(#14535),#14560,.T.);
#14535 = FACE_BOUND('',#14536,.T.);
#14536 = EDGE_LOOP('',(#14537,#14538,#14546,#14554));
#14537 = ORIENTED_EDGE('',*,*,#14516,.T.);
#14538 = ORIENTED_EDGE('',*,*,#14539,.T.);
#14539 = EDGE_CURVE('',#14509,#14540,#14542,.T.);
#14540 = VERTEX_POINT('',#14541);
#14541 = CARTESIAN_POINT('',(117.25,-106.5,1.51));
#14542 = LINE('',#14543,#14544);
#14543 = CARTESIAN_POINT('',(121.5,-106.5,1.51));
#14544 = VECTOR('',#14545,1.);
#14545 = DIRECTION('',(-1.,0.,0.));
#14546 = ORIENTED_EDGE('',*,*,#14547,.F.);
#14547 = EDGE_CURVE('',#14548,#14540,#14550,.T.);
#14548 = VERTEX_POINT('',#14549);
#14549 = CARTESIAN_POINT('',(117.25,-106.5,0.));
#14550 = LINE('',#14551,#14552);
#14551 = CARTESIAN_POINT('',(117.25,-106.5,0.));
#14552 = VECTOR('',#14553,1.);
#14553 = DIRECTION('',(0.,0.,1.));
#14554 = ORIENTED_EDGE('',*,*,#14555,.F.);
#14555 = EDGE_CURVE('',#14517,#14548,#14556,.T.);
#14556 = LINE('',#14557,#14558);
#14557 = CARTESIAN_POINT('',(121.5,-106.5,0.));
#14558 = VECTOR('',#14559,1.);
#14559 = DIRECTION('',(-1.,0.,0.));
#14560 = PLANE('',#14561);
#14561 = AXIS2_PLACEMENT_3D('',#14562,#14563,#14564);
#14562 = CARTESIAN_POINT('',(121.5,-106.5,0.));
#14563 = DIRECTION('',(0.,-1.,0.));
#14564 = DIRECTION('',(-1.,0.,0.));
#14565 = ADVANCED_FACE('',(#14566),#14593,.T.);
#14566 = FACE_BOUND('',#14567,.T.);
#14567 = EDGE_LOOP('',(#14568,#14569,#14578,#14586));
#14568 = ORIENTED_EDGE('',*,*,#14547,.T.);
#14569 = ORIENTED_EDGE('',*,*,#14570,.T.);
#14570 = EDGE_CURVE('',#14540,#14571,#14573,.T.);
#14571 = VERTEX_POINT('',#14572);
#14572 = CARTESIAN_POINT('',(115.75,-105.,1.51));
#14573 = CIRCLE('',#14574,1.500000586493);
#14574 = AXIS2_PLACEMENT_3D('',#14575,#14576,#14577);
#14575 = CARTESIAN_POINT('',(117.25000058649,-104.9999994135,1.51));
#14576 = DIRECTION('',(0.,0.,-1.));
#14577 = DIRECTION('',(-3.909953710804E-07,-1.,-0.));
#14578 = ORIENTED_EDGE('',*,*,#14579,.F.);
#14579 = EDGE_CURVE('',#14580,#14571,#14582,.T.);
#14580 = VERTEX_POINT('',#14581);
#14581 = CARTESIAN_POINT('',(115.75,-105.,0.));
#14582 = LINE('',#14583,#14584);
#14583 = CARTESIAN_POINT('',(115.75,-105.,0.));
#14584 = VECTOR('',#14585,1.);
#14585 = DIRECTION('',(0.,0.,1.));
#14586 = ORIENTED_EDGE('',*,*,#14587,.F.);
#14587 = EDGE_CURVE('',#14548,#14580,#14588,.T.);
#14588 = CIRCLE('',#14589,1.500000586493);
#14589 = AXIS2_PLACEMENT_3D('',#14590,#14591,#14592);
#14590 = CARTESIAN_POINT('',(117.25000058649,-104.9999994135,0.));
#14591 = DIRECTION('',(0.,0.,-1.));
#14592 = DIRECTION('',(-3.909953710804E-07,-1.,-0.));
#14593 = CYLINDRICAL_SURFACE('',#14594,1.500000586493);
#14594 = AXIS2_PLACEMENT_3D('',#14595,#14596,#14597);
#14595 = CARTESIAN_POINT('',(117.25000058649,-104.9999994135,0.));
#14596 = DIRECTION('',(0.,0.,-1.));
#14597 = DIRECTION('',(-3.909953710804E-07,-1.,-0.));
#14598 = ADVANCED_FACE('',(#14599),#14624,.T.);
#14599 = FACE_BOUND('',#14600,.T.);
#14600 = EDGE_LOOP('',(#14601,#14602,#14610,#14618));
#14601 = ORIENTED_EDGE('',*,*,#14579,.T.);
#14602 = ORIENTED_EDGE('',*,*,#14603,.T.);
#14603 = EDGE_CURVE('',#14571,#14604,#14606,.T.);
#14604 = VERTEX_POINT('',#14605);
#14605 = CARTESIAN_POINT('',(115.75,-90.,1.51));
#14606 = LINE('',#14607,#14608);
#14607 = CARTESIAN_POINT('',(115.75,-105.,1.51));
#14608 = VECTOR('',#14609,1.);
#14609 = DIRECTION('',(0.,1.,0.));
#14610 = ORIENTED_EDGE('',*,*,#14611,.F.);
#14611 = EDGE_CURVE('',#14612,#14604,#14614,.T.);
#14612 = VERTEX_POINT('',#14613);
#14613 = CARTESIAN_POINT('',(115.75,-90.,0.));
#14614 = LINE('',#14615,#14616);
#14615 = CARTESIAN_POINT('',(115.75,-90.,0.));
#14616 = VECTOR('',#14617,1.);
#14617 = DIRECTION('',(0.,0.,1.));
#14618 = ORIENTED_EDGE('',*,*,#14619,.F.);
#14619 = EDGE_CURVE('',#14580,#14612,#14620,.T.);
#14620 = LINE('',#14621,#14622);
#14621 = CARTESIAN_POINT('',(115.75,-105.,0.));
#14622 = VECTOR('',#14623,1.);
#14623 = DIRECTION('',(0.,1.,0.));
#14624 = PLANE('',#14625);
#14625 = AXIS2_PLACEMENT_3D('',#14626,#14627,#14628);
#14626 = CARTESIAN_POINT('',(115.75,-105.,0.));
#14627 = DIRECTION('',(-1.,0.,0.));
#14628 = DIRECTION('',(0.,1.,0.));
#14629 = ADVANCED_FACE('',(#14630),#14657,.T.);
#14630 = FACE_BOUND('',#14631,.T.);
#14631 = EDGE_LOOP('',(#14632,#14633,#14642,#14650));
#14632 = ORIENTED_EDGE('',*,*,#14611,.T.);
#14633 = ORIENTED_EDGE('',*,*,#14634,.T.);
#14634 = EDGE_CURVE('',#14604,#14635,#14637,.T.);
#14635 = VERTEX_POINT('',#14636);
#14636 = CARTESIAN_POINT('',(117.25,-88.5,1.51));
#14637 = CIRCLE('',#14638,1.500000586493);
#14638 = AXIS2_PLACEMENT_3D('',#14639,#14640,#14641);
#14639 = CARTESIAN_POINT('',(117.25000058649,-90.00000058649,1.51));
#14640 = DIRECTION('',(0.,0.,-1.));
#14641 = DIRECTION('',(-1.,3.909953710804E-07,0.));
#14642 = ORIENTED_EDGE('',*,*,#14643,.F.);
#14643 = EDGE_CURVE('',#14644,#14635,#14646,.T.);
#14644 = VERTEX_POINT('',#14645);
#14645 = CARTESIAN_POINT('',(117.25,-88.5,0.));
#14646 = LINE('',#14647,#14648);
#14647 = CARTESIAN_POINT('',(117.25,-88.5,0.));
#14648 = VECTOR('',#14649,1.);
#14649 = DIRECTION('',(0.,0.,1.));
#14650 = ORIENTED_EDGE('',*,*,#14651,.F.);
#14651 = EDGE_CURVE('',#14612,#14644,#14652,.T.);
#14652 = CIRCLE('',#14653,1.500000586493);
#14653 = AXIS2_PLACEMENT_3D('',#14654,#14655,#14656);
#14654 = CARTESIAN_POINT('',(117.25000058649,-90.00000058649,0.));
#14655 = DIRECTION('',(0.,0.,-1.));
#14656 = DIRECTION('',(-1.,3.909953710804E-07,0.));
#14657 = CYLINDRICAL_SURFACE('',#14658,1.500000586493);
#14658 = AXIS2_PLACEMENT_3D('',#14659,#14660,#14661);
#14659 = CARTESIAN_POINT('',(117.25000058649,-90.00000058649,0.));
#14660 = DIRECTION('',(0.,0.,-1.));
#14661 = DIRECTION('',(-1.,3.909953710804E-07,0.));
#14662 = ADVANCED_FACE('',(#14663),#14679,.T.);
#14663 = FACE_BOUND('',#14664,.T.);
#14664 = EDGE_LOOP('',(#14665,#14666,#14672,#14673));
#14665 = ORIENTED_EDGE('',*,*,#14643,.T.);
#14666 = ORIENTED_EDGE('',*,*,#14667,.T.);
#14667 = EDGE_CURVE('',#14635,#14468,#14668,.T.);
#14668 = LINE('',#14669,#14670);
#14669 = CARTESIAN_POINT('',(117.25,-88.5,1.51));
#14670 = VECTOR('',#14671,1.);
#14671 = DIRECTION('',(0.99999451662,3.311605467978E-03,0.));
#14672 = ORIENTED_EDGE('',*,*,#14465,.F.);
#14673 = ORIENTED_EDGE('',*,*,#14674,.F.);
#14674 = EDGE_CURVE('',#14644,#14466,#14675,.T.);
#14675 = LINE('',#14676,#14677);
#14676 = CARTESIAN_POINT('',(117.25,-88.5,0.));
#14677 = VECTOR('',#14678,1.);
#14678 = DIRECTION('',(0.99999451662,3.311605467978E-03,0.));
#14679 = PLANE('',#14680);
#14680 = AXIS2_PLACEMENT_3D('',#14681,#14682,#14683);
#14681 = CARTESIAN_POINT('',(117.25,-88.5,0.));
#14682 = DIRECTION('',(-3.311605467978E-03,0.99999451662,0.));
#14683 = DIRECTION('',(0.99999451662,3.311605467978E-03,0.));
#14684 = ADVANCED_FACE('',(#14685,#14688),#14697,.F.);
#14685 = FACE_BOUND('',#14686,.F.);
#14686 = EDGE_LOOP('',(#14687));
#14687 = ORIENTED_EDGE('',*,*,#14450,.T.);
#14688 = FACE_BOUND('',#14689,.T.);
#14689 = EDGE_LOOP('',(#14690,#14691,#14692,#14693,#14694,#14695,#14696)
  );
#14690 = ORIENTED_EDGE('',*,*,#14492,.T.);
#14691 = ORIENTED_EDGE('',*,*,#14524,.T.);
#14692 = ORIENTED_EDGE('',*,*,#14555,.T.);
#14693 = ORIENTED_EDGE('',*,*,#14587,.T.);
#14694 = ORIENTED_EDGE('',*,*,#14619,.T.);
#14695 = ORIENTED_EDGE('',*,*,#14651,.T.);
#14696 = ORIENTED_EDGE('',*,*,#14674,.T.);
#14697 = PLANE('',#14698);
#14698 = AXIS2_PLACEMENT_3D('',#14699,#14700,#14701);
#14699 = CARTESIAN_POINT('',(0.,0.,0.));
#14700 = DIRECTION('',(0.,0.,1.));
#14701 = DIRECTION('',(1.,0.,-0.));
#14702 = ADVANCED_FACE('',(#14703,#14706),#14715,.T.);
#14703 = FACE_BOUND('',#14704,.T.);
#14704 = EDGE_LOOP('',(#14705));
#14705 = ORIENTED_EDGE('',*,*,#14442,.T.);
#14706 = FACE_BOUND('',#14707,.F.);
#14707 = EDGE_LOOP('',(#14708,#14709,#14710,#14711,#14712,#14713,#14714)
  );
#14708 = ORIENTED_EDGE('',*,*,#14475,.T.);
#14709 = ORIENTED_EDGE('',*,*,#14508,.T.);
#14710 = ORIENTED_EDGE('',*,*,#14539,.T.);
#14711 = ORIENTED_EDGE('',*,*,#14570,.T.);
#14712 = ORIENTED_EDGE('',*,*,#14603,.T.);
#14713 = ORIENTED_EDGE('',*,*,#14634,.T.);
#14714 = ORIENTED_EDGE('',*,*,#14667,.T.);
#14715 = PLANE('',#14716);
#14716 = AXIS2_PLACEMENT_3D('',#14717,#14718,#14719);
#14717 = CARTESIAN_POINT('',(0.,0.,1.51));
#14718 = DIRECTION('',(0.,0.,1.));
#14719 = DIRECTION('',(1.,0.,-0.));
#14720 = ( GEOMETRIC_REPRESENTATION_CONTEXT(3) 
GLOBAL_UNCERTAINTY_ASSIGNED_CONTEXT((#14724)) 
GLOBAL_UNIT_ASSIGNED_CONTEXT((#14721,#14722,#14723)) 
REPRESENTATION_CONTEXT('Context #1',
  '3D Context with UNIT and UNCERTAINTY') );
#14721 = ( LENGTH_UNIT() NAMED_UNIT(*) SI_UNIT(.MILLI.,.METRE.) );
#14722 = ( NAMED_UNIT(*) PLANE_ANGLE_UNIT() SI_UNIT($,.RADIAN.) );
#14723 = ( NAMED_UNIT(*) SI_UNIT($,.STERADIAN.) SOLID_ANGLE_UNIT() );
#14724 = UNCERTAINTY_MEASURE_WITH_UNIT(LENGTH_MEASURE(1.E-07),#14721,
  'distance_accuracy_value','confusion accuracy');
#14725 = CONTEXT_DEPENDENT_SHAPE_REPRESENTATION(#14726,#14728);
#14726 = ( REPRESENTATION_RELATIONSHIP('','',#14425,#10) 
REPRESENTATION_RELATIONSHIP_WITH_TRANSFORMATION(#14727) 
SHAPE_REPRESENTATION_RELATIONSHIP() );
#14727 = ITEM_DEFINED_TRANSFORMATION('','',#11,#63);
#14728 = PRODUCT_DEFINITION_SHAPE('Placement','Placement of an item',
  #14729);
#14729 = NEXT_ASSEMBLY_USAGE_OCCURRENCE('22','=>[0:1:1:17]','',#5,#14420
  ,$);
#14730 = PRODUCT_RELATED_PRODUCT_CATEGORY('part',$,(#14422));
#14731 = MECHANICAL_DESIGN_GEOMETRIC_PRESENTATION_REPRESENTATION('',(
    #14732),#6861);
#14732 = STYLED_ITEM('color',(#14733),#6379);
#14733 = PRESENTATION_STYLE_ASSIGNMENT((#14734,#14740));
#14734 = SURFACE_STYLE_USAGE(.BOTH.,#14735);
#14735 = SURFACE_SIDE_STYLE('',(#14736));
#14736 = SURFACE_STYLE_FILL_AREA(#14737);
#14737 = FILL_AREA_STYLE('',(#14738));
#14738 = FILL_AREA_STYLE_COLOUR('',#14739);
#14739 = COLOUR_RGB('',0.388235295535,0.227450982423,0.);
#14740 = CURVE_STYLE('',#14741,POSITIVE_LENGTH_MEASURE(0.1),#14742);
#14741 = DRAUGHTING_PRE_DEFINED_CURVE_FONT('continuous');
#14742 = COLOUR_RGB('',9.803921802644E-02,9.803921802644E-02,
  9.803921802644E-02);
#14743 = MECHANICAL_DESIGN_GEOMETRIC_PRESENTATION_REPRESENTATION('',(
    #14744),#6360);
#14744 = STYLED_ITEM('color',(#14745),#5880);
#14745 = PRESENTATION_STYLE_ASSIGNMENT((#14746,#14752));
#14746 = SURFACE_STYLE_USAGE(.BOTH.,#14747);
#14747 = SURFACE_SIDE_STYLE('',(#14748));
#14748 = SURFACE_STYLE_FILL_AREA(#14749);
#14749 = FILL_AREA_STYLE('',(#14750));
#14750 = FILL_AREA_STYLE_COLOUR('',#14751);
#14751 = COLOUR_RGB('',1.,0.917647049334,0.666666687201);
#14752 = CURVE_STYLE('',#14753,POSITIVE_LENGTH_MEASURE(0.1),#14742);
#14753 = DRAUGHTING_PRE_DEFINED_CURVE_FONT('continuous');
#14754 = MECHANICAL_DESIGN_GEOMETRIC_PRESENTATION_REPRESENTATION('',(
    #14755,#14765,#14774,#14783,#14792,#14801,#14810,#14819,#14828,
    #14837,#14846,#14855,#14864,#14873,#14882,#14892,#14901,#14910,
    #14919,#14928,#14937,#14946,#14955,#14964,#14973,#14982,#14991,
    #15000,#15009,#15018,#15027,#15036,#15045,#15054,#15063,#15072,
    #15081,#15090,#15099,#15108,#15117,#15126,#15135,#15144,#15153,
    #15162,#15171,#15180,#15189,#15198,#15207,#15216,#15225,#15234,
    #15243,#15252,#15261,#15270,#15279,#15288,#15297,#15306,#15315,
    #15324,#15333,#15342,#15351,#15360,#15369,#15378,#15387,#15396,
    #15405,#15414,#15423,#15432,#15441,#15450,#15459,#15468,#15477,
    #15486,#15495,#15504,#15513,#15522,#15531,#15540,#15549,#15558,
    #15567,#15576,#15585,#15594,#15603,#15612,#15621,#15630,#15639,
    #15648,#15657,#15666),#5807);
#14755 = STYLED_ITEM('color',(#14756),#2740);
#14756 = PRESENTATION_STYLE_ASSIGNMENT((#14757,#14763));
#14757 = SURFACE_STYLE_USAGE(.BOTH.,#14758);
#14758 = SURFACE_SIDE_STYLE('',(#14759));
#14759 = SURFACE_STYLE_FILL_AREA(#14760);
#14760 = FILL_AREA_STYLE('',(#14761));
#14761 = FILL_AREA_STYLE_COLOUR('',#14762);
#14762 = COLOUR_RGB('',0.147999998088,0.145000001626,0.145000001626);
#14763 = CURVE_STYLE('',#14764,POSITIVE_LENGTH_MEASURE(0.1),#14762);
#14764 = DRAUGHTING_PRE_DEFINED_CURVE_FONT('continuous');
#14765 = STYLED_ITEM('color',(#14766),#2778);
#14766 = PRESENTATION_STYLE_ASSIGNMENT((#14767,#14772));
#14767 = SURFACE_STYLE_USAGE(.BOTH.,#14768);
#14768 = SURFACE_SIDE_STYLE('',(#14769));
#14769 = SURFACE_STYLE_FILL_AREA(#14770);
#14770 = FILL_AREA_STYLE('',(#14771));
#14771 = FILL_AREA_STYLE_COLOUR('',#14762);
#14772 = CURVE_STYLE('',#14773,POSITIVE_LENGTH_MEASURE(0.1),#14762);
#14773 = DRAUGHTING_PRE_DEFINED_CURVE_FONT('continuous');
#14774 = STYLED_ITEM('color',(#14775),#2841);
#14775 = PRESENTATION_STYLE_ASSIGNMENT((#14776,#14781));
#14776 = SURFACE_STYLE_USAGE(.BOTH.,#14777);
#14777 = SURFACE_SIDE_STYLE('',(#14778));
#14778 = SURFACE_STYLE_FILL_AREA(#14779);
#14779 = FILL_AREA_STYLE('',(#14780));
#14780 = FILL_AREA_STYLE_COLOUR('',#14762);
#14781 = CURVE_STYLE('',#14782,POSITIVE_LENGTH_MEASURE(0.1),#14762);
#14782 = DRAUGHTING_PRE_DEFINED_CURVE_FONT('continuous');
#14783 = STYLED_ITEM('color',(#14784),#2864);
#14784 = PRESENTATION_STYLE_ASSIGNMENT((#14785,#14790));
#14785 = SURFACE_STYLE_USAGE(.BOTH.,#14786);
#14786 = SURFACE_SIDE_STYLE('',(#14787));
#14787 = SURFACE_STYLE_FILL_AREA(#14788);
#14788 = FILL_AREA_STYLE('',(#14789));
#14789 = FILL_AREA_STYLE_COLOUR('',#14762);
#14790 = CURVE_STYLE('',#14791,POSITIVE_LENGTH_MEASURE(0.1),#14762);
#14791 = DRAUGHTING_PRE_DEFINED_CURVE_FONT('continuous');
#14792 = STYLED_ITEM('color',(#14793),#2893);
#14793 = PRESENTATION_STYLE_ASSIGNMENT((#14794,#14799));
#14794 = SURFACE_STYLE_USAGE(.BOTH.,#14795);
#14795 = SURFACE_SIDE_STYLE('',(#14796));
#14796 = SURFACE_STYLE_FILL_AREA(#14797);
#14797 = FILL_AREA_STYLE('',(#14798));
#14798 = FILL_AREA_STYLE_COLOUR('',#14762);
#14799 = CURVE_STYLE('',#14800,POSITIVE_LENGTH_MEASURE(0.1),#14762);
#14800 = DRAUGHTING_PRE_DEFINED_CURVE_FONT('continuous');
#14801 = STYLED_ITEM('color',(#14802),#2916);
#14802 = PRESENTATION_STYLE_ASSIGNMENT((#14803,#14808));
#14803 = SURFACE_STYLE_USAGE(.BOTH.,#14804);
#14804 = SURFACE_SIDE_STYLE('',(#14805));
#14805 = SURFACE_STYLE_FILL_AREA(#14806);
#14806 = FILL_AREA_STYLE('',(#14807));
#14807 = FILL_AREA_STYLE_COLOUR('',#14762);
#14808 = CURVE_STYLE('',#14809,POSITIVE_LENGTH_MEASURE(0.1),#14762);
#14809 = DRAUGHTING_PRE_DEFINED_CURVE_FONT('continuous');
#14810 = STYLED_ITEM('color',(#14811),#2987);
#14811 = PRESENTATION_STYLE_ASSIGNMENT((#14812,#14817));
#14812 = SURFACE_STYLE_USAGE(.BOTH.,#14813);
#14813 = SURFACE_SIDE_STYLE('',(#14814));
#14814 = SURFACE_STYLE_FILL_AREA(#14815);
#14815 = FILL_AREA_STYLE('',(#14816));
#14816 = FILL_AREA_STYLE_COLOUR('',#14762);
#14817 = CURVE_STYLE('',#14818,POSITIVE_LENGTH_MEASURE(0.1),#14762);
#14818 = DRAUGHTING_PRE_DEFINED_CURVE_FONT('continuous');
#14819 = STYLED_ITEM('color',(#14820),#3042);
#14820 = PRESENTATION_STYLE_ASSIGNMENT((#14821,#14826));
#14821 = SURFACE_STYLE_USAGE(.BOTH.,#14822);
#14822 = SURFACE_SIDE_STYLE('',(#14823));
#14823 = SURFACE_STYLE_FILL_AREA(#14824);
#14824 = FILL_AREA_STYLE('',(#14825));
#14825 = FILL_AREA_STYLE_COLOUR('',#14762);
#14826 = CURVE_STYLE('',#14827,POSITIVE_LENGTH_MEASURE(0.1),#14762);
#14827 = DRAUGHTING_PRE_DEFINED_CURVE_FONT('continuous');
#14828 = STYLED_ITEM('color',(#14829),#3065);
#14829 = PRESENTATION_STYLE_ASSIGNMENT((#14830,#14835));
#14830 = SURFACE_STYLE_USAGE(.BOTH.,#14831);
#14831 = SURFACE_SIDE_STYLE('',(#14832));
#14832 = SURFACE_STYLE_FILL_AREA(#14833);
#14833 = FILL_AREA_STYLE('',(#14834));
#14834 = FILL_AREA_STYLE_COLOUR('',#14762);
#14835 = CURVE_STYLE('',#14836,POSITIVE_LENGTH_MEASURE(0.1),#14762);
#14836 = DRAUGHTING_PRE_DEFINED_CURVE_FONT('continuous');
#14837 = STYLED_ITEM('color',(#14838),#3088);
#14838 = PRESENTATION_STYLE_ASSIGNMENT((#14839,#14844));
#14839 = SURFACE_STYLE_USAGE(.BOTH.,#14840);
#14840 = SURFACE_SIDE_STYLE('',(#14841));
#14841 = SURFACE_STYLE_FILL_AREA(#14842);
#14842 = FILL_AREA_STYLE('',(#14843));
#14843 = FILL_AREA_STYLE_COLOUR('',#14762);
#14844 = CURVE_STYLE('',#14845,POSITIVE_LENGTH_MEASURE(0.1),#14762);
#14845 = DRAUGHTING_PRE_DEFINED_CURVE_FONT('continuous');
#14846 = STYLED_ITEM('color',(#14847),#3105);
#14847 = PRESENTATION_STYLE_ASSIGNMENT((#14848,#14853));
#14848 = SURFACE_STYLE_USAGE(.BOTH.,#14849);
#14849 = SURFACE_SIDE_STYLE('',(#14850));
#14850 = SURFACE_STYLE_FILL_AREA(#14851);
#14851 = FILL_AREA_STYLE('',(#14852));
#14852 = FILL_AREA_STYLE_COLOUR('',#14762);
#14853 = CURVE_STYLE('',#14854,POSITIVE_LENGTH_MEASURE(0.1),#14762);
#14854 = DRAUGHTING_PRE_DEFINED_CURVE_FONT('continuous');
#14855 = STYLED_ITEM('color',(#14856),#3128);
#14856 = PRESENTATION_STYLE_ASSIGNMENT((#14857,#14862));
#14857 = SURFACE_STYLE_USAGE(.BOTH.,#14858);
#14858 = SURFACE_SIDE_STYLE('',(#14859));
#14859 = SURFACE_STYLE_FILL_AREA(#14860);
#14860 = FILL_AREA_STYLE('',(#14861));
#14861 = FILL_AREA_STYLE_COLOUR('',#14762);
#14862 = CURVE_STYLE('',#14863,POSITIVE_LENGTH_MEASURE(0.1),#14762);
#14863 = DRAUGHTING_PRE_DEFINED_CURVE_FONT('continuous');
#14864 = STYLED_ITEM('color',(#14865),#3216);
#14865 = PRESENTATION_STYLE_ASSIGNMENT((#14866,#14871));
#14866 = SURFACE_STYLE_USAGE(.BOTH.,#14867);
#14867 = SURFACE_SIDE_STYLE('',(#14868));
#14868 = SURFACE_STYLE_FILL_AREA(#14869);
#14869 = FILL_AREA_STYLE('',(#14870));
#14870 = FILL_AREA_STYLE_COLOUR('',#14762);
#14871 = CURVE_STYLE('',#14872,POSITIVE_LENGTH_MEASURE(0.1),#14762);
#14872 = DRAUGHTING_PRE_DEFINED_CURVE_FONT('continuous');
#14873 = STYLED_ITEM('color',(#14874),#3232);
#14874 = PRESENTATION_STYLE_ASSIGNMENT((#14875,#14880));
#14875 = SURFACE_STYLE_USAGE(.BOTH.,#14876);
#14876 = SURFACE_SIDE_STYLE('',(#14877));
#14877 = SURFACE_STYLE_FILL_AREA(#14878);
#14878 = FILL_AREA_STYLE('',(#14879));
#14879 = FILL_AREA_STYLE_COLOUR('',#14762);
#14880 = CURVE_STYLE('',#14881,POSITIVE_LENGTH_MEASURE(0.1),#14762);
#14881 = DRAUGHTING_PRE_DEFINED_CURVE_FONT('continuous');
#14882 = STYLED_ITEM('color',(#14883),#3262);
#14883 = PRESENTATION_STYLE_ASSIGNMENT((#14884,#14890));
#14884 = SURFACE_STYLE_USAGE(.BOTH.,#14885);
#14885 = SURFACE_SIDE_STYLE('',(#14886));
#14886 = SURFACE_STYLE_FILL_AREA(#14887);
#14887 = FILL_AREA_STYLE('',(#14888));
#14888 = FILL_AREA_STYLE_COLOUR('',#14889);
#14889 = COLOUR_RGB('',0.823999987314,0.819999987296,0.781000009244);
#14890 = CURVE_STYLE('',#14891,POSITIVE_LENGTH_MEASURE(0.1),#14889);
#14891 = DRAUGHTING_PRE_DEFINED_CURVE_FONT('continuous');
#14892 = STYLED_ITEM('color',(#14893),#3293);
#14893 = PRESENTATION_STYLE_ASSIGNMENT((#14894,#14899));
#14894 = SURFACE_STYLE_USAGE(.BOTH.,#14895);
#14895 = SURFACE_SIDE_STYLE('',(#14896));
#14896 = SURFACE_STYLE_FILL_AREA(#14897);
#14897 = FILL_AREA_STYLE('',(#14898));
#14898 = FILL_AREA_STYLE_COLOUR('',#14762);
#14899 = CURVE_STYLE('',#14900,POSITIVE_LENGTH_MEASURE(0.1),#14762);
#14900 = DRAUGHTING_PRE_DEFINED_CURVE_FONT('continuous');
#14901 = STYLED_ITEM('color',(#14902),#3324);
#14902 = PRESENTATION_STYLE_ASSIGNMENT((#14903,#14908));
#14903 = SURFACE_STYLE_USAGE(.BOTH.,#14904);
#14904 = SURFACE_SIDE_STYLE('',(#14905));
#14905 = SURFACE_STYLE_FILL_AREA(#14906);
#14906 = FILL_AREA_STYLE('',(#14907));
#14907 = FILL_AREA_STYLE_COLOUR('',#14889);
#14908 = CURVE_STYLE('',#14909,POSITIVE_LENGTH_MEASURE(0.1),#14889);
#14909 = DRAUGHTING_PRE_DEFINED_CURVE_FONT('continuous');
#14910 = STYLED_ITEM('color',(#14911),#3355);
#14911 = PRESENTATION_STYLE_ASSIGNMENT((#14912,#14917));
#14912 = SURFACE_STYLE_USAGE(.BOTH.,#14913);
#14913 = SURFACE_SIDE_STYLE('',(#14914));
#14914 = SURFACE_STYLE_FILL_AREA(#14915);
#14915 = FILL_AREA_STYLE('',(#14916));
#14916 = FILL_AREA_STYLE_COLOUR('',#14762);
#14917 = CURVE_STYLE('',#14918,POSITIVE_LENGTH_MEASURE(0.1),#14762);
#14918 = DRAUGHTING_PRE_DEFINED_CURVE_FONT('continuous');
#14919 = STYLED_ITEM('color',(#14920),#3386);
#14920 = PRESENTATION_STYLE_ASSIGNMENT((#14921,#14926));
#14921 = SURFACE_STYLE_USAGE(.BOTH.,#14922);
#14922 = SURFACE_SIDE_STYLE('',(#14923));
#14923 = SURFACE_STYLE_FILL_AREA(#14924);
#14924 = FILL_AREA_STYLE('',(#14925));
#14925 = FILL_AREA_STYLE_COLOUR('',#14889);
#14926 = CURVE_STYLE('',#14927,POSITIVE_LENGTH_MEASURE(0.1),#14889);
#14927 = DRAUGHTING_PRE_DEFINED_CURVE_FONT('continuous');
#14928 = STYLED_ITEM('color',(#14929),#3417);
#14929 = PRESENTATION_STYLE_ASSIGNMENT((#14930,#14935));
#14930 = SURFACE_STYLE_USAGE(.BOTH.,#14931);
#14931 = SURFACE_SIDE_STYLE('',(#14932));
#14932 = SURFACE_STYLE_FILL_AREA(#14933);
#14933 = FILL_AREA_STYLE('',(#14934));
#14934 = FILL_AREA_STYLE_COLOUR('',#14762);
#14935 = CURVE_STYLE('',#14936,POSITIVE_LENGTH_MEASURE(0.1),#14762);
#14936 = DRAUGHTING_PRE_DEFINED_CURVE_FONT('continuous');
#14937 = STYLED_ITEM('color',(#14938),#3434);
#14938 = PRESENTATION_STYLE_ASSIGNMENT((#14939,#14944));
#14939 = SURFACE_STYLE_USAGE(.BOTH.,#14940);
#14940 = SURFACE_SIDE_STYLE('',(#14941));
#14941 = SURFACE_STYLE_FILL_AREA(#14942);
#14942 = FILL_AREA_STYLE('',(#14943));
#14943 = FILL_AREA_STYLE_COLOUR('',#14762);
#14944 = CURVE_STYLE('',#14945,POSITIVE_LENGTH_MEASURE(0.1),#14762);
#14945 = DRAUGHTING_PRE_DEFINED_CURVE_FONT('continuous');
#14946 = STYLED_ITEM('color',(#14947),#3451);
#14947 = PRESENTATION_STYLE_ASSIGNMENT((#14948,#14953));
#14948 = SURFACE_STYLE_USAGE(.BOTH.,#14949);
#14949 = SURFACE_SIDE_STYLE('',(#14950));
#14950 = SURFACE_STYLE_FILL_AREA(#14951);
#14951 = FILL_AREA_STYLE('',(#14952));
#14952 = FILL_AREA_STYLE_COLOUR('',#14889);
#14953 = CURVE_STYLE('',#14954,POSITIVE_LENGTH_MEASURE(0.1),#14889);
#14954 = DRAUGHTING_PRE_DEFINED_CURVE_FONT('continuous');
#14955 = STYLED_ITEM('color',(#14956),#3482);
#14956 = PRESENTATION_STYLE_ASSIGNMENT((#14957,#14962));
#14957 = SURFACE_STYLE_USAGE(.BOTH.,#14958);
#14958 = SURFACE_SIDE_STYLE('',(#14959));
#14959 = SURFACE_STYLE_FILL_AREA(#14960);
#14960 = FILL_AREA_STYLE('',(#14961));
#14961 = FILL_AREA_STYLE_COLOUR('',#14762);
#14962 = CURVE_STYLE('',#14963,POSITIVE_LENGTH_MEASURE(0.1),#14762);
#14963 = DRAUGHTING_PRE_DEFINED_CURVE_FONT('continuous');
#14964 = STYLED_ITEM('color',(#14965),#3513);
#14965 = PRESENTATION_STYLE_ASSIGNMENT((#14966,#14971));
#14966 = SURFACE_STYLE_USAGE(.BOTH.,#14967);
#14967 = SURFACE_SIDE_STYLE('',(#14968));
#14968 = SURFACE_STYLE_FILL_AREA(#14969);
#14969 = FILL_AREA_STYLE('',(#14970));
#14970 = FILL_AREA_STYLE_COLOUR('',#14889);
#14971 = CURVE_STYLE('',#14972,POSITIVE_LENGTH_MEASURE(0.1),#14889);
#14972 = DRAUGHTING_PRE_DEFINED_CURVE_FONT('continuous');
#14973 = STYLED_ITEM('color',(#14974),#3544);
#14974 = PRESENTATION_STYLE_ASSIGNMENT((#14975,#14980));
#14975 = SURFACE_STYLE_USAGE(.BOTH.,#14976);
#14976 = SURFACE_SIDE_STYLE('',(#14977));
#14977 = SURFACE_STYLE_FILL_AREA(#14978);
#14978 = FILL_AREA_STYLE('',(#14979));
#14979 = FILL_AREA_STYLE_COLOUR('',#14762);
#14980 = CURVE_STYLE('',#14981,POSITIVE_LENGTH_MEASURE(0.1),#14762);
#14981 = DRAUGHTING_PRE_DEFINED_CURVE_FONT('continuous');
#14982 = STYLED_ITEM('color',(#14983),#3574);
#14983 = PRESENTATION_STYLE_ASSIGNMENT((#14984,#14989));
#14984 = SURFACE_STYLE_USAGE(.BOTH.,#14985);
#14985 = SURFACE_SIDE_STYLE('',(#14986));
#14986 = SURFACE_STYLE_FILL_AREA(#14987);
#14987 = FILL_AREA_STYLE('',(#14988));
#14988 = FILL_AREA_STYLE_COLOUR('',#14762);
#14989 = CURVE_STYLE('',#14990,POSITIVE_LENGTH_MEASURE(0.1),#14762);
#14990 = DRAUGHTING_PRE_DEFINED_CURVE_FONT('continuous');
#14991 = STYLED_ITEM('color',(#14992),#3597);
#14992 = PRESENTATION_STYLE_ASSIGNMENT((#14993,#14998));
#14993 = SURFACE_STYLE_USAGE(.BOTH.,#14994);
#14994 = SURFACE_SIDE_STYLE('',(#14995));
#14995 = SURFACE_STYLE_FILL_AREA(#14996);
#14996 = FILL_AREA_STYLE('',(#14997));
#14997 = FILL_AREA_STYLE_COLOUR('',#14762);
#14998 = CURVE_STYLE('',#14999,POSITIVE_LENGTH_MEASURE(0.1),#14762);
#14999 = DRAUGHTING_PRE_DEFINED_CURVE_FONT('continuous');
#15000 = STYLED_ITEM('color',(#15001),#3620);
#15001 = PRESENTATION_STYLE_ASSIGNMENT((#15002,#15007));
#15002 = SURFACE_STYLE_USAGE(.BOTH.,#15003);
#15003 = SURFACE_SIDE_STYLE('',(#15004));
#15004 = SURFACE_STYLE_FILL_AREA(#15005);
#15005 = FILL_AREA_STYLE('',(#15006));
#15006 = FILL_AREA_STYLE_COLOUR('',#14762);
#15007 = CURVE_STYLE('',#15008,POSITIVE_LENGTH_MEASURE(0.1),#14762);
#15008 = DRAUGHTING_PRE_DEFINED_CURVE_FONT('continuous');
#15009 = STYLED_ITEM('color',(#15010),#3637);
#15010 = PRESENTATION_STYLE_ASSIGNMENT((#15011,#15016));
#15011 = SURFACE_STYLE_USAGE(.BOTH.,#15012);
#15012 = SURFACE_SIDE_STYLE('',(#15013));
#15013 = SURFACE_STYLE_FILL_AREA(#15014);
#15014 = FILL_AREA_STYLE('',(#15015));
#15015 = FILL_AREA_STYLE_COLOUR('',#14889);
#15016 = CURVE_STYLE('',#15017,POSITIVE_LENGTH_MEASURE(0.1),#14889);
#15017 = DRAUGHTING_PRE_DEFINED_CURVE_FONT('continuous');
#15018 = STYLED_ITEM('color',(#15019),#3682);
#15019 = PRESENTATION_STYLE_ASSIGNMENT((#15020,#15025));
#15020 = SURFACE_STYLE_USAGE(.BOTH.,#15021);
#15021 = SURFACE_SIDE_STYLE('',(#15022));
#15022 = SURFACE_STYLE_FILL_AREA(#15023);
#15023 = FILL_AREA_STYLE('',(#15024));
#15024 = FILL_AREA_STYLE_COLOUR('',#14762);
#15025 = CURVE_STYLE('',#15026,POSITIVE_LENGTH_MEASURE(0.1),#14762);
#15026 = DRAUGHTING_PRE_DEFINED_CURVE_FONT('continuous');
#15027 = STYLED_ITEM('color',(#15028),#3752);
#15028 = PRESENTATION_STYLE_ASSIGNMENT((#15029,#15034));
#15029 = SURFACE_STYLE_USAGE(.BOTH.,#15030);
#15030 = SURFACE_SIDE_STYLE('',(#15031));
#15031 = SURFACE_STYLE_FILL_AREA(#15032);
#15032 = FILL_AREA_STYLE('',(#15033));
#15033 = FILL_AREA_STYLE_COLOUR('',#14762);
#15034 = CURVE_STYLE('',#15035,POSITIVE_LENGTH_MEASURE(0.1),#14762);
#15035 = DRAUGHTING_PRE_DEFINED_CURVE_FONT('continuous');
#15036 = STYLED_ITEM('color',(#15037),#3775);
#15037 = PRESENTATION_STYLE_ASSIGNMENT((#15038,#15043));
#15038 = SURFACE_STYLE_USAGE(.BOTH.,#15039);
#15039 = SURFACE_SIDE_STYLE('',(#15040));
#15040 = SURFACE_STYLE_FILL_AREA(#15041);
#15041 = FILL_AREA_STYLE('',(#15042));
#15042 = FILL_AREA_STYLE_COLOUR('',#14762);
#15043 = CURVE_STYLE('',#15044,POSITIVE_LENGTH_MEASURE(0.1),#14762);
#15044 = DRAUGHTING_PRE_DEFINED_CURVE_FONT('continuous');
#15045 = STYLED_ITEM('color',(#15046),#3798);
#15046 = PRESENTATION_STYLE_ASSIGNMENT((#15047,#15052));
#15047 = SURFACE_STYLE_USAGE(.BOTH.,#15048);
#15048 = SURFACE_SIDE_STYLE('',(#15049));
#15049 = SURFACE_STYLE_FILL_AREA(#15050);
#15050 = FILL_AREA_STYLE('',(#15051));
#15051 = FILL_AREA_STYLE_COLOUR('',#14762);
#15052 = CURVE_STYLE('',#15053,POSITIVE_LENGTH_MEASURE(0.1),#14762);
#15053 = DRAUGHTING_PRE_DEFINED_CURVE_FONT('continuous');
#15054 = STYLED_ITEM('color',(#15055),#3821);
#15055 = PRESENTATION_STYLE_ASSIGNMENT((#15056,#15061));
#15056 = SURFACE_STYLE_USAGE(.BOTH.,#15057);
#15057 = SURFACE_SIDE_STYLE('',(#15058));
#15058 = SURFACE_STYLE_FILL_AREA(#15059);
#15059 = FILL_AREA_STYLE('',(#15060));
#15060 = FILL_AREA_STYLE_COLOUR('',#14762);
#15061 = CURVE_STYLE('',#15062,POSITIVE_LENGTH_MEASURE(0.1),#14762);
#15062 = DRAUGHTING_PRE_DEFINED_CURVE_FONT('continuous');
#15063 = STYLED_ITEM('color',(#15064),#3876);
#15064 = PRESENTATION_STYLE_ASSIGNMENT((#15065,#15070));
#15065 = SURFACE_STYLE_USAGE(.BOTH.,#15066);
#15066 = SURFACE_SIDE_STYLE('',(#15067));
#15067 = SURFACE_STYLE_FILL_AREA(#15068);
#15068 = FILL_AREA_STYLE('',(#15069));
#15069 = FILL_AREA_STYLE_COLOUR('',#14889);
#15070 = CURVE_STYLE('',#15071,POSITIVE_LENGTH_MEASURE(0.1),#14889);
#15071 = DRAUGHTING_PRE_DEFINED_CURVE_FONT('continuous');
#15072 = STYLED_ITEM('color',(#15073),#3914);
#15073 = PRESENTATION_STYLE_ASSIGNMENT((#15074,#15079));
#15074 = SURFACE_STYLE_USAGE(.BOTH.,#15075);
#15075 = SURFACE_SIDE_STYLE('',(#15076));
#15076 = SURFACE_STYLE_FILL_AREA(#15077);
#15077 = FILL_AREA_STYLE('',(#15078));
#15078 = FILL_AREA_STYLE_COLOUR('',#14762);
#15079 = CURVE_STYLE('',#15080,POSITIVE_LENGTH_MEASURE(0.1),#14762);
#15080 = DRAUGHTING_PRE_DEFINED_CURVE_FONT('continuous');
#15081 = STYLED_ITEM('color',(#15082),#3963);
#15082 = PRESENTATION_STYLE_ASSIGNMENT((#15083,#15088));
#15083 = SURFACE_STYLE_USAGE(.BOTH.,#15084);
#15084 = SURFACE_SIDE_STYLE('',(#15085));
#15085 = SURFACE_STYLE_FILL_AREA(#15086);
#15086 = FILL_AREA_STYLE('',(#15087));
#15087 = FILL_AREA_STYLE_COLOUR('',#14889);
#15088 = CURVE_STYLE('',#15089,POSITIVE_LENGTH_MEASURE(0.1),#14889);
#15089 = DRAUGHTING_PRE_DEFINED_CURVE_FONT('continuous');
#15090 = STYLED_ITEM('color',(#15091),#4055);
#15091 = PRESENTATION_STYLE_ASSIGNMENT((#15092,#15097));
#15092 = SURFACE_STYLE_USAGE(.BOTH.,#15093);
#15093 = SURFACE_SIDE_STYLE('',(#15094));
#15094 = SURFACE_STYLE_FILL_AREA(#15095);
#15095 = FILL_AREA_STYLE('',(#15096));
#15096 = FILL_AREA_STYLE_COLOUR('',#14889);
#15097 = CURVE_STYLE('',#15098,POSITIVE_LENGTH_MEASURE(0.1),#14889);
#15098 = DRAUGHTING_PRE_DEFINED_CURVE_FONT('continuous');
#15099 = STYLED_ITEM('color',(#15100),#4080);
#15100 = PRESENTATION_STYLE_ASSIGNMENT((#15101,#15106));
#15101 = SURFACE_STYLE_USAGE(.BOTH.,#15102);
#15102 = SURFACE_SIDE_STYLE('',(#15103));
#15103 = SURFACE_STYLE_FILL_AREA(#15104);
#15104 = FILL_AREA_STYLE('',(#15105));
#15105 = FILL_AREA_STYLE_COLOUR('',#14889);
#15106 = CURVE_STYLE('',#15107,POSITIVE_LENGTH_MEASURE(0.1),#14889);
#15107 = DRAUGHTING_PRE_DEFINED_CURVE_FONT('continuous');
#15108 = STYLED_ITEM('color',(#15109),#4164);
#15109 = PRESENTATION_STYLE_ASSIGNMENT((#15110,#15115));
#15110 = SURFACE_STYLE_USAGE(.BOTH.,#15111);
#15111 = SURFACE_SIDE_STYLE('',(#15112));
#15112 = SURFACE_STYLE_FILL_AREA(#15113);
#15113 = FILL_AREA_STYLE('',(#15114));
#15114 = FILL_AREA_STYLE_COLOUR('',#14762);
#15115 = CURVE_STYLE('',#15116,POSITIVE_LENGTH_MEASURE(0.1),#14762);
#15116 = DRAUGHTING_PRE_DEFINED_CURVE_FONT('continuous');
#15117 = STYLED_ITEM('color',(#15118),#4186);
#15118 = PRESENTATION_STYLE_ASSIGNMENT((#15119,#15124));
#15119 = SURFACE_STYLE_USAGE(.BOTH.,#15120);
#15120 = SURFACE_SIDE_STYLE('',(#15121));
#15121 = SURFACE_STYLE_FILL_AREA(#15122);
#15122 = FILL_AREA_STYLE('',(#15123));
#15123 = FILL_AREA_STYLE_COLOUR('',#14889);
#15124 = CURVE_STYLE('',#15125,POSITIVE_LENGTH_MEASURE(0.1),#14889);
#15125 = DRAUGHTING_PRE_DEFINED_CURVE_FONT('continuous');
#15126 = STYLED_ITEM('color',(#15127),#4278);
#15127 = PRESENTATION_STYLE_ASSIGNMENT((#15128,#15133));
#15128 = SURFACE_STYLE_USAGE(.BOTH.,#15129);
#15129 = SURFACE_SIDE_STYLE('',(#15130));
#15130 = SURFACE_STYLE_FILL_AREA(#15131);
#15131 = FILL_AREA_STYLE('',(#15132));
#15132 = FILL_AREA_STYLE_COLOUR('',#14889);
#15133 = CURVE_STYLE('',#15134,POSITIVE_LENGTH_MEASURE(0.1),#14889);
#15134 = DRAUGHTING_PRE_DEFINED_CURVE_FONT('continuous');
#15135 = STYLED_ITEM('color',(#15136),#4303);
#15136 = PRESENTATION_STYLE_ASSIGNMENT((#15137,#15142));
#15137 = SURFACE_STYLE_USAGE(.BOTH.,#15138);
#15138 = SURFACE_SIDE_STYLE('',(#15139));
#15139 = SURFACE_STYLE_FILL_AREA(#15140);
#15140 = FILL_AREA_STYLE('',(#15141));
#15141 = FILL_AREA_STYLE_COLOUR('',#14889);
#15142 = CURVE_STYLE('',#15143,POSITIVE_LENGTH_MEASURE(0.1),#14889);
#15143 = DRAUGHTING_PRE_DEFINED_CURVE_FONT('continuous');
#15144 = STYLED_ITEM('color',(#15145),#4387);
#15145 = PRESENTATION_STYLE_ASSIGNMENT((#15146,#15151));
#15146 = SURFACE_STYLE_USAGE(.BOTH.,#15147);
#15147 = SURFACE_SIDE_STYLE('',(#15148));
#15148 = SURFACE_STYLE_FILL_AREA(#15149);
#15149 = FILL_AREA_STYLE('',(#15150));
#15150 = FILL_AREA_STYLE_COLOUR('',#14762);
#15151 = CURVE_STYLE('',#15152,POSITIVE_LENGTH_MEASURE(0.1),#14762);
#15152 = DRAUGHTING_PRE_DEFINED_CURVE_FONT('continuous');
#15153 = STYLED_ITEM('color',(#15154),#4404);
#15154 = PRESENTATION_STYLE_ASSIGNMENT((#15155,#15160));
#15155 = SURFACE_STYLE_USAGE(.BOTH.,#15156);
#15156 = SURFACE_SIDE_STYLE('',(#15157));
#15157 = SURFACE_STYLE_FILL_AREA(#15158);
#15158 = FILL_AREA_STYLE('',(#15159));
#15159 = FILL_AREA_STYLE_COLOUR('',#14889);
#15160 = CURVE_STYLE('',#15161,POSITIVE_LENGTH_MEASURE(0.1),#14889);
#15161 = DRAUGHTING_PRE_DEFINED_CURVE_FONT('continuous');
#15162 = STYLED_ITEM('color',(#15163),#4489);
#15163 = PRESENTATION_STYLE_ASSIGNMENT((#15164,#15169));
#15164 = SURFACE_STYLE_USAGE(.BOTH.,#15165);
#15165 = SURFACE_SIDE_STYLE('',(#15166));
#15166 = SURFACE_STYLE_FILL_AREA(#15167);
#15167 = FILL_AREA_STYLE('',(#15168));
#15168 = FILL_AREA_STYLE_COLOUR('',#14889);
#15169 = CURVE_STYLE('',#15170,POSITIVE_LENGTH_MEASURE(0.1),#14889);
#15170 = DRAUGHTING_PRE_DEFINED_CURVE_FONT('continuous');
#15171 = STYLED_ITEM('color',(#15172),#4514);
#15172 = PRESENTATION_STYLE_ASSIGNMENT((#15173,#15178));
#15173 = SURFACE_STYLE_USAGE(.BOTH.,#15174);
#15174 = SURFACE_SIDE_STYLE('',(#15175));
#15175 = SURFACE_STYLE_FILL_AREA(#15176);
#15176 = FILL_AREA_STYLE('',(#15177));
#15177 = FILL_AREA_STYLE_COLOUR('',#14889);
#15178 = CURVE_STYLE('',#15179,POSITIVE_LENGTH_MEASURE(0.1),#14889);
#15179 = DRAUGHTING_PRE_DEFINED_CURVE_FONT('continuous');
#15180 = STYLED_ITEM('color',(#15181),#4591);
#15181 = PRESENTATION_STYLE_ASSIGNMENT((#15182,#15187));
#15182 = SURFACE_STYLE_USAGE(.BOTH.,#15183);
#15183 = SURFACE_SIDE_STYLE('',(#15184));
#15184 = SURFACE_STYLE_FILL_AREA(#15185);
#15185 = FILL_AREA_STYLE('',(#15186));
#15186 = FILL_AREA_STYLE_COLOUR('',#14889);
#15187 = CURVE_STYLE('',#15188,POSITIVE_LENGTH_MEASURE(0.1),#14889);
#15188 = DRAUGHTING_PRE_DEFINED_CURVE_FONT('continuous');
#15189 = STYLED_ITEM('color',(#15190),#4676);
#15190 = PRESENTATION_STYLE_ASSIGNMENT((#15191,#15196));
#15191 = SURFACE_STYLE_USAGE(.BOTH.,#15192);
#15192 = SURFACE_SIDE_STYLE('',(#15193));
#15193 = SURFACE_STYLE_FILL_AREA(#15194);
#15194 = FILL_AREA_STYLE('',(#15195));
#15195 = FILL_AREA_STYLE_COLOUR('',#14889);
#15196 = CURVE_STYLE('',#15197,POSITIVE_LENGTH_MEASURE(0.1),#14889);
#15197 = DRAUGHTING_PRE_DEFINED_CURVE_FONT('continuous');
#15198 = STYLED_ITEM('color',(#15199),#4701);
#15199 = PRESENTATION_STYLE_ASSIGNMENT((#15200,#15205));
#15200 = SURFACE_STYLE_USAGE(.BOTH.,#15201);
#15201 = SURFACE_SIDE_STYLE('',(#15202));
#15202 = SURFACE_STYLE_FILL_AREA(#15203);
#15203 = FILL_AREA_STYLE('',(#15204));
#15204 = FILL_AREA_STYLE_COLOUR('',#14889);
#15205 = CURVE_STYLE('',#15206,POSITIVE_LENGTH_MEASURE(0.1),#14889);
#15206 = DRAUGHTING_PRE_DEFINED_CURVE_FONT('continuous');
#15207 = STYLED_ITEM('color',(#15208),#4778);
#15208 = PRESENTATION_STYLE_ASSIGNMENT((#15209,#15214));
#15209 = SURFACE_STYLE_USAGE(.BOTH.,#15210);
#15210 = SURFACE_SIDE_STYLE('',(#15211));
#15211 = SURFACE_STYLE_FILL_AREA(#15212);
#15212 = FILL_AREA_STYLE('',(#15213));
#15213 = FILL_AREA_STYLE_COLOUR('',#14762);
#15214 = CURVE_STYLE('',#15215,POSITIVE_LENGTH_MEASURE(0.1),#14762);
#15215 = DRAUGHTING_PRE_DEFINED_CURVE_FONT('continuous');
#15216 = STYLED_ITEM('color',(#15217),#4795);
#15217 = PRESENTATION_STYLE_ASSIGNMENT((#15218,#15223));
#15218 = SURFACE_STYLE_USAGE(.BOTH.,#15219);
#15219 = SURFACE_SIDE_STYLE('',(#15220));
#15220 = SURFACE_STYLE_FILL_AREA(#15221);
#15221 = FILL_AREA_STYLE('',(#15222));
#15222 = FILL_AREA_STYLE_COLOUR('',#14889);
#15223 = CURVE_STYLE('',#15224,POSITIVE_LENGTH_MEASURE(0.1),#14889);
#15224 = DRAUGHTING_PRE_DEFINED_CURVE_FONT('continuous');
#15225 = STYLED_ITEM('color',(#15226),#4887);
#15226 = PRESENTATION_STYLE_ASSIGNMENT((#15227,#15232));
#15227 = SURFACE_STYLE_USAGE(.BOTH.,#15228);
#15228 = SURFACE_SIDE_STYLE('',(#15229));
#15229 = SURFACE_STYLE_FILL_AREA(#15230);
#15230 = FILL_AREA_STYLE('',(#15231));
#15231 = FILL_AREA_STYLE_COLOUR('',#14889);
#15232 = CURVE_STYLE('',#15233,POSITIVE_LENGTH_MEASURE(0.1),#14889);
#15233 = DRAUGHTING_PRE_DEFINED_CURVE_FONT('continuous');
#15234 = STYLED_ITEM('color',(#15235),#4912);
#15235 = PRESENTATION_STYLE_ASSIGNMENT((#15236,#15241));
#15236 = SURFACE_STYLE_USAGE(.BOTH.,#15237);
#15237 = SURFACE_SIDE_STYLE('',(#15238));
#15238 = SURFACE_STYLE_FILL_AREA(#15239);
#15239 = FILL_AREA_STYLE('',(#15240));
#15240 = FILL_AREA_STYLE_COLOUR('',#14889);
#15241 = CURVE_STYLE('',#15242,POSITIVE_LENGTH_MEASURE(0.1),#14889);
#15242 = DRAUGHTING_PRE_DEFINED_CURVE_FONT('continuous');
#15243 = STYLED_ITEM('color',(#15244),#4996);
#15244 = PRESENTATION_STYLE_ASSIGNMENT((#15245,#15250));
#15245 = SURFACE_STYLE_USAGE(.BOTH.,#15246);
#15246 = SURFACE_SIDE_STYLE('',(#15247));
#15247 = SURFACE_STYLE_FILL_AREA(#15248);
#15248 = FILL_AREA_STYLE('',(#15249));
#15249 = FILL_AREA_STYLE_COLOUR('',#14889);
#15250 = CURVE_STYLE('',#15251,POSITIVE_LENGTH_MEASURE(0.1),#14889);
#15251 = DRAUGHTING_PRE_DEFINED_CURVE_FONT('continuous');
#15252 = STYLED_ITEM('color',(#15253),#5013);
#15253 = PRESENTATION_STYLE_ASSIGNMENT((#15254,#15259));
#15254 = SURFACE_STYLE_USAGE(.BOTH.,#15255);
#15255 = SURFACE_SIDE_STYLE('',(#15256));
#15256 = SURFACE_STYLE_FILL_AREA(#15257);
#15257 = FILL_AREA_STYLE('',(#15258));
#15258 = FILL_AREA_STYLE_COLOUR('',#14889);
#15259 = CURVE_STYLE('',#15260,POSITIVE_LENGTH_MEASURE(0.1),#14889);
#15260 = DRAUGHTING_PRE_DEFINED_CURVE_FONT('continuous');
#15261 = STYLED_ITEM('color',(#15262),#5032);
#15262 = PRESENTATION_STYLE_ASSIGNMENT((#15263,#15268));
#15263 = SURFACE_STYLE_USAGE(.BOTH.,#15264);
#15264 = SURFACE_SIDE_STYLE('',(#15265));
#15265 = SURFACE_STYLE_FILL_AREA(#15266);
#15266 = FILL_AREA_STYLE('',(#15267));
#15267 = FILL_AREA_STYLE_COLOUR('',#14889);
#15268 = CURVE_STYLE('',#15269,POSITIVE_LENGTH_MEASURE(0.1),#14889);
#15269 = DRAUGHTING_PRE_DEFINED_CURVE_FONT('continuous');
#15270 = STYLED_ITEM('color',(#15271),#5051);
#15271 = PRESENTATION_STYLE_ASSIGNMENT((#15272,#15277));
#15272 = SURFACE_STYLE_USAGE(.BOTH.,#15273);
#15273 = SURFACE_SIDE_STYLE('',(#15274));
#15274 = SURFACE_STYLE_FILL_AREA(#15275);
#15275 = FILL_AREA_STYLE('',(#15276));
#15276 = FILL_AREA_STYLE_COLOUR('',#14762);
#15277 = CURVE_STYLE('',#15278,POSITIVE_LENGTH_MEASURE(0.1),#14762);
#15278 = DRAUGHTING_PRE_DEFINED_CURVE_FONT('continuous');
#15279 = STYLED_ITEM('color',(#15280),#5097);
#15280 = PRESENTATION_STYLE_ASSIGNMENT((#15281,#15286));
#15281 = SURFACE_STYLE_USAGE(.BOTH.,#15282);
#15282 = SURFACE_SIDE_STYLE('',(#15283));
#15283 = SURFACE_STYLE_FILL_AREA(#15284);
#15284 = FILL_AREA_STYLE('',(#15285));
#15285 = FILL_AREA_STYLE_COLOUR('',#14762);
#15286 = CURVE_STYLE('',#15287,POSITIVE_LENGTH_MEASURE(0.1),#14762);
#15287 = DRAUGHTING_PRE_DEFINED_CURVE_FONT('continuous');
#15288 = STYLED_ITEM('color',(#15289),#5113);
#15289 = PRESENTATION_STYLE_ASSIGNMENT((#15290,#15295));
#15290 = SURFACE_STYLE_USAGE(.BOTH.,#15291);
#15291 = SURFACE_SIDE_STYLE('',(#15292));
#15292 = SURFACE_STYLE_FILL_AREA(#15293);
#15293 = FILL_AREA_STYLE('',(#15294));
#15294 = FILL_AREA_STYLE_COLOUR('',#14889);
#15295 = CURVE_STYLE('',#15296,POSITIVE_LENGTH_MEASURE(0.1),#14889);
#15296 = DRAUGHTING_PRE_DEFINED_CURVE_FONT('continuous');
#15297 = STYLED_ITEM('color',(#15298),#5132);
#15298 = PRESENTATION_STYLE_ASSIGNMENT((#15299,#15304));
#15299 = SURFACE_STYLE_USAGE(.BOTH.,#15300);
#15300 = SURFACE_SIDE_STYLE('',(#15301));
#15301 = SURFACE_STYLE_FILL_AREA(#15302);
#15302 = FILL_AREA_STYLE('',(#15303));
#15303 = FILL_AREA_STYLE_COLOUR('',#14762);
#15304 = CURVE_STYLE('',#15305,POSITIVE_LENGTH_MEASURE(0.1),#14762);
#15305 = DRAUGHTING_PRE_DEFINED_CURVE_FONT('continuous');
#15306 = STYLED_ITEM('color',(#15307),#5148);
#15307 = PRESENTATION_STYLE_ASSIGNMENT((#15308,#15313));
#15308 = SURFACE_STYLE_USAGE(.BOTH.,#15309);
#15309 = SURFACE_SIDE_STYLE('',(#15310));
#15310 = SURFACE_STYLE_FILL_AREA(#15311);
#15311 = FILL_AREA_STYLE('',(#15312));
#15312 = FILL_AREA_STYLE_COLOUR('',#14889);
#15313 = CURVE_STYLE('',#15314,POSITIVE_LENGTH_MEASURE(0.1),#14889);
#15314 = DRAUGHTING_PRE_DEFINED_CURVE_FONT('continuous');
#15315 = STYLED_ITEM('color',(#15316),#5165);
#15316 = PRESENTATION_STYLE_ASSIGNMENT((#15317,#15322));
#15317 = SURFACE_STYLE_USAGE(.BOTH.,#15318);
#15318 = SURFACE_SIDE_STYLE('',(#15319));
#15319 = SURFACE_STYLE_FILL_AREA(#15320);
#15320 = FILL_AREA_STYLE('',(#15321));
#15321 = FILL_AREA_STYLE_COLOUR('',#14762);
#15322 = CURVE_STYLE('',#15323,POSITIVE_LENGTH_MEASURE(0.1),#14762);
#15323 = DRAUGHTING_PRE_DEFINED_CURVE_FONT('continuous');
#15324 = STYLED_ITEM('color',(#15325),#5177);
#15325 = PRESENTATION_STYLE_ASSIGNMENT((#15326,#15331));
#15326 = SURFACE_STYLE_USAGE(.BOTH.,#15327);
#15327 = SURFACE_SIDE_STYLE('',(#15328));
#15328 = SURFACE_STYLE_FILL_AREA(#15329);
#15329 = FILL_AREA_STYLE('',(#15330));
#15330 = FILL_AREA_STYLE_COLOUR('',#14889);
#15331 = CURVE_STYLE('',#15332,POSITIVE_LENGTH_MEASURE(0.1),#14889);
#15332 = DRAUGHTING_PRE_DEFINED_CURVE_FONT('continuous');
#15333 = STYLED_ITEM('color',(#15334),#5194);
#15334 = PRESENTATION_STYLE_ASSIGNMENT((#15335,#15340));
#15335 = SURFACE_STYLE_USAGE(.BOTH.,#15336);
#15336 = SURFACE_SIDE_STYLE('',(#15337));
#15337 = SURFACE_STYLE_FILL_AREA(#15338);
#15338 = FILL_AREA_STYLE('',(#15339));
#15339 = FILL_AREA_STYLE_COLOUR('',#14889);
#15340 = CURVE_STYLE('',#15341,POSITIVE_LENGTH_MEASURE(0.1),#14889);
#15341 = DRAUGHTING_PRE_DEFINED_CURVE_FONT('continuous');
#15342 = STYLED_ITEM('color',(#15343),#5211);
#15343 = PRESENTATION_STYLE_ASSIGNMENT((#15344,#15349));
#15344 = SURFACE_STYLE_USAGE(.BOTH.,#15345);
#15345 = SURFACE_SIDE_STYLE('',(#15346));
#15346 = SURFACE_STYLE_FILL_AREA(#15347);
#15347 = FILL_AREA_STYLE('',(#15348));
#15348 = FILL_AREA_STYLE_COLOUR('',#14889);
#15349 = CURVE_STYLE('',#15350,POSITIVE_LENGTH_MEASURE(0.1),#14889);
#15350 = DRAUGHTING_PRE_DEFINED_CURVE_FONT('continuous');
#15351 = STYLED_ITEM('color',(#15352),#5228);
#15352 = PRESENTATION_STYLE_ASSIGNMENT((#15353,#15358));
#15353 = SURFACE_STYLE_USAGE(.BOTH.,#15354);
#15354 = SURFACE_SIDE_STYLE('',(#15355));
#15355 = SURFACE_STYLE_FILL_AREA(#15356);
#15356 = FILL_AREA_STYLE('',(#15357));
#15357 = FILL_AREA_STYLE_COLOUR('',#14889);
#15358 = CURVE_STYLE('',#15359,POSITIVE_LENGTH_MEASURE(0.1),#14889);
#15359 = DRAUGHTING_PRE_DEFINED_CURVE_FONT('continuous');
#15360 = STYLED_ITEM('color',(#15361),#5245);
#15361 = PRESENTATION_STYLE_ASSIGNMENT((#15362,#15367));
#15362 = SURFACE_STYLE_USAGE(.BOTH.,#15363);
#15363 = SURFACE_SIDE_STYLE('',(#15364));
#15364 = SURFACE_STYLE_FILL_AREA(#15365);
#15365 = FILL_AREA_STYLE('',(#15366));
#15366 = FILL_AREA_STYLE_COLOUR('',#14889);
#15367 = CURVE_STYLE('',#15368,POSITIVE_LENGTH_MEASURE(0.1),#14889);
#15368 = DRAUGHTING_PRE_DEFINED_CURVE_FONT('continuous');
#15369 = STYLED_ITEM('color',(#15370),#5262);
#15370 = PRESENTATION_STYLE_ASSIGNMENT((#15371,#15376));
#15371 = SURFACE_STYLE_USAGE(.BOTH.,#15372);
#15372 = SURFACE_SIDE_STYLE('',(#15373));
#15373 = SURFACE_STYLE_FILL_AREA(#15374);
#15374 = FILL_AREA_STYLE('',(#15375));
#15375 = FILL_AREA_STYLE_COLOUR('',#14889);
#15376 = CURVE_STYLE('',#15377,POSITIVE_LENGTH_MEASURE(0.1),#14889);
#15377 = DRAUGHTING_PRE_DEFINED_CURVE_FONT('continuous');
#15378 = STYLED_ITEM('color',(#15379),#5279);
#15379 = PRESENTATION_STYLE_ASSIGNMENT((#15380,#15385));
#15380 = SURFACE_STYLE_USAGE(.BOTH.,#15381);
#15381 = SURFACE_SIDE_STYLE('',(#15382));
#15382 = SURFACE_STYLE_FILL_AREA(#15383);
#15383 = FILL_AREA_STYLE('',(#15384));
#15384 = FILL_AREA_STYLE_COLOUR('',#14889);
#15385 = CURVE_STYLE('',#15386,POSITIVE_LENGTH_MEASURE(0.1),#14889);
#15386 = DRAUGHTING_PRE_DEFINED_CURVE_FONT('continuous');
#15387 = STYLED_ITEM('color',(#15388),#5296);
#15388 = PRESENTATION_STYLE_ASSIGNMENT((#15389,#15394));
#15389 = SURFACE_STYLE_USAGE(.BOTH.,#15390);
#15390 = SURFACE_SIDE_STYLE('',(#15391));
#15391 = SURFACE_STYLE_FILL_AREA(#15392);
#15392 = FILL_AREA_STYLE('',(#15393));
#15393 = FILL_AREA_STYLE_COLOUR('',#14889);
#15394 = CURVE_STYLE('',#15395,POSITIVE_LENGTH_MEASURE(0.1),#14889);
#15395 = DRAUGHTING_PRE_DEFINED_CURVE_FONT('continuous');
#15396 = STYLED_ITEM('color',(#15397),#5308);
#15397 = PRESENTATION_STYLE_ASSIGNMENT((#15398,#15403));
#15398 = SURFACE_STYLE_USAGE(.BOTH.,#15399);
#15399 = SURFACE_SIDE_STYLE('',(#15400));
#15400 = SURFACE_STYLE_FILL_AREA(#15401);
#15401 = FILL_AREA_STYLE('',(#15402));
#15402 = FILL_AREA_STYLE_COLOUR('',#14889);
#15403 = CURVE_STYLE('',#15404,POSITIVE_LENGTH_MEASURE(0.1),#14889);
#15404 = DRAUGHTING_PRE_DEFINED_CURVE_FONT('continuous');
#15405 = STYLED_ITEM('color',(#15406),#5325);
#15406 = PRESENTATION_STYLE_ASSIGNMENT((#15407,#15412));
#15407 = SURFACE_STYLE_USAGE(.BOTH.,#15408);
#15408 = SURFACE_SIDE_STYLE('',(#15409));
#15409 = SURFACE_STYLE_FILL_AREA(#15410);
#15410 = FILL_AREA_STYLE('',(#15411));
#15411 = FILL_AREA_STYLE_COLOUR('',#14889);
#15412 = CURVE_STYLE('',#15413,POSITIVE_LENGTH_MEASURE(0.1),#14889);
#15413 = DRAUGHTING_PRE_DEFINED_CURVE_FONT('continuous');
#15414 = STYLED_ITEM('color',(#15415),#5342);
#15415 = PRESENTATION_STYLE_ASSIGNMENT((#15416,#15421));
#15416 = SURFACE_STYLE_USAGE(.BOTH.,#15417);
#15417 = SURFACE_SIDE_STYLE('',(#15418));
#15418 = SURFACE_STYLE_FILL_AREA(#15419);
#15419 = FILL_AREA_STYLE('',(#15420));
#15420 = FILL_AREA_STYLE_COLOUR('',#14889);
#15421 = CURVE_STYLE('',#15422,POSITIVE_LENGTH_MEASURE(0.1),#14889);
#15422 = DRAUGHTING_PRE_DEFINED_CURVE_FONT('continuous');
#15423 = STYLED_ITEM('color',(#15424),#5359);
#15424 = PRESENTATION_STYLE_ASSIGNMENT((#15425,#15430));
#15425 = SURFACE_STYLE_USAGE(.BOTH.,#15426);
#15426 = SURFACE_SIDE_STYLE('',(#15427));
#15427 = SURFACE_STYLE_FILL_AREA(#15428);
#15428 = FILL_AREA_STYLE('',(#15429));
#15429 = FILL_AREA_STYLE_COLOUR('',#14889);
#15430 = CURVE_STYLE('',#15431,POSITIVE_LENGTH_MEASURE(0.1),#14889);
#15431 = DRAUGHTING_PRE_DEFINED_CURVE_FONT('continuous');
#15432 = STYLED_ITEM('color',(#15433),#5376);
#15433 = PRESENTATION_STYLE_ASSIGNMENT((#15434,#15439));
#15434 = SURFACE_STYLE_USAGE(.BOTH.,#15435);
#15435 = SURFACE_SIDE_STYLE('',(#15436));
#15436 = SURFACE_STYLE_FILL_AREA(#15437);
#15437 = FILL_AREA_STYLE('',(#15438));
#15438 = FILL_AREA_STYLE_COLOUR('',#14889);
#15439 = CURVE_STYLE('',#15440,POSITIVE_LENGTH_MEASURE(0.1),#14889);
#15440 = DRAUGHTING_PRE_DEFINED_CURVE_FONT('continuous');
#15441 = STYLED_ITEM('color',(#15442),#5393);
#15442 = PRESENTATION_STYLE_ASSIGNMENT((#15443,#15448));
#15443 = SURFACE_STYLE_USAGE(.BOTH.,#15444);
#15444 = SURFACE_SIDE_STYLE('',(#15445));
#15445 = SURFACE_STYLE_FILL_AREA(#15446);
#15446 = FILL_AREA_STYLE('',(#15447));
#15447 = FILL_AREA_STYLE_COLOUR('',#14889);
#15448 = CURVE_STYLE('',#15449,POSITIVE_LENGTH_MEASURE(0.1),#14889);
#15449 = DRAUGHTING_PRE_DEFINED_CURVE_FONT('continuous');
#15450 = STYLED_ITEM('color',(#15451),#5410);
#15451 = PRESENTATION_STYLE_ASSIGNMENT((#15452,#15457));
#15452 = SURFACE_STYLE_USAGE(.BOTH.,#15453);
#15453 = SURFACE_SIDE_STYLE('',(#15454));
#15454 = SURFACE_STYLE_FILL_AREA(#15455);
#15455 = FILL_AREA_STYLE('',(#15456));
#15456 = FILL_AREA_STYLE_COLOUR('',#14889);
#15457 = CURVE_STYLE('',#15458,POSITIVE_LENGTH_MEASURE(0.1),#14889);
#15458 = DRAUGHTING_PRE_DEFINED_CURVE_FONT('continuous');
#15459 = STYLED_ITEM('color',(#15460),#5427);
#15460 = PRESENTATION_STYLE_ASSIGNMENT((#15461,#15466));
#15461 = SURFACE_STYLE_USAGE(.BOTH.,#15462);
#15462 = SURFACE_SIDE_STYLE('',(#15463));
#15463 = SURFACE_STYLE_FILL_AREA(#15464);
#15464 = FILL_AREA_STYLE('',(#15465));
#15465 = FILL_AREA_STYLE_COLOUR('',#14889);
#15466 = CURVE_STYLE('',#15467,POSITIVE_LENGTH_MEASURE(0.1),#14889);
#15467 = DRAUGHTING_PRE_DEFINED_CURVE_FONT('continuous');
#15468 = STYLED_ITEM('color',(#15469),#5439);
#15469 = PRESENTATION_STYLE_ASSIGNMENT((#15470,#15475));
#15470 = SURFACE_STYLE_USAGE(.BOTH.,#15471);
#15471 = SURFACE_SIDE_STYLE('',(#15472));
#15472 = SURFACE_STYLE_FILL_AREA(#15473);
#15473 = FILL_AREA_STYLE('',(#15474));
#15474 = FILL_AREA_STYLE_COLOUR('',#14889);
#15475 = CURVE_STYLE('',#15476,POSITIVE_LENGTH_MEASURE(0.1),#14889);
#15476 = DRAUGHTING_PRE_DEFINED_CURVE_FONT('continuous');
#15477 = STYLED_ITEM('color',(#15478),#5456);
#15478 = PRESENTATION_STYLE_ASSIGNMENT((#15479,#15484));
#15479 = SURFACE_STYLE_USAGE(.BOTH.,#15480);
#15480 = SURFACE_SIDE_STYLE('',(#15481));
#15481 = SURFACE_STYLE_FILL_AREA(#15482);
#15482 = FILL_AREA_STYLE('',(#15483));
#15483 = FILL_AREA_STYLE_COLOUR('',#14889);
#15484 = CURVE_STYLE('',#15485,POSITIVE_LENGTH_MEASURE(0.1),#14889);
#15485 = DRAUGHTING_PRE_DEFINED_CURVE_FONT('continuous');
#15486 = STYLED_ITEM('color',(#15487),#5473);
#15487 = PRESENTATION_STYLE_ASSIGNMENT((#15488,#15493));
#15488 = SURFACE_STYLE_USAGE(.BOTH.,#15489);
#15489 = SURFACE_SIDE_STYLE('',(#15490));
#15490 = SURFACE_STYLE_FILL_AREA(#15491);
#15491 = FILL_AREA_STYLE('',(#15492));
#15492 = FILL_AREA_STYLE_COLOUR('',#14889);
#15493 = CURVE_STYLE('',#15494,POSITIVE_LENGTH_MEASURE(0.1),#14889);
#15494 = DRAUGHTING_PRE_DEFINED_CURVE_FONT('continuous');
#15495 = STYLED_ITEM('color',(#15496),#5490);
#15496 = PRESENTATION_STYLE_ASSIGNMENT((#15497,#15502));
#15497 = SURFACE_STYLE_USAGE(.BOTH.,#15498);
#15498 = SURFACE_SIDE_STYLE('',(#15499));
#15499 = SURFACE_STYLE_FILL_AREA(#15500);
#15500 = FILL_AREA_STYLE('',(#15501));
#15501 = FILL_AREA_STYLE_COLOUR('',#14889);
#15502 = CURVE_STYLE('',#15503,POSITIVE_LENGTH_MEASURE(0.1),#14889);
#15503 = DRAUGHTING_PRE_DEFINED_CURVE_FONT('continuous');
#15504 = STYLED_ITEM('color',(#15505),#5507);
#15505 = PRESENTATION_STYLE_ASSIGNMENT((#15506,#15511));
#15506 = SURFACE_STYLE_USAGE(.BOTH.,#15507);
#15507 = SURFACE_SIDE_STYLE('',(#15508));
#15508 = SURFACE_STYLE_FILL_AREA(#15509);
#15509 = FILL_AREA_STYLE('',(#15510));
#15510 = FILL_AREA_STYLE_COLOUR('',#14889);
#15511 = CURVE_STYLE('',#15512,POSITIVE_LENGTH_MEASURE(0.1),#14889);
#15512 = DRAUGHTING_PRE_DEFINED_CURVE_FONT('continuous');
#15513 = STYLED_ITEM('color',(#15514),#5524);
#15514 = PRESENTATION_STYLE_ASSIGNMENT((#15515,#15520));
#15515 = SURFACE_STYLE_USAGE(.BOTH.,#15516);
#15516 = SURFACE_SIDE_STYLE('',(#15517));
#15517 = SURFACE_STYLE_FILL_AREA(#15518);
#15518 = FILL_AREA_STYLE('',(#15519));
#15519 = FILL_AREA_STYLE_COLOUR('',#14889);
#15520 = CURVE_STYLE('',#15521,POSITIVE_LENGTH_MEASURE(0.1),#14889);
#15521 = DRAUGHTING_PRE_DEFINED_CURVE_FONT('continuous');
#15522 = STYLED_ITEM('color',(#15523),#5541);
#15523 = PRESENTATION_STYLE_ASSIGNMENT((#15524,#15529));
#15524 = SURFACE_STYLE_USAGE(.BOTH.,#15525);
#15525 = SURFACE_SIDE_STYLE('',(#15526));
#15526 = SURFACE_STYLE_FILL_AREA(#15527);
#15527 = FILL_AREA_STYLE('',(#15528));
#15528 = FILL_AREA_STYLE_COLOUR('',#14889);
#15529 = CURVE_STYLE('',#15530,POSITIVE_LENGTH_MEASURE(0.1),#14889);
#15530 = DRAUGHTING_PRE_DEFINED_CURVE_FONT('continuous');
#15531 = STYLED_ITEM('color',(#15532),#5553);
#15532 = PRESENTATION_STYLE_ASSIGNMENT((#15533,#15538));
#15533 = SURFACE_STYLE_USAGE(.BOTH.,#15534);
#15534 = SURFACE_SIDE_STYLE('',(#15535));
#15535 = SURFACE_STYLE_FILL_AREA(#15536);
#15536 = FILL_AREA_STYLE('',(#15537));
#15537 = FILL_AREA_STYLE_COLOUR('',#14889);
#15538 = CURVE_STYLE('',#15539,POSITIVE_LENGTH_MEASURE(0.1),#14889);
#15539 = DRAUGHTING_PRE_DEFINED_CURVE_FONT('continuous');
#15540 = STYLED_ITEM('color',(#15541),#5570);
#15541 = PRESENTATION_STYLE_ASSIGNMENT((#15542,#15547));
#15542 = SURFACE_STYLE_USAGE(.BOTH.,#15543);
#15543 = SURFACE_SIDE_STYLE('',(#15544));
#15544 = SURFACE_STYLE_FILL_AREA(#15545);
#15545 = FILL_AREA_STYLE('',(#15546));
#15546 = FILL_AREA_STYLE_COLOUR('',#14889);
#15547 = CURVE_STYLE('',#15548,POSITIVE_LENGTH_MEASURE(0.1),#14889);
#15548 = DRAUGHTING_PRE_DEFINED_CURVE_FONT('continuous');
#15549 = STYLED_ITEM('color',(#15550),#5587);
#15550 = PRESENTATION_STYLE_ASSIGNMENT((#15551,#15556));
#15551 = SURFACE_STYLE_USAGE(.BOTH.,#15552);
#15552 = SURFACE_SIDE_STYLE('',(#15553));
#15553 = SURFACE_STYLE_FILL_AREA(#15554);
#15554 = FILL_AREA_STYLE('',(#15555));
#15555 = FILL_AREA_STYLE_COLOUR('',#14889);
#15556 = CURVE_STYLE('',#15557,POSITIVE_LENGTH_MEASURE(0.1),#14889);
#15557 = DRAUGHTING_PRE_DEFINED_CURVE_FONT('continuous');
#15558 = STYLED_ITEM('color',(#15559),#5604);
#15559 = PRESENTATION_STYLE_ASSIGNMENT((#15560,#15565));
#15560 = SURFACE_STYLE_USAGE(.BOTH.,#15561);
#15561 = SURFACE_SIDE_STYLE('',(#15562));
#15562 = SURFACE_STYLE_FILL_AREA(#15563);
#15563 = FILL_AREA_STYLE('',(#15564));
#15564 = FILL_AREA_STYLE_COLOUR('',#14889);
#15565 = CURVE_STYLE('',#15566,POSITIVE_LENGTH_MEASURE(0.1),#14889);
#15566 = DRAUGHTING_PRE_DEFINED_CURVE_FONT('continuous');
#15567 = STYLED_ITEM('color',(#15568),#5621);
#15568 = PRESENTATION_STYLE_ASSIGNMENT((#15569,#15574));
#15569 = SURFACE_STYLE_USAGE(.BOTH.,#15570);
#15570 = SURFACE_SIDE_STYLE('',(#15571));
#15571 = SURFACE_STYLE_FILL_AREA(#15572);
#15572 = FILL_AREA_STYLE('',(#15573));
#15573 = FILL_AREA_STYLE_COLOUR('',#14889);
#15574 = CURVE_STYLE('',#15575,POSITIVE_LENGTH_MEASURE(0.1),#14889);
#15575 = DRAUGHTING_PRE_DEFINED_CURVE_FONT('continuous');
#15576 = STYLED_ITEM('color',(#15577),#5638);
#15577 = PRESENTATION_STYLE_ASSIGNMENT((#15578,#15583));
#15578 = SURFACE_STYLE_USAGE(.BOTH.,#15579);
#15579 = SURFACE_SIDE_STYLE('',(#15580));
#15580 = SURFACE_STYLE_FILL_AREA(#15581);
#15581 = FILL_AREA_STYLE('',(#15582));
#15582 = FILL_AREA_STYLE_COLOUR('',#14889);
#15583 = CURVE_STYLE('',#15584,POSITIVE_LENGTH_MEASURE(0.1),#14889);
#15584 = DRAUGHTING_PRE_DEFINED_CURVE_FONT('continuous');
#15585 = STYLED_ITEM('color',(#15586),#5655);
#15586 = PRESENTATION_STYLE_ASSIGNMENT((#15587,#15592));
#15587 = SURFACE_STYLE_USAGE(.BOTH.,#15588);
#15588 = SURFACE_SIDE_STYLE('',(#15589));
#15589 = SURFACE_STYLE_FILL_AREA(#15590);
#15590 = FILL_AREA_STYLE('',(#15591));
#15591 = FILL_AREA_STYLE_COLOUR('',#14889);
#15592 = CURVE_STYLE('',#15593,POSITIVE_LENGTH_MEASURE(0.1),#14889);
#15593 = DRAUGHTING_PRE_DEFINED_CURVE_FONT('continuous');
#15594 = STYLED_ITEM('color',(#15595),#5667);
#15595 = PRESENTATION_STYLE_ASSIGNMENT((#15596,#15601));
#15596 = SURFACE_STYLE_USAGE(.BOTH.,#15597);
#15597 = SURFACE_SIDE_STYLE('',(#15598));
#15598 = SURFACE_STYLE_FILL_AREA(#15599);
#15599 = FILL_AREA_STYLE('',(#15600));
#15600 = FILL_AREA_STYLE_COLOUR('',#14889);
#15601 = CURVE_STYLE('',#15602,POSITIVE_LENGTH_MEASURE(0.1),#14889);
#15602 = DRAUGHTING_PRE_DEFINED_CURVE_FONT('continuous');
#15603 = STYLED_ITEM('color',(#15604),#5684);
#15604 = PRESENTATION_STYLE_ASSIGNMENT((#15605,#15610));
#15605 = SURFACE_STYLE_USAGE(.BOTH.,#15606);
#15606 = SURFACE_SIDE_STYLE('',(#15607));
#15607 = SURFACE_STYLE_FILL_AREA(#15608);
#15608 = FILL_AREA_STYLE('',(#15609));
#15609 = FILL_AREA_STYLE_COLOUR('',#14889);
#15610 = CURVE_STYLE('',#15611,POSITIVE_LENGTH_MEASURE(0.1),#14889);
#15611 = DRAUGHTING_PRE_DEFINED_CURVE_FONT('continuous');
#15612 = STYLED_ITEM('color',(#15613),#5701);
#15613 = PRESENTATION_STYLE_ASSIGNMENT((#15614,#15619));
#15614 = SURFACE_STYLE_USAGE(.BOTH.,#15615);
#15615 = SURFACE_SIDE_STYLE('',(#15616));
#15616 = SURFACE_STYLE_FILL_AREA(#15617);
#15617 = FILL_AREA_STYLE('',(#15618));
#15618 = FILL_AREA_STYLE_COLOUR('',#14889);
#15619 = CURVE_STYLE('',#15620,POSITIVE_LENGTH_MEASURE(0.1),#14889);
#15620 = DRAUGHTING_PRE_DEFINED_CURVE_FONT('continuous');
#15621 = STYLED_ITEM('color',(#15622),#5718);
#15622 = PRESENTATION_STYLE_ASSIGNMENT((#15623,#15628));
#15623 = SURFACE_STYLE_USAGE(.BOTH.,#15624);
#15624 = SURFACE_SIDE_STYLE('',(#15625));
#15625 = SURFACE_STYLE_FILL_AREA(#15626);
#15626 = FILL_AREA_STYLE('',(#15627));
#15627 = FILL_AREA_STYLE_COLOUR('',#14889);
#15628 = CURVE_STYLE('',#15629,POSITIVE_LENGTH_MEASURE(0.1),#14889);
#15629 = DRAUGHTING_PRE_DEFINED_CURVE_FONT('continuous');
#15630 = STYLED_ITEM('color',(#15631),#5735);
#15631 = PRESENTATION_STYLE_ASSIGNMENT((#15632,#15637));
#15632 = SURFACE_STYLE_USAGE(.BOTH.,#15633);
#15633 = SURFACE_SIDE_STYLE('',(#15634));
#15634 = SURFACE_STYLE_FILL_AREA(#15635);
#15635 = FILL_AREA_STYLE('',(#15636));
#15636 = FILL_AREA_STYLE_COLOUR('',#14889);
#15637 = CURVE_STYLE('',#15638,POSITIVE_LENGTH_MEASURE(0.1),#14889);
#15638 = DRAUGHTING_PRE_DEFINED_CURVE_FONT('continuous');
#15639 = STYLED_ITEM('color',(#15640),#5752);
#15640 = PRESENTATION_STYLE_ASSIGNMENT((#15641,#15646));
#15641 = SURFACE_STYLE_USAGE(.BOTH.,#15642);
#15642 = SURFACE_SIDE_STYLE('',(#15643));
#15643 = SURFACE_STYLE_FILL_AREA(#15644);
#15644 = FILL_AREA_STYLE('',(#15645));
#15645 = FILL_AREA_STYLE_COLOUR('',#14889);
#15646 = CURVE_STYLE('',#15647,POSITIVE_LENGTH_MEASURE(0.1),#14889);
#15647 = DRAUGHTING_PRE_DEFINED_CURVE_FONT('continuous');
#15648 = STYLED_ITEM('color',(#15649),#5769);
#15649 = PRESENTATION_STYLE_ASSIGNMENT((#15650,#15655));
#15650 = SURFACE_STYLE_USAGE(.BOTH.,#15651);
#15651 = SURFACE_SIDE_STYLE('',(#15652));
#15652 = SURFACE_STYLE_FILL_AREA(#15653);
#15653 = FILL_AREA_STYLE('',(#15654));
#15654 = FILL_AREA_STYLE_COLOUR('',#14889);
#15655 = CURVE_STYLE('',#15656,POSITIVE_LENGTH_MEASURE(0.1),#14889);
#15656 = DRAUGHTING_PRE_DEFINED_CURVE_FONT('continuous');
#15657 = STYLED_ITEM('color',(#15658),#5786);
#15658 = PRESENTATION_STYLE_ASSIGNMENT((#15659,#15664));
#15659 = SURFACE_STYLE_USAGE(.BOTH.,#15660);
#15660 = SURFACE_SIDE_STYLE('',(#15661));
#15661 = SURFACE_STYLE_FILL_AREA(#15662);
#15662 = FILL_AREA_STYLE('',(#15663));
#15663 = FILL_AREA_STYLE_COLOUR('',#14889);
#15664 = CURVE_STYLE('',#15665,POSITIVE_LENGTH_MEASURE(0.1),#14889);
#15665 = DRAUGHTING_PRE_DEFINED_CURVE_FONT('continuous');
#15666 = STYLED_ITEM('color',(#15667),#5798);
#15667 = PRESENTATION_STYLE_ASSIGNMENT((#15668,#15674));
#15668 = SURFACE_STYLE_USAGE(.BOTH.,#15669);
#15669 = SURFACE_SIDE_STYLE('',(#15670));
#15670 = SURFACE_STYLE_FILL_AREA(#15671);
#15671 = FILL_AREA_STYLE('',(#15672));
#15672 = FILL_AREA_STYLE_COLOUR('',#15673);
#15673 = COLOUR_RGB('',0.690999998585,0.664000007176,0.597999987832);
#15674 = CURVE_STYLE('',#15675,POSITIVE_LENGTH_MEASURE(0.1),#15673);
#15675 = DRAUGHTING_PRE_DEFINED_CURVE_FONT('continuous');
#15676 = MECHANICAL_DESIGN_GEOMETRIC_PRESENTATION_REPRESENTATION('',(
    #15677,#15684,#15691,#15698,#15705,#15712,#15719,#15726,#15733,
    #15740,#15747,#15754,#15761,#15768,#15775,#15782,#15789,#15796,
    #15803,#15810,#15817,#15824,#15831,#15838,#15845,#15852,#15859,
    #15866,#15873,#15880,#15887,#15894,#15901,#15908,#15915,#15922,
    #15929,#15936,#15943,#15950,#15957,#15964,#15971,#15978,#15985,
    #15992,#15999,#16006,#16013,#16020,#16027,#16034,#16041,#16048),
  #14402);
#15677 = STYLED_ITEM('color',(#15678),#11775);
#15678 = PRESENTATION_STYLE_ASSIGNMENT((#15679));
#15679 = SURFACE_STYLE_USAGE(.BOTH.,#15680);
#15680 = SURFACE_SIDE_STYLE('',(#15681));
#15681 = SURFACE_STYLE_FILL_AREA(#15682);
#15682 = FILL_AREA_STYLE('',(#15683));
#15683 = FILL_AREA_STYLE_COLOUR('',#14889);
#15684 = STYLED_ITEM('color',(#15685),#11815);
#15685 = PRESENTATION_STYLE_ASSIGNMENT((#15686));
#15686 = SURFACE_STYLE_USAGE(.BOTH.,#15687);
#15687 = SURFACE_SIDE_STYLE('',(#15688));
#15688 = SURFACE_STYLE_FILL_AREA(#15689);
#15689 = FILL_AREA_STYLE('',(#15690));
#15690 = FILL_AREA_STYLE_COLOUR('',#14889);
#15691 = STYLED_ITEM('color',(#15692),#11846);
#15692 = PRESENTATION_STYLE_ASSIGNMENT((#15693));
#15693 = SURFACE_STYLE_USAGE(.BOTH.,#15694);
#15694 = SURFACE_SIDE_STYLE('',(#15695));
#15695 = SURFACE_STYLE_FILL_AREA(#15696);
#15696 = FILL_AREA_STYLE('',(#15697));
#15697 = FILL_AREA_STYLE_COLOUR('',#14889);
#15698 = STYLED_ITEM('color',(#15699),#11976);
#15699 = PRESENTATION_STYLE_ASSIGNMENT((#15700));
#15700 = SURFACE_STYLE_USAGE(.BOTH.,#15701);
#15701 = SURFACE_SIDE_STYLE('',(#15702));
#15702 = SURFACE_STYLE_FILL_AREA(#15703);
#15703 = FILL_AREA_STYLE('',(#15704));
#15704 = FILL_AREA_STYLE_COLOUR('',#14889);
#15705 = STYLED_ITEM('color',(#15706),#12000);
#15706 = PRESENTATION_STYLE_ASSIGNMENT((#15707));
#15707 = SURFACE_STYLE_USAGE(.BOTH.,#15708);
#15708 = SURFACE_SIDE_STYLE('',(#15709));
#15709 = SURFACE_STYLE_FILL_AREA(#15710);
#15710 = FILL_AREA_STYLE('',(#15711));
#15711 = FILL_AREA_STYLE_COLOUR('',#14889);
#15712 = STYLED_ITEM('color',(#15713),#12123);
#15713 = PRESENTATION_STYLE_ASSIGNMENT((#15714));
#15714 = SURFACE_STYLE_USAGE(.BOTH.,#15715);
#15715 = SURFACE_SIDE_STYLE('',(#15716));
#15716 = SURFACE_STYLE_FILL_AREA(#15717);
#15717 = FILL_AREA_STYLE('',(#15718));
#15718 = FILL_AREA_STYLE_COLOUR('',#14762);
#15719 = STYLED_ITEM('color',(#15720),#12250);
#15720 = PRESENTATION_STYLE_ASSIGNMENT((#15721));
#15721 = SURFACE_STYLE_USAGE(.BOTH.,#15722);
#15722 = SURFACE_SIDE_STYLE('',(#15723));
#15723 = SURFACE_STYLE_FILL_AREA(#15724);
#15724 = FILL_AREA_STYLE('',(#15725));
#15725 = FILL_AREA_STYLE_COLOUR('',#14889);
#15726 = STYLED_ITEM('color',(#15727),#12267);
#15727 = PRESENTATION_STYLE_ASSIGNMENT((#15728));
#15728 = SURFACE_STYLE_USAGE(.BOTH.,#15729);
#15729 = SURFACE_SIDE_STYLE('',(#15730));
#15730 = SURFACE_STYLE_FILL_AREA(#15731);
#15731 = FILL_AREA_STYLE('',(#15732));
#15732 = FILL_AREA_STYLE_COLOUR('',#14762);
#15733 = STYLED_ITEM('color',(#15734),#12290);
#15734 = PRESENTATION_STYLE_ASSIGNMENT((#15735));
#15735 = SURFACE_STYLE_USAGE(.BOTH.,#15736);
#15736 = SURFACE_SIDE_STYLE('',(#15737));
#15737 = SURFACE_STYLE_FILL_AREA(#15738);
#15738 = FILL_AREA_STYLE('',(#15739));
#15739 = FILL_AREA_STYLE_COLOUR('',#14762);
#15740 = STYLED_ITEM('color',(#15741),#12412);
#15741 = PRESENTATION_STYLE_ASSIGNMENT((#15742));
#15742 = SURFACE_STYLE_USAGE(.BOTH.,#15743);
#15743 = SURFACE_SIDE_STYLE('',(#15744));
#15744 = SURFACE_STYLE_FILL_AREA(#15745);
#15745 = FILL_AREA_STYLE('',(#15746));
#15746 = FILL_AREA_STYLE_COLOUR('',#14762);
#15747 = STYLED_ITEM('color',(#15748),#12540);
#15748 = PRESENTATION_STYLE_ASSIGNMENT((#15749));
#15749 = SURFACE_STYLE_USAGE(.BOTH.,#15750);
#15750 = SURFACE_SIDE_STYLE('',(#15751));
#15751 = SURFACE_STYLE_FILL_AREA(#15752);
#15752 = FILL_AREA_STYLE('',(#15753));
#15753 = FILL_AREA_STYLE_COLOUR('',#14762);
#15754 = STYLED_ITEM('color',(#15755),#12557);
#15755 = PRESENTATION_STYLE_ASSIGNMENT((#15756));
#15756 = SURFACE_STYLE_USAGE(.BOTH.,#15757);
#15757 = SURFACE_SIDE_STYLE('',(#15758));
#15758 = SURFACE_STYLE_FILL_AREA(#15759);
#15759 = FILL_AREA_STYLE('',(#15760));
#15760 = FILL_AREA_STYLE_COLOUR('',#14889);
#15761 = STYLED_ITEM('color',(#15762),#12588);
#15762 = PRESENTATION_STYLE_ASSIGNMENT((#15763));
#15763 = SURFACE_STYLE_USAGE(.BOTH.,#15764);
#15764 = SURFACE_SIDE_STYLE('',(#15765));
#15765 = SURFACE_STYLE_FILL_AREA(#15766);
#15766 = FILL_AREA_STYLE('',(#15767));
#15767 = FILL_AREA_STYLE_COLOUR('',#14762);
#15768 = STYLED_ITEM('color',(#15769),#12815);
#15769 = PRESENTATION_STYLE_ASSIGNMENT((#15770));
#15770 = SURFACE_STYLE_USAGE(.BOTH.,#15771);
#15771 = SURFACE_SIDE_STYLE('',(#15772));
#15772 = SURFACE_STYLE_FILL_AREA(#15773);
#15773 = FILL_AREA_STYLE('',(#15774));
#15774 = FILL_AREA_STYLE_COLOUR('',#14889);
#15775 = STYLED_ITEM('color',(#15776),#12846);
#15776 = PRESENTATION_STYLE_ASSIGNMENT((#15777));
#15777 = SURFACE_STYLE_USAGE(.BOTH.,#15778);
#15778 = SURFACE_SIDE_STYLE('',(#15779));
#15779 = SURFACE_STYLE_FILL_AREA(#15780);
#15780 = FILL_AREA_STYLE('',(#15781));
#15781 = FILL_AREA_STYLE_COLOUR('',#14762);
#15782 = STYLED_ITEM('color',(#15783),#13073);
#15783 = PRESENTATION_STYLE_ASSIGNMENT((#15784));
#15784 = SURFACE_STYLE_USAGE(.BOTH.,#15785);
#15785 = SURFACE_SIDE_STYLE('',(#15786));
#15786 = SURFACE_STYLE_FILL_AREA(#15787);
#15787 = FILL_AREA_STYLE('',(#15788));
#15788 = FILL_AREA_STYLE_COLOUR('',#14889);
#15789 = STYLED_ITEM('color',(#15790),#13104);
#15790 = PRESENTATION_STYLE_ASSIGNMENT((#15791));
#15791 = SURFACE_STYLE_USAGE(.BOTH.,#15792);
#15792 = SURFACE_SIDE_STYLE('',(#15793));
#15793 = SURFACE_STYLE_FILL_AREA(#15794);
#15794 = FILL_AREA_STYLE('',(#15795));
#15795 = FILL_AREA_STYLE_COLOUR('',#14889);
#15796 = STYLED_ITEM('color',(#15797),#13135);
#15797 = PRESENTATION_STYLE_ASSIGNMENT((#15798));
#15798 = SURFACE_STYLE_USAGE(.BOTH.,#15799);
#15799 = SURFACE_SIDE_STYLE('',(#15800));
#15800 = SURFACE_STYLE_FILL_AREA(#15801);
#15801 = FILL_AREA_STYLE('',(#15802));
#15802 = FILL_AREA_STYLE_COLOUR('',#14762);
#15803 = STYLED_ITEM('color',(#15804),#13362);
#15804 = PRESENTATION_STYLE_ASSIGNMENT((#15805));
#15805 = SURFACE_STYLE_USAGE(.BOTH.,#15806);
#15806 = SURFACE_SIDE_STYLE('',(#15807));
#15807 = SURFACE_STYLE_FILL_AREA(#15808);
#15808 = FILL_AREA_STYLE('',(#15809));
#15809 = FILL_AREA_STYLE_COLOUR('',#14762);
#15810 = STYLED_ITEM('color',(#15811),#13490);
#15811 = PRESENTATION_STYLE_ASSIGNMENT((#15812));
#15812 = SURFACE_STYLE_USAGE(.BOTH.,#15813);
#15813 = SURFACE_SIDE_STYLE('',(#15814));
#15814 = SURFACE_STYLE_FILL_AREA(#15815);
#15815 = FILL_AREA_STYLE('',(#15816));
#15816 = FILL_AREA_STYLE_COLOUR('',#14889);
#15817 = STYLED_ITEM('color',(#15818),#13521);
#15818 = PRESENTATION_STYLE_ASSIGNMENT((#15819));
#15819 = SURFACE_STYLE_USAGE(.BOTH.,#15820);
#15820 = SURFACE_SIDE_STYLE('',(#15821));
#15821 = SURFACE_STYLE_FILL_AREA(#15822);
#15822 = FILL_AREA_STYLE('',(#15823));
#15823 = FILL_AREA_STYLE_COLOUR('',#14762);
#15824 = STYLED_ITEM('color',(#15825),#13544);
#15825 = PRESENTATION_STYLE_ASSIGNMENT((#15826));
#15826 = SURFACE_STYLE_USAGE(.BOTH.,#15827);
#15827 = SURFACE_SIDE_STYLE('',(#15828));
#15828 = SURFACE_STYLE_FILL_AREA(#15829);
#15829 = FILL_AREA_STYLE('',(#15830));
#15830 = FILL_AREA_STYLE_COLOUR('',#14762);
#15831 = STYLED_ITEM('color',(#15832),#13666);
#15832 = PRESENTATION_STYLE_ASSIGNMENT((#15833));
#15833 = SURFACE_STYLE_USAGE(.BOTH.,#15834);
#15834 = SURFACE_SIDE_STYLE('',(#15835));
#15835 = SURFACE_STYLE_FILL_AREA(#15836);
#15836 = FILL_AREA_STYLE('',(#15837));
#15837 = FILL_AREA_STYLE_COLOUR('',#14762);
#15838 = STYLED_ITEM('color',(#15839),#13711);
#15839 = PRESENTATION_STYLE_ASSIGNMENT((#15840));
#15840 = SURFACE_STYLE_USAGE(.BOTH.,#15841);
#15841 = SURFACE_SIDE_STYLE('',(#15842));
#15842 = SURFACE_STYLE_FILL_AREA(#15843);
#15843 = FILL_AREA_STYLE('',(#15844));
#15844 = FILL_AREA_STYLE_COLOUR('',#14889);
#15845 = STYLED_ITEM('color',(#15846),#13743);
#15846 = PRESENTATION_STYLE_ASSIGNMENT((#15847));
#15847 = SURFACE_STYLE_USAGE(.BOTH.,#15848);
#15848 = SURFACE_SIDE_STYLE('',(#15849));
#15849 = SURFACE_STYLE_FILL_AREA(#15850);
#15850 = FILL_AREA_STYLE('',(#15851));
#15851 = FILL_AREA_STYLE_COLOUR('',#14762);
#15852 = STYLED_ITEM('color',(#15853),#13793);
#15853 = PRESENTATION_STYLE_ASSIGNMENT((#15854));
#15854 = SURFACE_STYLE_USAGE(.BOTH.,#15855);
#15855 = SURFACE_SIDE_STYLE('',(#15856));
#15856 = SURFACE_STYLE_FILL_AREA(#15857);
#15857 = FILL_AREA_STYLE('',(#15858));
#15858 = FILL_AREA_STYLE_COLOUR('',#14889);
#15859 = STYLED_ITEM('color',(#15860),#13825);
#15860 = PRESENTATION_STYLE_ASSIGNMENT((#15861));
#15861 = SURFACE_STYLE_USAGE(.BOTH.,#15862);
#15862 = SURFACE_SIDE_STYLE('',(#15863));
#15863 = SURFACE_STYLE_FILL_AREA(#15864);
#15864 = FILL_AREA_STYLE('',(#15865));
#15865 = FILL_AREA_STYLE_COLOUR('',#14762);
#15866 = STYLED_ITEM('color',(#15867),#13842);
#15867 = PRESENTATION_STYLE_ASSIGNMENT((#15868));
#15868 = SURFACE_STYLE_USAGE(.BOTH.,#15869);
#15869 = SURFACE_SIDE_STYLE('',(#15870));
#15870 = SURFACE_STYLE_FILL_AREA(#15871);
#15871 = FILL_AREA_STYLE('',(#15872));
#15872 = FILL_AREA_STYLE_COLOUR('',#14889);
#15873 = STYLED_ITEM('color',(#15874),#13874);
#15874 = PRESENTATION_STYLE_ASSIGNMENT((#15875));
#15875 = SURFACE_STYLE_USAGE(.BOTH.,#15876);
#15876 = SURFACE_SIDE_STYLE('',(#15877));
#15877 = SURFACE_STYLE_FILL_AREA(#15878);
#15878 = FILL_AREA_STYLE('',(#15879));
#15879 = FILL_AREA_STYLE_COLOUR('',#14889);
#15880 = STYLED_ITEM('color',(#15881),#13891);
#15881 = PRESENTATION_STYLE_ASSIGNMENT((#15882));
#15882 = SURFACE_STYLE_USAGE(.BOTH.,#15883);
#15883 = SURFACE_SIDE_STYLE('',(#15884));
#15884 = SURFACE_STYLE_FILL_AREA(#15885);
#15885 = FILL_AREA_STYLE('',(#15886));
#15886 = FILL_AREA_STYLE_COLOUR('',#14889);
#15887 = STYLED_ITEM('color',(#15888),#13923);
#15888 = PRESENTATION_STYLE_ASSIGNMENT((#15889));
#15889 = SURFACE_STYLE_USAGE(.BOTH.,#15890);
#15890 = SURFACE_SIDE_STYLE('',(#15891));
#15891 = SURFACE_STYLE_FILL_AREA(#15892);
#15892 = FILL_AREA_STYLE('',(#15893));
#15893 = FILL_AREA_STYLE_COLOUR('',#14889);
#15894 = STYLED_ITEM('color',(#15895),#13955);
#15895 = PRESENTATION_STYLE_ASSIGNMENT((#15896));
#15896 = SURFACE_STYLE_USAGE(.BOTH.,#15897);
#15897 = SURFACE_SIDE_STYLE('',(#15898));
#15898 = SURFACE_STYLE_FILL_AREA(#15899);
#15899 = FILL_AREA_STYLE('',(#15900));
#15900 = FILL_AREA_STYLE_COLOUR('',#14889);
#15901 = STYLED_ITEM('color',(#15902),#13972);
#15902 = PRESENTATION_STYLE_ASSIGNMENT((#15903));
#15903 = SURFACE_STYLE_USAGE(.BOTH.,#15904);
#15904 = SURFACE_SIDE_STYLE('',(#15905));
#15905 = SURFACE_STYLE_FILL_AREA(#15906);
#15906 = FILL_AREA_STYLE('',(#15907));
#15907 = FILL_AREA_STYLE_COLOUR('',#14889);
#15908 = STYLED_ITEM('color',(#15909),#14004);
#15909 = PRESENTATION_STYLE_ASSIGNMENT((#15910));
#15910 = SURFACE_STYLE_USAGE(.BOTH.,#15911);
#15911 = SURFACE_SIDE_STYLE('',(#15912));
#15912 = SURFACE_STYLE_FILL_AREA(#15913);
#15913 = FILL_AREA_STYLE('',(#15914));
#15914 = FILL_AREA_STYLE_COLOUR('',#14889);
#15915 = STYLED_ITEM('color',(#15916),#14036);
#15916 = PRESENTATION_STYLE_ASSIGNMENT((#15917));
#15917 = SURFACE_STYLE_USAGE(.BOTH.,#15918);
#15918 = SURFACE_SIDE_STYLE('',(#15919));
#15919 = SURFACE_STYLE_FILL_AREA(#15920);
#15920 = FILL_AREA_STYLE('',(#15921));
#15921 = FILL_AREA_STYLE_COLOUR('',#14889);
#15922 = STYLED_ITEM('color',(#15923),#14053);
#15923 = PRESENTATION_STYLE_ASSIGNMENT((#15924));
#15924 = SURFACE_STYLE_USAGE(.BOTH.,#15925);
#15925 = SURFACE_SIDE_STYLE('',(#15926));
#15926 = SURFACE_STYLE_FILL_AREA(#15927);
#15927 = FILL_AREA_STYLE('',(#15928));
#15928 = FILL_AREA_STYLE_COLOUR('',#14889);
#15929 = STYLED_ITEM('color',(#15930),#14085);
#15930 = PRESENTATION_STYLE_ASSIGNMENT((#15931));
#15931 = SURFACE_STYLE_USAGE(.BOTH.,#15932);
#15932 = SURFACE_SIDE_STYLE('',(#15933));
#15933 = SURFACE_STYLE_FILL_AREA(#15934);
#15934 = FILL_AREA_STYLE('',(#15935));
#15935 = FILL_AREA_STYLE_COLOUR('',#14889);
#15936 = STYLED_ITEM('color',(#15937),#14102);
#15937 = PRESENTATION_STYLE_ASSIGNMENT((#15938));
#15938 = SURFACE_STYLE_USAGE(.BOTH.,#15939);
#15939 = SURFACE_SIDE_STYLE('',(#15940));
#15940 = SURFACE_STYLE_FILL_AREA(#15941);
#15941 = FILL_AREA_STYLE('',(#15942));
#15942 = FILL_AREA_STYLE_COLOUR('',#14889);
#15943 = STYLED_ITEM('color',(#15944),#14134);
#15944 = PRESENTATION_STYLE_ASSIGNMENT((#15945));
#15945 = SURFACE_STYLE_USAGE(.BOTH.,#15946);
#15946 = SURFACE_SIDE_STYLE('',(#15947));
#15947 = SURFACE_STYLE_FILL_AREA(#15948);
#15948 = FILL_AREA_STYLE('',(#15949));
#15949 = FILL_AREA_STYLE_COLOUR('',#14889);
#15950 = STYLED_ITEM('color',(#15951),#14166);
#15951 = PRESENTATION_STYLE_ASSIGNMENT((#15952));
#15952 = SURFACE_STYLE_USAGE(.BOTH.,#15953);
#15953 = SURFACE_SIDE_STYLE('',(#15954));
#15954 = SURFACE_STYLE_FILL_AREA(#15955);
#15955 = FILL_AREA_STYLE('',(#15956));
#15956 = FILL_AREA_STYLE_COLOUR('',#14889);
#15957 = STYLED_ITEM('color',(#15958),#14183);
#15958 = PRESENTATION_STYLE_ASSIGNMENT((#15959));
#15959 = SURFACE_STYLE_USAGE(.BOTH.,#15960);
#15960 = SURFACE_SIDE_STYLE('',(#15961));
#15961 = SURFACE_STYLE_FILL_AREA(#15962);
#15962 = FILL_AREA_STYLE('',(#15963));
#15963 = FILL_AREA_STYLE_COLOUR('',#14762);
#15964 = STYLED_ITEM('color',(#15965),#14200);
#15965 = PRESENTATION_STYLE_ASSIGNMENT((#15966));
#15966 = SURFACE_STYLE_USAGE(.BOTH.,#15967);
#15967 = SURFACE_SIDE_STYLE('',(#15968));
#15968 = SURFACE_STYLE_FILL_AREA(#15969);
#15969 = FILL_AREA_STYLE('',(#15970));
#15970 = FILL_AREA_STYLE_COLOUR('',#14889);
#15971 = STYLED_ITEM('color',(#15972),#14217);
#15972 = PRESENTATION_STYLE_ASSIGNMENT((#15973));
#15973 = SURFACE_STYLE_USAGE(.BOTH.,#15974);
#15974 = SURFACE_SIDE_STYLE('',(#15975));
#15975 = SURFACE_STYLE_FILL_AREA(#15976);
#15976 = FILL_AREA_STYLE('',(#15977));
#15977 = FILL_AREA_STYLE_COLOUR('',#14762);
#15978 = STYLED_ITEM('color',(#15979),#14240);
#15979 = PRESENTATION_STYLE_ASSIGNMENT((#15980));
#15980 = SURFACE_STYLE_USAGE(.BOTH.,#15981);
#15981 = SURFACE_SIDE_STYLE('',(#15982));
#15982 = SURFACE_STYLE_FILL_AREA(#15983);
#15983 = FILL_AREA_STYLE('',(#15984));
#15984 = FILL_AREA_STYLE_COLOUR('',#14889);
#15985 = STYLED_ITEM('color',(#15986),#14257);
#15986 = PRESENTATION_STYLE_ASSIGNMENT((#15987));
#15987 = SURFACE_STYLE_USAGE(.BOTH.,#15988);
#15988 = SURFACE_SIDE_STYLE('',(#15989));
#15989 = SURFACE_STYLE_FILL_AREA(#15990);
#15990 = FILL_AREA_STYLE('',(#15991));
#15991 = FILL_AREA_STYLE_COLOUR('',#14889);
#15992 = STYLED_ITEM('color',(#15993),#14269);
#15993 = PRESENTATION_STYLE_ASSIGNMENT((#15994));
#15994 = SURFACE_STYLE_USAGE(.BOTH.,#15995);
#15995 = SURFACE_SIDE_STYLE('',(#15996));
#15996 = SURFACE_STYLE_FILL_AREA(#15997);
#15997 = FILL_AREA_STYLE('',(#15998));
#15998 = FILL_AREA_STYLE_COLOUR('',#14889);
#15999 = STYLED_ITEM('color',(#16000),#14286);
#16000 = PRESENTATION_STYLE_ASSIGNMENT((#16001));
#16001 = SURFACE_STYLE_USAGE(.BOTH.,#16002);
#16002 = SURFACE_SIDE_STYLE('',(#16003));
#16003 = SURFACE_STYLE_FILL_AREA(#16004);
#16004 = FILL_AREA_STYLE('',(#16005));
#16005 = FILL_AREA_STYLE_COLOUR('',#14889);
#16006 = STYLED_ITEM('color',(#16007),#14303);
#16007 = PRESENTATION_STYLE_ASSIGNMENT((#16008));
#16008 = SURFACE_STYLE_USAGE(.BOTH.,#16009);
#16009 = SURFACE_SIDE_STYLE('',(#16010));
#16010 = SURFACE_STYLE_FILL_AREA(#16011);
#16011 = FILL_AREA_STYLE('',(#16012));
#16012 = FILL_AREA_STYLE_COLOUR('',#14889);
#16013 = STYLED_ITEM('color',(#16014),#14320);
#16014 = PRESENTATION_STYLE_ASSIGNMENT((#16015));
#16015 = SURFACE_STYLE_USAGE(.BOTH.,#16016);
#16016 = SURFACE_SIDE_STYLE('',(#16017));
#16017 = SURFACE_STYLE_FILL_AREA(#16018);
#16018 = FILL_AREA_STYLE('',(#16019));
#16019 = FILL_AREA_STYLE_COLOUR('',#14889);
#16020 = STYLED_ITEM('color',(#16021),#14332);
#16021 = PRESENTATION_STYLE_ASSIGNMENT((#16022));
#16022 = SURFACE_STYLE_USAGE(.BOTH.,#16023);
#16023 = SURFACE_SIDE_STYLE('',(#16024));
#16024 = SURFACE_STYLE_FILL_AREA(#16025);
#16025 = FILL_AREA_STYLE('',(#16026));
#16026 = FILL_AREA_STYLE_COLOUR('',#14889);
#16027 = STYLED_ITEM('color',(#16028),#14344);
#16028 = PRESENTATION_STYLE_ASSIGNMENT((#16029));
#16029 = SURFACE_STYLE_USAGE(.BOTH.,#16030);
#16030 = SURFACE_SIDE_STYLE('',(#16031));
#16031 = SURFACE_STYLE_FILL_AREA(#16032);
#16032 = FILL_AREA_STYLE('',(#16033));
#16033 = FILL_AREA_STYLE_COLOUR('',#14889);
#16034 = STYLED_ITEM('color',(#16035),#14356);
#16035 = PRESENTATION_STYLE_ASSIGNMENT((#16036));
#16036 = SURFACE_STYLE_USAGE(.BOTH.,#16037);
#16037 = SURFACE_SIDE_STYLE('',(#16038));
#16038 = SURFACE_STYLE_FILL_AREA(#16039);
#16039 = FILL_AREA_STYLE('',(#16040));
#16040 = FILL_AREA_STYLE_COLOUR('',#14889);
#16041 = STYLED_ITEM('color',(#16042),#14368);
#16042 = PRESENTATION_STYLE_ASSIGNMENT((#16043));
#16043 = SURFACE_STYLE_USAGE(.BOTH.,#16044);
#16044 = SURFACE_SIDE_STYLE('',(#16045));
#16045 = SURFACE_STYLE_FILL_AREA(#16046);
#16046 = FILL_AREA_STYLE('',(#16047));
#16047 = FILL_AREA_STYLE_COLOUR('',#15673);
#16048 = STYLED_ITEM('color',(#16049),#14393);
#16049 = PRESENTATION_STYLE_ASSIGNMENT((#16050));
#16050 = SURFACE_STYLE_USAGE(.BOTH.,#16051);
#16051 = SURFACE_SIDE_STYLE('',(#16052));
#16052 = SURFACE_STYLE_FILL_AREA(#16053);
#16053 = FILL_AREA_STYLE('',(#16054));
#16054 = FILL_AREA_STYLE_COLOUR('',#15673);
#16055 = MECHANICAL_DESIGN_GEOMETRIC_PRESENTATION_REPRESENTATION('',(
    #16056,#16063,#16070,#16077,#16084,#16091,#16098,#16105,#16113,
    #16120,#16127,#16134,#16141,#16148,#16156,#16163,#16170,#16177,
    #16184,#16191,#16198,#16205,#16212,#16219,#16226,#16233),#1790);
#16056 = STYLED_ITEM('color',(#16057),#1002);
#16057 = PRESENTATION_STYLE_ASSIGNMENT((#16058));
#16058 = SURFACE_STYLE_USAGE(.BOTH.,#16059);
#16059 = SURFACE_SIDE_STYLE('',(#16060));
#16060 = SURFACE_STYLE_FILL_AREA(#16061);
#16061 = FILL_AREA_STYLE('',(#16062));
#16062 = FILL_AREA_STYLE_COLOUR('',#14889);
#16063 = STYLED_ITEM('color',(#16064),#1042);
#16064 = PRESENTATION_STYLE_ASSIGNMENT((#16065));
#16065 = SURFACE_STYLE_USAGE(.BOTH.,#16066);
#16066 = SURFACE_SIDE_STYLE('',(#16067));
#16067 = SURFACE_STYLE_FILL_AREA(#16068);
#16068 = FILL_AREA_STYLE('',(#16069));
#16069 = FILL_AREA_STYLE_COLOUR('',#14889);
#16070 = STYLED_ITEM('color',(#16071),#1125);
#16071 = PRESENTATION_STYLE_ASSIGNMENT((#16072));
#16072 = SURFACE_STYLE_USAGE(.BOTH.,#16073);
#16073 = SURFACE_SIDE_STYLE('',(#16074));
#16074 = SURFACE_STYLE_FILL_AREA(#16075);
#16075 = FILL_AREA_STYLE('',(#16076));
#16076 = FILL_AREA_STYLE_COLOUR('',#14889);
#16077 = STYLED_ITEM('color',(#16078),#1150);
#16078 = PRESENTATION_STYLE_ASSIGNMENT((#16079));
#16079 = SURFACE_STYLE_USAGE(.BOTH.,#16080);
#16080 = SURFACE_SIDE_STYLE('',(#16081));
#16081 = SURFACE_STYLE_FILL_AREA(#16082);
#16082 = FILL_AREA_STYLE('',(#16083));
#16083 = FILL_AREA_STYLE_COLOUR('',#14889);
#16084 = STYLED_ITEM('color',(#16085),#1175);
#16085 = PRESENTATION_STYLE_ASSIGNMENT((#16086));
#16086 = SURFACE_STYLE_USAGE(.BOTH.,#16087);
#16087 = SURFACE_SIDE_STYLE('',(#16088));
#16088 = SURFACE_STYLE_FILL_AREA(#16089);
#16089 = FILL_AREA_STYLE('',(#16090));
#16090 = FILL_AREA_STYLE_COLOUR('',#14889);
#16091 = STYLED_ITEM('color',(#16092),#1242);
#16092 = PRESENTATION_STYLE_ASSIGNMENT((#16093));
#16093 = SURFACE_STYLE_USAGE(.BOTH.,#16094);
#16094 = SURFACE_SIDE_STYLE('',(#16095));
#16095 = SURFACE_STYLE_FILL_AREA(#16096);
#16096 = FILL_AREA_STYLE('',(#16097));
#16097 = FILL_AREA_STYLE_COLOUR('',#14889);
#16098 = STYLED_ITEM('color',(#16099),#1259);
#16099 = PRESENTATION_STYLE_ASSIGNMENT((#16100));
#16100 = SURFACE_STYLE_USAGE(.BOTH.,#16101);
#16101 = SURFACE_SIDE_STYLE('',(#16102));
#16102 = SURFACE_STYLE_FILL_AREA(#16103);
#16103 = FILL_AREA_STYLE('',(#16104));
#16104 = FILL_AREA_STYLE_COLOUR('',#14889);
#16105 = STYLED_ITEM('color',(#16106),#1276);
#16106 = PRESENTATION_STYLE_ASSIGNMENT((#16107));
#16107 = SURFACE_STYLE_USAGE(.BOTH.,#16108);
#16108 = SURFACE_SIDE_STYLE('',(#16109));
#16109 = SURFACE_STYLE_FILL_AREA(#16110);
#16110 = FILL_AREA_STYLE('',(#16111));
#16111 = FILL_AREA_STYLE_COLOUR('',#16112);
#16112 = COLOUR_RGB('',0.894999966383,0.890999961016,0.813000030345);
#16113 = STYLED_ITEM('color',(#16114),#1325);
#16114 = PRESENTATION_STYLE_ASSIGNMENT((#16115));
#16115 = SURFACE_STYLE_USAGE(.BOTH.,#16116);
#16116 = SURFACE_SIDE_STYLE('',(#16117));
#16117 = SURFACE_STYLE_FILL_AREA(#16118);
#16118 = FILL_AREA_STYLE('',(#16119));
#16119 = FILL_AREA_STYLE_COLOUR('',#14889);
#16120 = STYLED_ITEM('color',(#16121),#1342);
#16121 = PRESENTATION_STYLE_ASSIGNMENT((#16122));
#16122 = SURFACE_STYLE_USAGE(.BOTH.,#16123);
#16123 = SURFACE_SIDE_STYLE('',(#16124));
#16124 = SURFACE_STYLE_FILL_AREA(#16125);
#16125 = FILL_AREA_STYLE('',(#16126));
#16126 = FILL_AREA_STYLE_COLOUR('',#14889);
#16127 = STYLED_ITEM('color',(#16128),#1359);
#16128 = PRESENTATION_STYLE_ASSIGNMENT((#16129));
#16129 = SURFACE_STYLE_USAGE(.BOTH.,#16130);
#16130 = SURFACE_SIDE_STYLE('',(#16131));
#16131 = SURFACE_STYLE_FILL_AREA(#16132);
#16132 = FILL_AREA_STYLE('',(#16133));
#16133 = FILL_AREA_STYLE_COLOUR('',#16112);
#16134 = STYLED_ITEM('color',(#16135),#1408);
#16135 = PRESENTATION_STYLE_ASSIGNMENT((#16136));
#16136 = SURFACE_STYLE_USAGE(.BOTH.,#16137);
#16137 = SURFACE_SIDE_STYLE('',(#16138));
#16138 = SURFACE_STYLE_FILL_AREA(#16139);
#16139 = FILL_AREA_STYLE('',(#16140));
#16140 = FILL_AREA_STYLE_COLOUR('',#16112);
#16141 = STYLED_ITEM('color',(#16142),#1425);
#16142 = PRESENTATION_STYLE_ASSIGNMENT((#16143));
#16143 = SURFACE_STYLE_USAGE(.BOTH.,#16144);
#16144 = SURFACE_SIDE_STYLE('',(#16145));
#16145 = SURFACE_STYLE_FILL_AREA(#16146);
#16146 = FILL_AREA_STYLE('',(#16147));
#16147 = FILL_AREA_STYLE_COLOUR('',#14889);
#16148 = STYLED_ITEM('color',(#16149),#1494);
#16149 = PRESENTATION_STYLE_ASSIGNMENT((#16150));
#16150 = SURFACE_STYLE_USAGE(.BOTH.,#16151);
#16151 = SURFACE_SIDE_STYLE('',(#16152));
#16152 = SURFACE_STYLE_FILL_AREA(#16153);
#16153 = FILL_AREA_STYLE('',(#16154));
#16154 = FILL_AREA_STYLE_COLOUR('',#16155);
#16155 = COLOUR_RGB('',8.200000279077E-02,8.600000121357E-02,
  9.399999706163E-02);
#16156 = STYLED_ITEM('color',(#16157),#1525);
#16157 = PRESENTATION_STYLE_ASSIGNMENT((#16158));
#16158 = SURFACE_STYLE_USAGE(.BOTH.,#16159);
#16159 = SURFACE_SIDE_STYLE('',(#16160));
#16160 = SURFACE_STYLE_FILL_AREA(#16161);
#16161 = FILL_AREA_STYLE('',(#16162));
#16162 = FILL_AREA_STYLE_COLOUR('',#16155);
#16163 = STYLED_ITEM('color',(#16164),#1549);
#16164 = PRESENTATION_STYLE_ASSIGNMENT((#16165));
#16165 = SURFACE_STYLE_USAGE(.BOTH.,#16166);
#16166 = SURFACE_SIDE_STYLE('',(#16167));
#16167 = SURFACE_STYLE_FILL_AREA(#16168);
#16168 = FILL_AREA_STYLE('',(#16169));
#16169 = FILL_AREA_STYLE_COLOUR('',#14889);
#16170 = STYLED_ITEM('color',(#16171),#1618);
#16171 = PRESENTATION_STYLE_ASSIGNMENT((#16172));
#16172 = SURFACE_STYLE_USAGE(.BOTH.,#16173);
#16173 = SURFACE_SIDE_STYLE('',(#16174));
#16174 = SURFACE_STYLE_FILL_AREA(#16175);
#16175 = FILL_AREA_STYLE('',(#16176));
#16176 = FILL_AREA_STYLE_COLOUR('',#16155);
#16177 = STYLED_ITEM('color',(#16178),#1642);
#16178 = PRESENTATION_STYLE_ASSIGNMENT((#16179));
#16179 = SURFACE_STYLE_USAGE(.BOTH.,#16180);
#16180 = SURFACE_SIDE_STYLE('',(#16181));
#16181 = SURFACE_STYLE_FILL_AREA(#16182);
#16182 = FILL_AREA_STYLE('',(#16183));
#16183 = FILL_AREA_STYLE_COLOUR('',#14889);
#16184 = STYLED_ITEM('color',(#16185),#1659);
#16185 = PRESENTATION_STYLE_ASSIGNMENT((#16186));
#16186 = SURFACE_STYLE_USAGE(.BOTH.,#16187);
#16187 = SURFACE_SIDE_STYLE('',(#16188));
#16188 = SURFACE_STYLE_FILL_AREA(#16189);
#16189 = FILL_AREA_STYLE('',(#16190));
#16190 = FILL_AREA_STYLE_COLOUR('',#14889);
#16191 = STYLED_ITEM('color',(#16192),#1676);
#16192 = PRESENTATION_STYLE_ASSIGNMENT((#16193));
#16193 = SURFACE_STYLE_USAGE(.BOTH.,#16194);
#16194 = SURFACE_SIDE_STYLE('',(#16195));
#16195 = SURFACE_STYLE_FILL_AREA(#16196);
#16196 = FILL_AREA_STYLE('',(#16197));
#16197 = FILL_AREA_STYLE_COLOUR('',#14889);
#16198 = STYLED_ITEM('color',(#16199),#1693);
#16199 = PRESENTATION_STYLE_ASSIGNMENT((#16200));
#16200 = SURFACE_STYLE_USAGE(.BOTH.,#16201);
#16201 = SURFACE_SIDE_STYLE('',(#16202));
#16202 = SURFACE_STYLE_FILL_AREA(#16203);
#16203 = FILL_AREA_STYLE('',(#16204));
#16204 = FILL_AREA_STYLE_COLOUR('',#14889);
#16205 = STYLED_ITEM('color',(#16206),#1710);
#16206 = PRESENTATION_STYLE_ASSIGNMENT((#16207));
#16207 = SURFACE_STYLE_USAGE(.BOTH.,#16208);
#16208 = SURFACE_SIDE_STYLE('',(#16209));
#16209 = SURFACE_STYLE_FILL_AREA(#16210);
#16210 = FILL_AREA_STYLE('',(#16211));
#16211 = FILL_AREA_STYLE_COLOUR('',#14889);
#16212 = STYLED_ITEM('color',(#16213),#1727);
#16213 = PRESENTATION_STYLE_ASSIGNMENT((#16214));
#16214 = SURFACE_STYLE_USAGE(.BOTH.,#16215);
#16215 = SURFACE_SIDE_STYLE('',(#16216));
#16216 = SURFACE_STYLE_FILL_AREA(#16217);
#16217 = FILL_AREA_STYLE('',(#16218));
#16218 = FILL_AREA_STYLE_COLOUR('',#14889);
#16219 = STYLED_ITEM('color',(#16220),#1744);
#16220 = PRESENTATION_STYLE_ASSIGNMENT((#16221));
#16221 = SURFACE_STYLE_USAGE(.BOTH.,#16222);
#16222 = SURFACE_SIDE_STYLE('',(#16223));
#16223 = SURFACE_STYLE_FILL_AREA(#16224);
#16224 = FILL_AREA_STYLE('',(#16225));
#16225 = FILL_AREA_STYLE_COLOUR('',#14889);
#16226 = STYLED_ITEM('color',(#16227),#1761);
#16227 = PRESENTATION_STYLE_ASSIGNMENT((#16228));
#16228 = SURFACE_STYLE_USAGE(.BOTH.,#16229);
#16229 = SURFACE_SIDE_STYLE('',(#16230));
#16230 = SURFACE_STYLE_FILL_AREA(#16231);
#16231 = FILL_AREA_STYLE('',(#16232));
#16232 = FILL_AREA_STYLE_COLOUR('',#16155);
#16233 = STYLED_ITEM('color',(#16234),#1778);
#16234 = PRESENTATION_STYLE_ASSIGNMENT((#16235));
#16235 = SURFACE_STYLE_USAGE(.BOTH.,#16236);
#16236 = SURFACE_SIDE_STYLE('',(#16237));
#16237 = SURFACE_STYLE_FILL_AREA(#16238);
#16238 = FILL_AREA_STYLE('',(#16239));
#16239 = FILL_AREA_STYLE_COLOUR('',#16155);
#16240 = MECHANICAL_DESIGN_GEOMETRIC_PRESENTATION_REPRESENTATION('',(
    #16241),#14720);
#16241 = STYLED_ITEM('color',(#16242),#14426);
#16242 = PRESENTATION_STYLE_ASSIGNMENT((#16243));
#16243 = SURFACE_STYLE_USAGE(.BOTH.,#16244);
#16244 = SURFACE_SIDE_STYLE('',(#16245));
#16245 = SURFACE_STYLE_FILL_AREA(#16246);
#16246 = FILL_AREA_STYLE('',(#16247));
#16247 = FILL_AREA_STYLE_COLOUR('',#16248);
#16248 = COLOUR_RGB('',0.313304153717,0.484529207832,0.410020903123);
#16249 = MECHANICAL_DESIGN_GEOMETRIC_PRESENTATION_REPRESENTATION('',(
    #16250),#11716);
#16250 = STYLED_ITEM('color',(#16251),#6880);
#16251 = PRESENTATION_STYLE_ASSIGNMENT((#16252,#16258));
#16252 = SURFACE_STYLE_USAGE(.BOTH.,#16253);
#16253 = SURFACE_SIDE_STYLE('',(#16254));
#16254 = SURFACE_STYLE_FILL_AREA(#16255);
#16255 = FILL_AREA_STYLE('',(#16256));
#16256 = FILL_AREA_STYLE_COLOUR('',#16257);
#16257 = COLOUR_RGB('',0.784313732475,0.784313732475,0.784313732475);
#16258 = CURVE_STYLE('',#16259,POSITIVE_LENGTH_MEASURE(0.1),#14742);
#16259 = DRAUGHTING_PRE_DEFINED_CURVE_FONT('continuous');
#16260 = MECHANICAL_DESIGN_GEOMETRIC_PRESENTATION_REPRESENTATION('',(
    #16261,#16268,#16275,#16282,#16289,#16296,#16303,#16310,#16317,
    #16324,#16331,#16339,#16346,#16353,#16360,#16367,#16374,#16381,
    #16388,#16395,#16402,#16409,#16416,#16423,#16430,#16437,#16444,
    #16451),#2691);
#16261 = STYLED_ITEM('color',(#16262),#1839);
#16262 = PRESENTATION_STYLE_ASSIGNMENT((#16263));
#16263 = SURFACE_STYLE_USAGE(.BOTH.,#16264);
#16264 = SURFACE_SIDE_STYLE('',(#16265));
#16265 = SURFACE_STYLE_FILL_AREA(#16266);
#16266 = FILL_AREA_STYLE('',(#16267));
#16267 = FILL_AREA_STYLE_COLOUR('',#14889);
#16268 = STYLED_ITEM('color',(#16269),#1915);
#16269 = PRESENTATION_STYLE_ASSIGNMENT((#16270));
#16270 = SURFACE_STYLE_USAGE(.BOTH.,#16271);
#16271 = SURFACE_SIDE_STYLE('',(#16272));
#16272 = SURFACE_STYLE_FILL_AREA(#16273);
#16273 = FILL_AREA_STYLE('',(#16274));
#16274 = FILL_AREA_STYLE_COLOUR('',#14889);
#16275 = STYLED_ITEM('color',(#16276),#1946);
#16276 = PRESENTATION_STYLE_ASSIGNMENT((#16277));
#16277 = SURFACE_STYLE_USAGE(.BOTH.,#16278);
#16278 = SURFACE_SIDE_STYLE('',(#16279));
#16279 = SURFACE_STYLE_FILL_AREA(#16280);
#16280 = FILL_AREA_STYLE('',(#16281));
#16281 = FILL_AREA_STYLE_COLOUR('',#14889);
#16282 = STYLED_ITEM('color',(#16283),#1971);
#16283 = PRESENTATION_STYLE_ASSIGNMENT((#16284));
#16284 = SURFACE_STYLE_USAGE(.BOTH.,#16285);
#16285 = SURFACE_SIDE_STYLE('',(#16286));
#16286 = SURFACE_STYLE_FILL_AREA(#16287);
#16287 = FILL_AREA_STYLE('',(#16288));
#16288 = FILL_AREA_STYLE_COLOUR('',#14889);
#16289 = STYLED_ITEM('color',(#16290),#1996);
#16290 = PRESENTATION_STYLE_ASSIGNMENT((#16291));
#16291 = SURFACE_STYLE_USAGE(.BOTH.,#16292);
#16292 = SURFACE_SIDE_STYLE('',(#16293));
#16293 = SURFACE_STYLE_FILL_AREA(#16294);
#16294 = FILL_AREA_STYLE('',(#16295));
#16295 = FILL_AREA_STYLE_COLOUR('',#14889);
#16296 = STYLED_ITEM('color',(#16297),#2020);
#16297 = PRESENTATION_STYLE_ASSIGNMENT((#16298));
#16298 = SURFACE_STYLE_USAGE(.BOTH.,#16299);
#16299 = SURFACE_SIDE_STYLE('',(#16300));
#16300 = SURFACE_STYLE_FILL_AREA(#16301);
#16301 = FILL_AREA_STYLE('',(#16302));
#16302 = FILL_AREA_STYLE_COLOUR('',#14889);
#16303 = STYLED_ITEM('color',(#16304),#2044);
#16304 = PRESENTATION_STYLE_ASSIGNMENT((#16305));
#16305 = SURFACE_STYLE_USAGE(.BOTH.,#16306);
#16306 = SURFACE_SIDE_STYLE('',(#16307));
#16307 = SURFACE_STYLE_FILL_AREA(#16308);
#16308 = FILL_AREA_STYLE('',(#16309));
#16309 = FILL_AREA_STYLE_COLOUR('',#14889);
#16310 = STYLED_ITEM('color',(#16311),#2069);
#16311 = PRESENTATION_STYLE_ASSIGNMENT((#16312));
#16312 = SURFACE_STYLE_USAGE(.BOTH.,#16313);
#16313 = SURFACE_SIDE_STYLE('',(#16314));
#16314 = SURFACE_STYLE_FILL_AREA(#16315);
#16315 = FILL_AREA_STYLE('',(#16316));
#16316 = FILL_AREA_STYLE_COLOUR('',#14889);
#16317 = STYLED_ITEM('color',(#16318),#2094);
#16318 = PRESENTATION_STYLE_ASSIGNMENT((#16319));
#16319 = SURFACE_STYLE_USAGE(.BOTH.,#16320);
#16320 = SURFACE_SIDE_STYLE('',(#16321));
#16321 = SURFACE_STYLE_FILL_AREA(#16322);
#16322 = FILL_AREA_STYLE('',(#16323));
#16323 = FILL_AREA_STYLE_COLOUR('',#14889);
#16324 = STYLED_ITEM('color',(#16325),#2111);
#16325 = PRESENTATION_STYLE_ASSIGNMENT((#16326));
#16326 = SURFACE_STYLE_USAGE(.BOTH.,#16327);
#16327 = SURFACE_SIDE_STYLE('',(#16328));
#16328 = SURFACE_STYLE_FILL_AREA(#16329);
#16329 = FILL_AREA_STYLE('',(#16330));
#16330 = FILL_AREA_STYLE_COLOUR('',#14889);
#16331 = STYLED_ITEM('color',(#16332),#2197);
#16332 = PRESENTATION_STYLE_ASSIGNMENT((#16333));
#16333 = SURFACE_STYLE_USAGE(.BOTH.,#16334);
#16334 = SURFACE_SIDE_STYLE('',(#16335));
#16335 = SURFACE_STYLE_FILL_AREA(#16336);
#16336 = FILL_AREA_STYLE('',(#16337));
#16337 = FILL_AREA_STYLE_COLOUR('',#16338);
#16338 = COLOUR_RGB('',0.379000005575,0.270000008848,0.214999999939);
#16339 = STYLED_ITEM('color',(#16340),#2229);
#16340 = PRESENTATION_STYLE_ASSIGNMENT((#16341));
#16341 = SURFACE_STYLE_USAGE(.BOTH.,#16342);
#16342 = SURFACE_SIDE_STYLE('',(#16343));
#16343 = SURFACE_STYLE_FILL_AREA(#16344);
#16344 = FILL_AREA_STYLE('',(#16345));
#16345 = FILL_AREA_STYLE_COLOUR('',#16338);
#16346 = STYLED_ITEM('color',(#16347),#2253);
#16347 = PRESENTATION_STYLE_ASSIGNMENT((#16348));
#16348 = SURFACE_STYLE_USAGE(.BOTH.,#16349);
#16349 = SURFACE_SIDE_STYLE('',(#16350));
#16350 = SURFACE_STYLE_FILL_AREA(#16351);
#16351 = FILL_AREA_STYLE('',(#16352));
#16352 = FILL_AREA_STYLE_COLOUR('',#16338);
#16353 = STYLED_ITEM('color',(#16354),#2278);
#16354 = PRESENTATION_STYLE_ASSIGNMENT((#16355));
#16355 = SURFACE_STYLE_USAGE(.BOTH.,#16356);
#16356 = SURFACE_SIDE_STYLE('',(#16357));
#16357 = SURFACE_STYLE_FILL_AREA(#16358);
#16358 = FILL_AREA_STYLE('',(#16359));
#16359 = FILL_AREA_STYLE_COLOUR('',#16338);
#16360 = STYLED_ITEM('color',(#16361),#2302);
#16361 = PRESENTATION_STYLE_ASSIGNMENT((#16362));
#16362 = SURFACE_STYLE_USAGE(.BOTH.,#16363);
#16363 = SURFACE_SIDE_STYLE('',(#16364));
#16364 = SURFACE_STYLE_FILL_AREA(#16365);
#16365 = FILL_AREA_STYLE('',(#16366));
#16366 = FILL_AREA_STYLE_COLOUR('',#16338);
#16367 = STYLED_ITEM('color',(#16368),#2327);
#16368 = PRESENTATION_STYLE_ASSIGNMENT((#16369));
#16369 = SURFACE_STYLE_USAGE(.BOTH.,#16370);
#16370 = SURFACE_SIDE_STYLE('',(#16371));
#16371 = SURFACE_STYLE_FILL_AREA(#16372);
#16372 = FILL_AREA_STYLE('',(#16373));
#16373 = FILL_AREA_STYLE_COLOUR('',#16338);
#16374 = STYLED_ITEM('color',(#16375),#2351);
#16375 = PRESENTATION_STYLE_ASSIGNMENT((#16376));
#16376 = SURFACE_STYLE_USAGE(.BOTH.,#16377);
#16377 = SURFACE_SIDE_STYLE('',(#16378));
#16378 = SURFACE_STYLE_FILL_AREA(#16379);
#16379 = FILL_AREA_STYLE('',(#16380));
#16380 = FILL_AREA_STYLE_COLOUR('',#16338);
#16381 = STYLED_ITEM('color',(#16382),#2376);
#16382 = PRESENTATION_STYLE_ASSIGNMENT((#16383));
#16383 = SURFACE_STYLE_USAGE(.BOTH.,#16384);
#16384 = SURFACE_SIDE_STYLE('',(#16385));
#16385 = SURFACE_STYLE_FILL_AREA(#16386);
#16386 = FILL_AREA_STYLE('',(#16387));
#16387 = FILL_AREA_STYLE_COLOUR('',#16338);
#16388 = STYLED_ITEM('color',(#16389),#2393);
#16389 = PRESENTATION_STYLE_ASSIGNMENT((#16390));
#16390 = SURFACE_STYLE_USAGE(.BOTH.,#16391);
#16391 = SURFACE_SIDE_STYLE('',(#16392));
#16392 = SURFACE_STYLE_FILL_AREA(#16393);
#16393 = FILL_AREA_STYLE('',(#16394));
#16394 = FILL_AREA_STYLE_COLOUR('',#14889);
#16395 = STYLED_ITEM('color',(#16396),#2479);
#16396 = PRESENTATION_STYLE_ASSIGNMENT((#16397));
#16397 = SURFACE_STYLE_USAGE(.BOTH.,#16398);
#16398 = SURFACE_SIDE_STYLE('',(#16399));
#16399 = SURFACE_STYLE_FILL_AREA(#16400);
#16400 = FILL_AREA_STYLE('',(#16401));
#16401 = FILL_AREA_STYLE_COLOUR('',#14889);
#16402 = STYLED_ITEM('color',(#16403),#2510);
#16403 = PRESENTATION_STYLE_ASSIGNMENT((#16404));
#16404 = SURFACE_STYLE_USAGE(.BOTH.,#16405);
#16405 = SURFACE_SIDE_STYLE('',(#16406));
#16406 = SURFACE_STYLE_FILL_AREA(#16407);
#16407 = FILL_AREA_STYLE('',(#16408));
#16408 = FILL_AREA_STYLE_COLOUR('',#14889);
#16409 = STYLED_ITEM('color',(#16410),#2535);
#16410 = PRESENTATION_STYLE_ASSIGNMENT((#16411));
#16411 = SURFACE_STYLE_USAGE(.BOTH.,#16412);
#16412 = SURFACE_SIDE_STYLE('',(#16413));
#16413 = SURFACE_STYLE_FILL_AREA(#16414);
#16414 = FILL_AREA_STYLE('',(#16415));
#16415 = FILL_AREA_STYLE_COLOUR('',#14889);
#16416 = STYLED_ITEM('color',(#16417),#2560);
#16417 = PRESENTATION_STYLE_ASSIGNMENT((#16418));
#16418 = SURFACE_STYLE_USAGE(.BOTH.,#16419);
#16419 = SURFACE_SIDE_STYLE('',(#16420));
#16420 = SURFACE_STYLE_FILL_AREA(#16421);
#16421 = FILL_AREA_STYLE('',(#16422));
#16422 = FILL_AREA_STYLE_COLOUR('',#14889);
#16423 = STYLED_ITEM('color',(#16424),#2584);
#16424 = PRESENTATION_STYLE_ASSIGNMENT((#16425));
#16425 = SURFACE_STYLE_USAGE(.BOTH.,#16426);
#16426 = SURFACE_SIDE_STYLE('',(#16427));
#16427 = SURFACE_STYLE_FILL_AREA(#16428);
#16428 = FILL_AREA_STYLE('',(#16429));
#16429 = FILL_AREA_STYLE_COLOUR('',#14889);
#16430 = STYLED_ITEM('color',(#16431),#2608);
#16431 = PRESENTATION_STYLE_ASSIGNMENT((#16432));
#16432 = SURFACE_STYLE_USAGE(.BOTH.,#16433);
#16433 = SURFACE_SIDE_STYLE('',(#16434));
#16434 = SURFACE_STYLE_FILL_AREA(#16435);
#16435 = FILL_AREA_STYLE('',(#16436));
#16436 = FILL_AREA_STYLE_COLOUR('',#14889);
#16437 = STYLED_ITEM('color',(#16438),#2633);
#16438 = PRESENTATION_STYLE_ASSIGNMENT((#16439));
#16439 = SURFACE_STYLE_USAGE(.BOTH.,#16440);
#16440 = SURFACE_SIDE_STYLE('',(#16441));
#16441 = SURFACE_STYLE_FILL_AREA(#16442);
#16442 = FILL_AREA_STYLE('',(#16443));
#16443 = FILL_AREA_STYLE_COLOUR('',#14889);
#16444 = STYLED_ITEM('color',(#16445),#2658);
#16445 = PRESENTATION_STYLE_ASSIGNMENT((#16446));
#16446 = SURFACE_STYLE_USAGE(.BOTH.,#16447);
#16447 = SURFACE_SIDE_STYLE('',(#16448));
#16448 = SURFACE_STYLE_FILL_AREA(#16449);
#16449 = FILL_AREA_STYLE('',(#16450));
#16450 = FILL_AREA_STYLE_COLOUR('',#14889);
#16451 = STYLED_ITEM('color',(#16452),#2675);
#16452 = PRESENTATION_STYLE_ASSIGNMENT((#16453));
#16453 = SURFACE_STYLE_USAGE(.BOTH.,#16454);
#16454 = SURFACE_SIDE_STYLE('',(#16455));
#16455 = SURFACE_STYLE_FILL_AREA(#16456);
#16456 = FILL_AREA_STYLE('',(#16457));
#16457 = FILL_AREA_STYLE_COLOUR('',#14889);
#16458 = MECHANICAL_DESIGN_GEOMETRIC_PRESENTATION_REPRESENTATION('',(
    #16459,#16469,#16476,#16483,#16490,#16497,#16504,#16511,#16518,
    #16525,#16532,#16539,#16546,#16553,#16560,#16567,#16574,#16581,
    #16588,#16595,#16602),#958);
#16459 = STYLED_ITEM('color',(#16460),#104);
#16460 = PRESENTATION_STYLE_ASSIGNMENT((#16461,#16467));
#16461 = SURFACE_STYLE_USAGE(.BOTH.,#16462);
#16462 = SURFACE_SIDE_STYLE('',(#16463));
#16463 = SURFACE_STYLE_FILL_AREA(#16464);
#16464 = FILL_AREA_STYLE('',(#16465));
#16465 = FILL_AREA_STYLE_COLOUR('',#16466);
#16466 = COLOUR_RGB('',0.272999999305,0.272999999305,0.272999999305);
#16467 = CURVE_STYLE('',#16468,POSITIVE_LENGTH_MEASURE(0.1),#14742);
#16468 = DRAUGHTING_PRE_DEFINED_CURVE_FONT('continuous');
#16469 = OVER_RIDING_STYLED_ITEM('overriding color',(#16470),#106,#16459
  );
#16470 = PRESENTATION_STYLE_ASSIGNMENT((#16471));
#16471 = SURFACE_STYLE_USAGE(.BOTH.,#16472);
#16472 = SURFACE_SIDE_STYLE('',(#16473));
#16473 = SURFACE_STYLE_FILL_AREA(#16474);
#16474 = FILL_AREA_STYLE('',(#16475));
#16475 = FILL_AREA_STYLE_COLOUR('',#14889);
#16476 = OVER_RIDING_STYLED_ITEM('overriding color',(#16477),#182,#16459
  );
#16477 = PRESENTATION_STYLE_ASSIGNMENT((#16478));
#16478 = SURFACE_STYLE_USAGE(.BOTH.,#16479);
#16479 = SURFACE_SIDE_STYLE('',(#16480));
#16480 = SURFACE_STYLE_FILL_AREA(#16481);
#16481 = FILL_AREA_STYLE('',(#16482));
#16482 = FILL_AREA_STYLE_COLOUR('',#14889);
#16483 = OVER_RIDING_STYLED_ITEM('overriding color',(#16484),#213,#16459
  );
#16484 = PRESENTATION_STYLE_ASSIGNMENT((#16485));
#16485 = SURFACE_STYLE_USAGE(.BOTH.,#16486);
#16486 = SURFACE_SIDE_STYLE('',(#16487));
#16487 = SURFACE_STYLE_FILL_AREA(#16488);
#16488 = FILL_AREA_STYLE('',(#16489));
#16489 = FILL_AREA_STYLE_COLOUR('',#14889);
#16490 = OVER_RIDING_STYLED_ITEM('overriding color',(#16491),#238,#16459
  );
#16491 = PRESENTATION_STYLE_ASSIGNMENT((#16492));
#16492 = SURFACE_STYLE_USAGE(.BOTH.,#16493);
#16493 = SURFACE_SIDE_STYLE('',(#16494));
#16494 = SURFACE_STYLE_FILL_AREA(#16495);
#16495 = FILL_AREA_STYLE('',(#16496));
#16496 = FILL_AREA_STYLE_COLOUR('',#14889);
#16497 = OVER_RIDING_STYLED_ITEM('overriding color',(#16498),#263,#16459
  );
#16498 = PRESENTATION_STYLE_ASSIGNMENT((#16499));
#16499 = SURFACE_STYLE_USAGE(.BOTH.,#16500);
#16500 = SURFACE_SIDE_STYLE('',(#16501));
#16501 = SURFACE_STYLE_FILL_AREA(#16502);
#16502 = FILL_AREA_STYLE('',(#16503));
#16503 = FILL_AREA_STYLE_COLOUR('',#14889);
#16504 = OVER_RIDING_STYLED_ITEM('overriding color',(#16505),#287,#16459
  );
#16505 = PRESENTATION_STYLE_ASSIGNMENT((#16506));
#16506 = SURFACE_STYLE_USAGE(.BOTH.,#16507);
#16507 = SURFACE_SIDE_STYLE('',(#16508));
#16508 = SURFACE_STYLE_FILL_AREA(#16509);
#16509 = FILL_AREA_STYLE('',(#16510));
#16510 = FILL_AREA_STYLE_COLOUR('',#14889);
#16511 = OVER_RIDING_STYLED_ITEM('overriding color',(#16512),#311,#16459
  );
#16512 = PRESENTATION_STYLE_ASSIGNMENT((#16513));
#16513 = SURFACE_STYLE_USAGE(.BOTH.,#16514);
#16514 = SURFACE_SIDE_STYLE('',(#16515));
#16515 = SURFACE_STYLE_FILL_AREA(#16516);
#16516 = FILL_AREA_STYLE('',(#16517));
#16517 = FILL_AREA_STYLE_COLOUR('',#14889);
#16518 = OVER_RIDING_STYLED_ITEM('overriding color',(#16519),#336,#16459
  );
#16519 = PRESENTATION_STYLE_ASSIGNMENT((#16520));
#16520 = SURFACE_STYLE_USAGE(.BOTH.,#16521);
#16521 = SURFACE_SIDE_STYLE('',(#16522));
#16522 = SURFACE_STYLE_FILL_AREA(#16523);
#16523 = FILL_AREA_STYLE('',(#16524));
#16524 = FILL_AREA_STYLE_COLOUR('',#14889);
#16525 = OVER_RIDING_STYLED_ITEM('overriding color',(#16526),#361,#16459
  );
#16526 = PRESENTATION_STYLE_ASSIGNMENT((#16527));
#16527 = SURFACE_STYLE_USAGE(.BOTH.,#16528);
#16528 = SURFACE_SIDE_STYLE('',(#16529));
#16529 = SURFACE_STYLE_FILL_AREA(#16530);
#16530 = FILL_AREA_STYLE('',(#16531));
#16531 = FILL_AREA_STYLE_COLOUR('',#14889);
#16532 = OVER_RIDING_STYLED_ITEM('overriding color',(#16533),#378,#16459
  );
#16533 = PRESENTATION_STYLE_ASSIGNMENT((#16534));
#16534 = SURFACE_STYLE_USAGE(.BOTH.,#16535);
#16535 = SURFACE_SIDE_STYLE('',(#16536));
#16536 = SURFACE_STYLE_FILL_AREA(#16537);
#16537 = FILL_AREA_STYLE('',(#16538));
#16538 = FILL_AREA_STYLE_COLOUR('',#14889);
#16539 = OVER_RIDING_STYLED_ITEM('overriding color',(#16540),#660,#16459
  );
#16540 = PRESENTATION_STYLE_ASSIGNMENT((#16541));
#16541 = SURFACE_STYLE_USAGE(.BOTH.,#16542);
#16542 = SURFACE_SIDE_STYLE('',(#16543));
#16543 = SURFACE_STYLE_FILL_AREA(#16544);
#16544 = FILL_AREA_STYLE('',(#16545));
#16545 = FILL_AREA_STYLE_COLOUR('',#14889);
#16546 = OVER_RIDING_STYLED_ITEM('overriding color',(#16547),#746,#16459
  );
#16547 = PRESENTATION_STYLE_ASSIGNMENT((#16548));
#16548 = SURFACE_STYLE_USAGE(.BOTH.,#16549);
#16549 = SURFACE_SIDE_STYLE('',(#16550));
#16550 = SURFACE_STYLE_FILL_AREA(#16551);
#16551 = FILL_AREA_STYLE('',(#16552));
#16552 = FILL_AREA_STYLE_COLOUR('',#14889);
#16553 = OVER_RIDING_STYLED_ITEM('overriding color',(#16554),#777,#16459
  );
#16554 = PRESENTATION_STYLE_ASSIGNMENT((#16555));
#16555 = SURFACE_STYLE_USAGE(.BOTH.,#16556);
#16556 = SURFACE_SIDE_STYLE('',(#16557));
#16557 = SURFACE_STYLE_FILL_AREA(#16558);
#16558 = FILL_AREA_STYLE('',(#16559));
#16559 = FILL_AREA_STYLE_COLOUR('',#14889);
#16560 = OVER_RIDING_STYLED_ITEM('overriding color',(#16561),#802,#16459
  );
#16561 = PRESENTATION_STYLE_ASSIGNMENT((#16562));
#16562 = SURFACE_STYLE_USAGE(.BOTH.,#16563);
#16563 = SURFACE_SIDE_STYLE('',(#16564));
#16564 = SURFACE_STYLE_FILL_AREA(#16565);
#16565 = FILL_AREA_STYLE('',(#16566));
#16566 = FILL_AREA_STYLE_COLOUR('',#14889);
#16567 = OVER_RIDING_STYLED_ITEM('overriding color',(#16568),#827,#16459
  );
#16568 = PRESENTATION_STYLE_ASSIGNMENT((#16569));
#16569 = SURFACE_STYLE_USAGE(.BOTH.,#16570);
#16570 = SURFACE_SIDE_STYLE('',(#16571));
#16571 = SURFACE_STYLE_FILL_AREA(#16572);
#16572 = FILL_AREA_STYLE('',(#16573));
#16573 = FILL_AREA_STYLE_COLOUR('',#14889);
#16574 = OVER_RIDING_STYLED_ITEM('overriding color',(#16575),#851,#16459
  );
#16575 = PRESENTATION_STYLE_ASSIGNMENT((#16576));
#16576 = SURFACE_STYLE_USAGE(.BOTH.,#16577);
#16577 = SURFACE_SIDE_STYLE('',(#16578));
#16578 = SURFACE_STYLE_FILL_AREA(#16579);
#16579 = FILL_AREA_STYLE('',(#16580));
#16580 = FILL_AREA_STYLE_COLOUR('',#14889);
#16581 = OVER_RIDING_STYLED_ITEM('overriding color',(#16582),#875,#16459
  );
#16582 = PRESENTATION_STYLE_ASSIGNMENT((#16583));
#16583 = SURFACE_STYLE_USAGE(.BOTH.,#16584);
#16584 = SURFACE_SIDE_STYLE('',(#16585));
#16585 = SURFACE_STYLE_FILL_AREA(#16586);
#16586 = FILL_AREA_STYLE('',(#16587));
#16587 = FILL_AREA_STYLE_COLOUR('',#14889);
#16588 = OVER_RIDING_STYLED_ITEM('overriding color',(#16589),#900,#16459
  );
#16589 = PRESENTATION_STYLE_ASSIGNMENT((#16590));
#16590 = SURFACE_STYLE_USAGE(.BOTH.,#16591);
#16591 = SURFACE_SIDE_STYLE('',(#16592));
#16592 = SURFACE_STYLE_FILL_AREA(#16593);
#16593 = FILL_AREA_STYLE('',(#16594));
#16594 = FILL_AREA_STYLE_COLOUR('',#14889);
#16595 = OVER_RIDING_STYLED_ITEM('overriding color',(#16596),#925,#16459
  );
#16596 = PRESENTATION_STYLE_ASSIGNMENT((#16597));
#16597 = SURFACE_STYLE_USAGE(.BOTH.,#16598);
#16598 = SURFACE_SIDE_STYLE('',(#16599));
#16599 = SURFACE_STYLE_FILL_AREA(#16600);
#16600 = FILL_AREA_STYLE('',(#16601));
#16601 = FILL_AREA_STYLE_COLOUR('',#14889);
#16602 = OVER_RIDING_STYLED_ITEM('overriding color',(#16603),#942,#16459
  );
#16603 = PRESENTATION_STYLE_ASSIGNMENT((#16604));
#16604 = SURFACE_STYLE_USAGE(.BOTH.,#16605);
#16605 = SURFACE_SIDE_STYLE('',(#16606));
#16606 = SURFACE_STYLE_FILL_AREA(#16607);
#16607 = FILL_AREA_STYLE('',(#16608));
#16608 = FILL_AREA_STYLE_COLOUR('',#14889);
ENDSEC;
END-ISO-10303-21;
