ISO-10303-21;
HEADER;
FILE_DESCRIPTION (( 'STEP AP214' ),
    '1' );
FILE_NAME ('S25FL064LABNFI043.STEP',
    '2023-12-26T07:10:01',
    ( 'LENOVO' ),
    ( '' ),
    'SwSTEP 2.0',
    'SolidWorks 2021',
    '' );
FILE_SCHEMA (( 'AUTOMOTIVE_DESIGN' ));
ENDSEC;

DATA;
#1 = VERTEX_POINT ( 'NONE', #216 ) ;
#2 = EDGE_CURVE ( 'NONE', #294, #109, #606, .T. ) ;
#3 = CARTESIAN_POINT ( 'NONE',  ( -1.550000000000000266, 0.4999999999999998890, -1.375000000000000444 ) ) ;
#4 = EDGE_CURVE ( 'NONE', #10, #2018, #586, .T. ) ;
#5 = LINE ( 'NONE', #1977, #2037 ) ;
#6 = CARTESIAN_POINT ( 'NONE',  ( -2.000000000000000000, 0.05000000000000000278, -1.999999999999999112 ) ) ;
#7 = ORIENTED_EDGE ( 'NONE', *, *, #2312, .F. ) ;
#8 = ORIENTED_EDGE ( 'NONE', *, *, #872, .T. ) ;
#9 = VECTOR ( 'NONE', #553, 1000.000000000000000 ) ;
#10 = VERTEX_POINT ( 'NONE', #1706 ) ;
#11 = VERTEX_POINT ( 'NONE', #3081 ) ;
#12 = DIRECTION ( 'NONE',  ( -0.000000000000000000, -1.000000000000000000, -0.000000000000000000 ) ) ;
#13 = DIRECTION ( 'NONE',  ( -7.228014483236687681E-16, 0.000000000000000000, -1.000000000000000000 ) ) ;
#14 = CARTESIAN_POINT ( 'NONE',  ( 0.000000000000000000, 0.1519999999999999962, 0.8000000000000000444 ) ) ;
#15 = VECTOR ( 'NONE', #1679, 1000.000000000000000 ) ;
#16 = AXIS2_PLACEMENT_3D ( 'NONE', #1963, #42, #1290 ) ;
#17 = ORIENTED_EDGE ( 'NONE', *, *, #2668, .T. ) ;
#18 = PLANE ( 'NONE',  #2833 ) ;
#19 = DIRECTION ( 'NONE',  ( -1.000000000000000000, 0.000000000000000000, 0.000000000000000000 ) ) ;
#20 = LINE ( 'NONE', #3132, #1034 ) ;
#21 = ADVANCED_FACE ( 'NONE', ( #561 ), #1852, .T. ) ;
#22 = ORIENTED_EDGE ( 'NONE', *, *, #184, .T. ) ;
#23 = ORIENTED_EDGE ( 'NONE', *, *, #459, .T. ) ;
#24 = CARTESIAN_POINT ( 'NONE',  ( 1.600000000000000311, 0.000000000000000000, -0.2499999999999994726 ) ) ;
#25 = CARTESIAN_POINT ( 'NONE',  ( -1.599999999999999867, 0.1519999999999999962, 1.050000000000000266 ) ) ;
#26 = ORIENTED_EDGE ( 'NONE', *, *, #2911, .F. ) ;
#27 = CARTESIAN_POINT ( 'NONE',  ( -1.150000000000000355, 0.1520000000000002183, 1.499999999999999112 ) ) ;
#28 =( GEOMETRIC_REPRESENTATION_CONTEXT ( 3 ) GLOBAL_UNCERTAINTY_ASSIGNED_CONTEXT ( ( #2525 ) ) GLOBAL_UNIT_ASSIGNED_CONTEXT ( ( #293, #576, #806 ) ) REPRESENTATION_CONTEXT ( 'NONE', 'WORKASPACE' ) );
#29 = ORIENTED_EDGE ( 'NONE', *, *, #2526, .T. ) ;
#30 = ORIENTED_EDGE ( 'NONE', *, *, #2982, .F. ) ;
#31 = CARTESIAN_POINT ( 'NONE',  ( 2.710505431213738405E-16, 0.05000000000000000278, -0.2499999999999977240 ) ) ;
#32 = PLANE ( 'NONE',  #2734 ) ;
#33 = EDGE_CURVE ( 'NONE', #1243, #1994, #2678, .T. ) ;
#34 = ORIENTED_EDGE ( 'NONE', *, *, #2661, .F. ) ;
#35 = ORIENTED_EDGE ( 'NONE', *, *, #2162, .T. ) ;
#36 = CARTESIAN_POINT ( 'NONE',  ( 5.963111948670303969E-16, 0.05000000000000000278, 0.5500000000000022649 ) ) ;
#37 = VERTEX_POINT ( 'NONE', #1445 ) ;
#38 = EDGE_CURVE ( 'NONE', #368, #2907, #592, .T. ) ;
#39 = DIRECTION ( 'NONE',  ( -1.000000000000000000, 0.000000000000000000, -1.084202172485505026E-15 ) ) ;
#40 = LINE ( 'NONE', #2779, #1112 ) ;
#41 = ADVANCED_FACE ( 'NONE', ( #2634 ), #2109, .F. ) ;
#42 = DIRECTION ( 'NONE',  ( 1.084202172485505223E-15, 0.000000000000000000, -1.000000000000000000 ) ) ;
#43 = CARTESIAN_POINT ( 'NONE',  ( -2.000000000000000000, 0.6520000000000003570, -0.5499999999999998224 ) ) ;
#44 = PLANE ( 'NONE',  #2962 ) ;
#45 = VERTEX_POINT ( 'NONE', #437 ) ;
#46 = FACE_OUTER_BOUND ( 'NONE', #1327, .T. ) ;
#47 = ORIENTED_EDGE ( 'NONE', *, *, #992, .F. ) ;
#48 = CARTESIAN_POINT ( 'NONE',  ( -1.600000000000001865, 0.05000000000000000278, -2.312964634635742267E-15 ) ) ;
#49 = CARTESIAN_POINT ( 'NONE',  ( 1.600000000000000311, 0.1519999999999999962, -1.049999999999999600 ) ) ;
#50 = CARTESIAN_POINT ( 'NONE',  ( -1.600000000000000311, 0.1519999999999999962, 0.5500000000000005995 ) ) ;
#51 = VECTOR ( 'NONE', #2702, 1000.000000000000000 ) ;
#52 = ORIENTED_EDGE ( 'NONE', *, *, #1945, .T. ) ;
#53 = DIRECTION ( 'NONE',  ( 0.000000000000000000, 0.000000000000000000, 1.000000000000000000 ) ) ;
#54 = AXIS2_PLACEMENT_3D ( 'NONE', #123, #2004, #2048 ) ;
#55 = VECTOR ( 'NONE', #590, 1000.000000000000000 ) ;
#56 = VERTEX_POINT ( 'NONE', #682 ) ;
#57 = AXIS2_PLACEMENT_3D ( 'NONE', #2534, #812, #3001 ) ;
#58 = ORIENTED_EDGE ( 'NONE', *, *, #1255, .T. ) ;
#59 = CARTESIAN_POINT ( 'NONE',  ( 1.149999999999999467, 3.932211634287160695, 1.499999999999999556 ) ) ;
#60 = FACE_OUTER_BOUND ( 'NONE', #1297, .T. ) ;
#61 = CARTESIAN_POINT ( 'NONE',  ( 1.600000000000000089, 0.6520000000000003570, 0.2500000000000002220 ) ) ;
#62 = ORIENTED_EDGE ( 'NONE', *, *, #2192, .T. ) ;
#63 = CARTESIAN_POINT ( 'NONE',  ( 1.600000000000000311, 0.000000000000000000, 0.5500000000000005995 ) ) ;
#64 = CARTESIAN_POINT ( 'NONE',  ( 2.000000000000000000, 0.5999999999999998668, 2.000000000000000000 ) ) ;
#65 = FACE_OUTER_BOUND ( 'NONE', #613, .T. ) ;
#66 = ADVANCED_FACE ( 'NONE', ( #579 ), #154, .T. ) ;
#67 = ORIENTED_EDGE ( 'NONE', *, *, #728, .T. ) ;
#68 = DIRECTION ( 'NONE',  ( 1.000000000000000000, 0.000000000000000000, -1.084202172485505223E-15 ) ) ;
#69 = CARTESIAN_POINT ( 'NONE',  ( -1.599999999999999867, 0.1519999999999999962, -1.349999999999999867 ) ) ;
#70 = EDGE_CURVE ( 'NONE', #2180, #2362, #541, .T. ) ;
#71 = CARTESIAN_POINT ( 'NONE',  ( 0.000000000000000000, 0.000000000000000000, 0.8000000000000000444 ) ) ;
#72 = DIRECTION ( 'NONE',  ( -1.445602896647337339E-15, 0.000000000000000000, 1.000000000000000000 ) ) ;
#73 = EDGE_CURVE ( 'NONE', #2984, #45, #529, .T. ) ;
#74 = VECTOR ( 'NONE', #1125, 1000.000000000000000 ) ;
#75 = ORIENTED_EDGE ( 'NONE', *, *, #1526, .T. ) ;
#76 = CARTESIAN_POINT ( 'NONE',  ( -1.600000000000000311, 0.000000000000000000, 0.5500000000000005995 ) ) ;
#77 = CARTESIAN_POINT ( 'NONE',  ( 2.000000000000000000, 0.000000000000000000, -1.349999999999999867 ) ) ;
#78 = VECTOR ( 'NONE', #2344, 1000.000000000000000 ) ;
#79 = VERTEX_POINT ( 'NONE', #2886 ) ;
#80 = CARTESIAN_POINT ( 'NONE',  ( -1.600000000000000311, 0.6520000000000003570, 1.350000000000000755 ) ) ;
#81 = CARTESIAN_POINT ( 'NONE',  ( 2.000000000000000000, 0.000000000000000000, 1.350000000000000311 ) ) ;
#82 = LINE ( 'NONE', #2392, #78 ) ;
#83 = CARTESIAN_POINT ( 'NONE',  ( 1.600000000000000089, 0.6520000000000003570, 1.050000000000000266 ) ) ;
#84 = ORIENTED_EDGE ( 'NONE', *, *, #2424, .T. ) ;
#85 = AXIS2_PLACEMENT_3D ( 'NONE', #2493, #2436, #1781 ) ;
#86 =( LENGTH_UNIT ( ) NAMED_UNIT ( * ) SI_UNIT ( .MILLI., .METRE. ) );
#87 = DIRECTION ( 'NONE',  ( -1.445602896647337536E-15, 0.000000000000000000, 1.000000000000000000 ) ) ;
#88 = CARTESIAN_POINT ( 'NONE',  ( 2.000000000000000000, 0.1519999999999999962, 0.5500000000000001554 ) ) ;
#89 = FACE_OUTER_BOUND ( 'NONE', #1281, .T. ) ;
#90 = ADVANCED_FACE ( 'NONE', ( #2666 ), #1722, .T. ) ;
#91 = EDGE_LOOP ( 'NONE', ( #456, #3018, #2427, #2553 ) ) ;
#92 = AXIS2_PLACEMENT_3D ( 'NONE', #2161, #3076, #2728 ) ;
#93 = DIRECTION ( 'NONE',  ( -1.000000000000000000, 0.000000000000000000, 1.084202172485505026E-15 ) ) ;
#94 = ADVANCED_FACE ( 'NONE', ( #1639 ), #412, .T. ) ;
#95 = LINE ( 'NONE', #2914, #1104 ) ;
#96 = DIRECTION ( 'NONE',  ( -7.228014483236687681E-16, 0.000000000000000000, -1.000000000000000000 ) ) ;
#97 = EDGE_LOOP ( 'NONE', ( #2619, #917, #1487, #1450 ) ) ;
#98 = CARTESIAN_POINT ( 'NONE',  ( 1.600000000000000311, 0.1519999999999999962, -1.049999999999999600 ) ) ;
#99 = DIRECTION ( 'NONE',  ( 0.000000000000000000, -1.000000000000000000, 0.000000000000000000 ) ) ;
#100 = VECTOR ( 'NONE', #1594, 1000.000000000000000 ) ;
#101 = EDGE_CURVE ( 'NONE', #2685, #2311, #600, .T. ) ;
#102 = CARTESIAN_POINT ( 'NONE',  ( 0.000000000000000000, 0.000000000000000000, 0.000000000000000000 ) ) ;
#103 = EDGE_LOOP ( 'NONE', ( #1234, #2744 ) ) ;
#104 = DIRECTION ( 'NONE',  ( -1.000000000000000000, 0.000000000000000000, -1.084202172485505026E-15 ) ) ;
#105 = CARTESIAN_POINT ( 'NONE',  ( -1.599999999999999867, 0.6520000000000003570, 0.2500000000000002220 ) ) ;
#106 = VERTEX_POINT ( 'NONE', #907 ) ;
#107 = CIRCLE ( 'NONE', #486, 0.1749999999999998224 ) ;
#108 = EDGE_CURVE ( 'NONE', #3003, #1, #635, .T. ) ;
#109 = VERTEX_POINT ( 'NONE', #1089 ) ;
#110 = ORIENTED_EDGE ( 'NONE', *, *, #140, .T. ) ;
#111 = DIRECTION ( 'NONE',  ( 0.000000000000000000, 0.000000000000000000, 1.000000000000000000 ) ) ;
#112 = VECTOR ( 'NONE', #1071, 1000.000000000000000 ) ;
#113 = ORIENTED_EDGE ( 'NONE', *, *, #73, .F. ) ;
#114 = ORIENTED_EDGE ( 'NONE', *, *, #2871, .T. ) ;
#115 = CARTESIAN_POINT ( 'NONE',  ( 1.600000000000000311, 0.1519999999999999962, 0.5500000000000005995 ) ) ;
#116 = EDGE_CURVE ( 'NONE', #2142, #196, #2720, .T. ) ;
#117 = VECTOR ( 'NONE', #1818, 1000.000000000000000 ) ;
#118 = ADVANCED_FACE ( 'NONE', ( #1602 ), #3059, .T. ) ;
#119 = ORIENTED_EDGE ( 'NONE', *, *, #144, .F. ) ;
#120 = ORIENTED_EDGE ( 'NONE', *, *, #1103, .T. ) ;
#121 = AXIS2_PLACEMENT_3D ( 'NONE', #623, #2094, #1642 ) ;
#122 = CARTESIAN_POINT ( 'NONE',  ( -2.000000000000000000, 0.1519999999999999962, -1.349999999999999867 ) ) ;
#123 = CARTESIAN_POINT ( 'NONE',  ( -1.600000000000000311, 0.1519999999999999962, -0.2499999999999994726 ) ) ;
#124 = LINE ( 'NONE', #128, #55 ) ;
#125 = CARTESIAN_POINT ( 'NONE',  ( 1.600000000000000311, 0.000000000000000000, 1.350000000000000755 ) ) ;
#126 = VERTEX_POINT ( 'NONE', #2111 ) ;
#127 = DIRECTION ( 'NONE',  ( 1.000000000000000000, 0.000000000000000000, -1.084202172485505223E-15 ) ) ;
#128 = CARTESIAN_POINT ( 'NONE',  ( -2.000000000000000000, 0.1519999999999999962, -1.050000000000000044 ) ) ;
#129 = ORIENTED_EDGE ( 'NONE', *, *, #703, .T. ) ;
#130 = VECTOR ( 'NONE', #955, 1000.000000000000000 ) ;
#131 = DIRECTION ( 'NONE',  ( -1.000000000000000000, 0.000000000000000000, 0.000000000000000000 ) ) ;
#132 = ORIENTED_EDGE ( 'NONE', *, *, #696, .T. ) ;
#133 = FILL_AREA_STYLE ('',( #733 ) ) ;
#134 = CARTESIAN_POINT ( 'NONE',  ( 0.000000000000000000, 0.000000000000000000, 0.8000000000000000444 ) ) ;
#135 = AXIS2_PLACEMENT_3D ( 'NONE', #902, #2636, #2141 ) ;
#136 = FACE_OUTER_BOUND ( 'NONE', #2397, .T. ) ;
#137 = ORIENTED_EDGE ( 'NONE', *, *, #2260, .F. ) ;
#138 = UNCERTAINTY_MEASURE_WITH_UNIT (LENGTH_MEASURE( 1.000000000000000082E-05 ), #86, 'distance_accuracy_value', 'NONE');
#139 = ORIENTED_EDGE ( 'NONE', *, *, #673, .T. ) ;
#140 = EDGE_CURVE ( 'NONE', #573, #468, #629, .T. ) ;
#141 = VECTOR ( 'NONE', #2283, 1000.000000000000000 ) ;
#142 = VERTEX_POINT ( 'NONE', #2869 ) ;
#143 = ORIENTED_EDGE ( 'NONE', *, *, #631, .F. ) ;
#144 = EDGE_CURVE ( 'NONE', #3036, #281, #1690, .T. ) ;
#145 = CIRCLE ( 'NONE', #1931, 0.1749999999999998224 ) ;
#146 = ADVANCED_FACE ( 'NONE', ( #1615 ), #18, .T. ) ;
#147 = CARTESIAN_POINT ( 'NONE',  ( 1.600000000000000089, 0.1519999999999999962, 1.050000000000000266 ) ) ;
#148 = ORIENTED_EDGE ( 'NONE', *, *, #1331, .T. ) ;
#149 = CLOSED_SHELL ( 'NONE', ( #1787, #1088, #1767, #1423, #644, #377 ) ) ;
#150 = ADVANCED_FACE ( 'NONE', ( #2737 ), #1251, .T. ) ;
#151 = EDGE_CURVE ( 'NONE', #1394, #465, #1590, .T. ) ;
#152 = EDGE_CURVE ( 'NONE', #1984, #79, #2692, .T. ) ;
#153 = CYLINDRICAL_SURFACE ( 'NONE', #308, 0.1749999999999998224 ) ;
#154 = PLANE ( 'NONE',  #1371 ) ;
#155 = EDGE_LOOP ( 'NONE', ( #1484, #2062, #594, #2559 ) ) ;
#156 = VECTOR ( 'NONE', #1872, 1000.000000000000000 ) ;
#157 = ORIENTED_EDGE ( 'NONE', *, *, #1823, .T. ) ;
#158 = ORIENTED_EDGE ( 'NONE', *, *, #3068, .F. ) ;
#159 = PLANE ( 'NONE',  #397 ) ;
#160 = VECTOR ( 'NONE', #815, 1000.000000000000000 ) ;
#161 = CARTESIAN_POINT ( 'NONE',  ( 2.000000000000000000, 6.856854249492380760, 2.000000000000000000 ) ) ;
#162 = EDGE_LOOP ( 'NONE', ( #425, #948, #513, #2545 ) ) ;
#163 = STYLED_ITEM ( 'NONE', ( #1294 ), #2815 ) ;
#164 = VERTEX_POINT ( 'NONE', #1229 ) ;
#165 = SURFACE_SIDE_STYLE ('',( #2977 ) ) ;
#166 = LINE ( 'NONE', #1543, #2345 ) ;
#167 = DIRECTION ( 'NONE',  ( 0.000000000000000000, -1.000000000000000000, 0.000000000000000000 ) ) ;
#168 = VERTEX_POINT ( 'NONE', #2773 ) ;
#169 = CARTESIAN_POINT ( 'NONE',  ( 1.600000000000000311, 0.1519999999999999962, -0.2499999999999994726 ) ) ;
#170 = DIRECTION ( 'NONE',  ( -1.000000000000000000, 0.000000000000000000, -1.084202172485505026E-15 ) ) ;
#171 = VECTOR ( 'NONE', #1999, 1000.000000000000000 ) ;
#172 = CARTESIAN_POINT ( 'NONE',  ( 0.000000000000000000, 0.000000000000000000, 0.000000000000000000 ) ) ;
#173 = ORIENTED_EDGE ( 'NONE', *, *, #1599, .F. ) ;
#174 = STYLED_ITEM ( 'NONE', ( #2961 ), #556 ) ;
#175 = DIRECTION ( 'NONE',  ( -1.445602896647337536E-15, 0.000000000000000000, 1.000000000000000000 ) ) ;
#176 = ADVANCED_FACE ( 'NONE', ( #612 ), #1369, .T. ) ;
#177 = LINE ( 'NONE', #1983, #1267 ) ;
#178 = EDGE_CURVE ( 'NONE', #2362, #1, #2645, .T. ) ;
#179 = ORIENTED_EDGE ( 'NONE', *, *, #2906, .T. ) ;
#180 = ORIENTED_EDGE ( 'NONE', *, *, #1668, .F. ) ;
#181 = CARTESIAN_POINT ( 'NONE',  ( -1.150000000000000355, 0.1520000000000002183, 1.499999999999999112 ) ) ;
#182 = PRESENTATION_STYLE_ASSIGNMENT (( #1064 ) ) ;
#183 = DIRECTION ( 'NONE',  ( 0.000000000000000000, 1.000000000000000000, 0.000000000000000000 ) ) ;
#184 = EDGE_CURVE ( 'NONE', #2051, #1528, #2729, .T. ) ;
#185 = ORIENTED_EDGE ( 'NONE', *, *, #2278, .F. ) ;
#186 = ORIENTED_EDGE ( 'NONE', *, *, #2755, .F. ) ;
#187 = CARTESIAN_POINT ( 'NONE',  ( -2.000000000000000000, 0.05000000000000000278, 0.2500000000000002220 ) ) ;
#188 = DIRECTION ( 'NONE',  ( -0.000000000000000000, -1.000000000000000000, -0.000000000000000000 ) ) ;
#189 = VERTEX_POINT ( 'NONE', #2200 ) ;
#190 = DIRECTION ( 'NONE',  ( -1.000000000000000000, -0.000000000000000000, -0.000000000000000000 ) ) ;
#191 = CARTESIAN_POINT ( 'NONE',  ( -2.000000000000000000, 0.04999999999999999584, -0.2499999999999998890 ) ) ;
#192 = ORIENTED_EDGE ( 'NONE', *, *, #2818, .T. ) ;
#193 = EDGE_CURVE ( 'NONE', #758, #2024, #619, .T. ) ;
#194 = LINE ( 'NONE', #1216, #1248 ) ;
#195 = DIRECTION ( 'NONE',  ( 0.000000000000000000, 0.000000000000000000, -1.000000000000000000 ) ) ;
#196 = VERTEX_POINT ( 'NONE', #2498 ) ;
#197 = DIRECTION ( 'NONE',  ( 0.000000000000000000, -1.000000000000000000, 0.000000000000000000 ) ) ;
#198 = VERTEX_POINT ( 'NONE', #1520 ) ;
#199 = CARTESIAN_POINT ( 'NONE',  ( 1.600000000000000311, 0.6520000000000003570, -0.2499999999999994726 ) ) ;
#200 = VECTOR ( 'NONE', #2275, 1000.000000000000000 ) ;
#201 = ORIENTED_EDGE ( 'NONE', *, *, #837, .F. ) ;
#202 = EDGE_LOOP ( 'NONE', ( #2147, #1077, #120, #1114 ) ) ;
#203 = DIRECTION ( 'NONE',  ( -7.228014483236686695E-16, 0.000000000000000000, -1.000000000000000000 ) ) ;
#204 = AXIS2_PLACEMENT_3D ( 'NONE', #2952, #952, #1933 ) ;
#205 = DIRECTION ( 'NONE',  ( -1.000000000000000000, 0.000000000000000000, 1.084202172485505223E-15 ) ) ;
#206 = EDGE_LOOP ( 'NONE', ( #1388, #1414, #2832, #148 ) ) ;
#207 = AXIS2_PLACEMENT_3D ( 'NONE', #14, #318, #599 ) ;
#208 = VECTOR ( 'NONE', #1318, 1000.000000000000000 ) ;
#209 = CARTESIAN_POINT ( 'NONE',  ( -2.000000000000000000, 0.1519999999999999962, 0.5500000000000001554 ) ) ;
#210 = VERTEX_POINT ( 'NONE', #1751 ) ;
#211 = DIRECTION ( 'NONE',  ( 1.000000000000000000, 0.000000000000000000, -0.000000000000000000 ) ) ;
#212 = VECTOR ( 'NONE', #1792, 1000.000000000000000 ) ;
#213 = CARTESIAN_POINT ( 'NONE',  ( -1.599999999999999867, 0.6520000000000003570, -1.349999999999999867 ) ) ;
#214 = FACE_OUTER_BOUND ( 'NONE', #223, .T. ) ;
#215 = MECHANICAL_DESIGN_GEOMETRIC_PRESENTATION_REPRESENTATION (  '', ( #400 ), #1935 ) ;
#216 = CARTESIAN_POINT ( 'NONE',  ( -2.000000000000000000, 0.05000000000000000278, -0.5499999999999997113 ) ) ;
#217 = ORIENTED_EDGE ( 'NONE', *, *, #678, .F. ) ;
#218 = ORIENTED_EDGE ( 'NONE', *, *, #466, .T. ) ;
#219 = CARTESIAN_POINT ( 'NONE',  ( -1.599999999999999867, 0.1519999999999999962, -1.349999999999999867 ) ) ;
#220 = VECTOR ( 'NONE', #1811, 1000.000000000000000 ) ;
#221 = ORIENTED_EDGE ( 'NONE', *, *, #2132, .T. ) ;
#222 = VECTOR ( 'NONE', #2187, 1000.000000000000000 ) ;
#223 = EDGE_LOOP ( 'NONE', ( #1537, #3049, #1475, #1548 ) ) ;
#224 = CARTESIAN_POINT ( 'NONE',  ( 1.149999999999999911, 0.1520000000000002183, -1.500000000000000444 ) ) ;
#225 = DIRECTION ( 'NONE',  ( 0.000000000000000000, 0.000000000000000000, -1.000000000000000000 ) ) ;
#226 = EDGE_CURVE ( 'NONE', #1424, #290, #1596, .T. ) ;
#227 = LINE ( 'NONE', #2237, #251 ) ;
#228 = CARTESIAN_POINT ( 'NONE',  ( -1.550000000000000266, 0.5999999999999999778, -1.550000000000000266 ) ) ;
#229 = ORIENTED_EDGE ( 'NONE', *, *, #178, .F. ) ;
#230 = LINE ( 'NONE', #2511, #1323 ) ;
#231 = ORIENTED_EDGE ( 'NONE', *, *, #923, .F. ) ;
#232 = VECTOR ( 'NONE', #2512, 1000.000000000000000 ) ;
#233 = EDGE_CURVE ( 'NONE', #2934, #1243, #2640, .T. ) ;
#234 = ORIENTED_EDGE ( 'NONE', *, *, #2704, .T. ) ;
#235 = SURFACE_SIDE_STYLE ('',( #360 ) ) ;
#236 = VECTOR ( 'NONE', #415, 1000.000000000000000 ) ;
#237 = CARTESIAN_POINT ( 'NONE',  ( -1.550000000000000266, 0.5999999999999999778, -1.550000000000000266 ) ) ;
#238 = ORIENTED_EDGE ( 'NONE', *, *, #152, .F. ) ;
#239 = SURFACE_STYLE_FILL_AREA ( #2795 ) ;
#240 = DIRECTION ( 'NONE',  ( -0.000000000000000000, 1.000000000000000000, -0.000000000000000000 ) ) ;
#241 = CARTESIAN_POINT ( 'NONE',  ( -2.000000000000000000, 0.1519999999999999962, -0.2499999999999998890 ) ) ;
#242 = ORIENTED_EDGE ( 'NONE', *, *, #3111, .F. ) ;
#243 = EDGE_CURVE ( 'NONE', #451, #1791, #2649, .T. ) ;
#244 = DIRECTION ( 'NONE',  ( -1.445602896647337536E-15, 0.000000000000000000, 1.000000000000000000 ) ) ;
#245 = FACE_OUTER_BOUND ( 'NONE', #2219, .T. ) ;
#246 = ORIENTED_EDGE ( 'NONE', *, *, #1137, .T. ) ;
#247 = CARTESIAN_POINT ( 'NONE',  ( 1.600000000000000089, 0.1519999999999999962, 0.2500000000000002220 ) ) ;
#248 = FACE_OUTER_BOUND ( 'NONE', #2981, .T. ) ;
#249 = EDGE_LOOP ( 'NONE', ( #3066, #2127 ) ) ;
#250 = CARTESIAN_POINT ( 'NONE',  ( 1.149999999999999467, 3.932211634287160695, 1.499999999999999556 ) ) ;
#251 = VECTOR ( 'NONE', #3013, 1000.000000000000000 ) ;
#252 = DIRECTION ( 'NONE',  ( -0.000000000000000000, -1.000000000000000000, -0.000000000000000000 ) ) ;
#253 = ORIENTED_EDGE ( 'NONE', *, *, #2363, .F. ) ;
#254 = VERTEX_POINT ( 'NONE', #2732 ) ;
#255 = AXIS2_PLACEMENT_3D ( 'NONE', #2693, #722, #1431 ) ;
#256 = VECTOR ( 'NONE', #3007, 1000.000000000000000 ) ;
#257 = EDGE_CURVE ( 'NONE', #106, #2978, #2850, .T. ) ;
#258 = DIRECTION ( 'NONE',  ( 0.000000000000000000, -1.000000000000000000, 0.000000000000000000 ) ) ;
#259 = ORIENTED_EDGE ( 'NONE', *, *, #2278, .T. ) ;
#260 = DIRECTION ( 'NONE',  ( -0.000000000000000000, -1.000000000000000000, -0.000000000000000000 ) ) ;
#261 = ORIENTED_EDGE ( 'NONE', *, *, #2627, .F. ) ;
#262 = MANIFOLD_SOLID_BREP ( 'Boss-Extrude2[2]', #382 ) ;
#263 = LINE ( 'NONE', #759, #2487 ) ;
#264 = DIRECTION ( 'NONE',  ( 0.000000000000000000, -0.000000000000000000, 1.000000000000000000 ) ) ;
#265 = EDGE_CURVE ( 'NONE', #2007, #2907, #763, .T. ) ;
#266 = ORIENTED_EDGE ( 'NONE', *, *, #1941, .T. ) ;
#267 = DIRECTION ( 'NONE',  ( -0.000000000000000000, -0.000000000000000000, 1.000000000000000000 ) ) ;
#268 = LINE ( 'NONE', #61, #222 ) ;
#269 = ORIENTED_EDGE ( 'NONE', *, *, #893, .F. ) ;
#270 = CARTESIAN_POINT ( 'NONE',  ( -2.000000000000000000, 0.1519999999999999962, -1.349999999999999867 ) ) ;
#271 = FACE_OUTER_BOUND ( 'NONE', #1304, .T. ) ;
#272 = VERTEX_POINT ( 'NONE', #1784 ) ;
#273 = FACE_OUTER_BOUND ( 'NONE', #2378, .T. ) ;
#274 = EDGE_CURVE ( 'NONE', #951, #2371, #2867, .T. ) ;
#275 = ORIENTED_EDGE ( 'NONE', *, *, #1979, .F. ) ;
#276 = DIRECTION ( 'NONE',  ( 7.228014483236687681E-16, -0.000000000000000000, 1.000000000000000000 ) ) ;
#277 = EDGE_CURVE ( 'NONE', #2341, #1394, #2846, .T. ) ;
#278 = DIRECTION ( 'NONE',  ( -0.000000000000000000, -1.000000000000000000, -0.000000000000000000 ) ) ;
#279 = LINE ( 'NONE', #802, #338 ) ;
#280 = DIRECTION ( 'NONE',  ( 1.000000000000000000, -0.000000000000000000, 1.084202172485505223E-15 ) ) ;
#281 = VERTEX_POINT ( 'NONE', #2527 ) ;
#282 = VECTOR ( 'NONE', #1069, 1000.000000000000000 ) ;
#283 = VERTEX_POINT ( 'NONE', #2786 ) ;
#284 = EDGE_CURVE ( 'NONE', #1227, #1988, #2785, .T. ) ;
#285 = ADVANCED_FACE ( 'NONE', ( #771 ), #1133, .T. ) ;
#286 = LINE ( 'NONE', #1990, #2406 ) ;
#287 = DIRECTION ( 'NONE',  ( 0.000000000000000000, -0.000000000000000000, 1.000000000000000000 ) ) ;
#288 = VECTOR ( 'NONE', #388, 1000.000000000000000 ) ;
#289 = CARTESIAN_POINT ( 'NONE',  ( -1.149999999999999911, 3.932211634287160695, -1.200000000000001066 ) ) ;
#290 = VERTEX_POINT ( 'NONE', #419 ) ;
#291 = LINE ( 'NONE', #547, #1366 ) ;
#292 = UNCERTAINTY_MEASURE_WITH_UNIT (LENGTH_MEASURE( 1.000000000000000082E-05 ), #2730, 'distance_accuracy_value', 'NONE');
#293 =( LENGTH_UNIT ( ) NAMED_UNIT ( * ) SI_UNIT ( .MILLI., .METRE. ) );
#294 = VERTEX_POINT ( 'NONE', #1075 ) ;
#295 = CIRCLE ( 'NONE', #1310, 0.1749999999999998224 ) ;
#296 = ORIENTED_EDGE ( 'NONE', *, *, #2875, .T. ) ;
#297 = CARTESIAN_POINT ( 'NONE',  ( 2.000000000000000000, 0.1519999999999999962, -0.5499999999999998224 ) ) ;
#298 = VECTOR ( 'NONE', #742, 1000.000000000000000 ) ;
#299 = ORIENTED_EDGE ( 'NONE', *, *, #1697, .F. ) ;
#300 = FACE_OUTER_BOUND ( 'NONE', #1923, .T. ) ;
#301 = ORIENTED_EDGE ( 'NONE', *, *, #931, .F. ) ;
#302 = CARTESIAN_POINT ( 'NONE',  ( -1.600000000000000311, 0.000000000000000000, 1.350000000000000755 ) ) ;
#303 = CARTESIAN_POINT ( 'NONE',  ( -2.000000000000000000, 0.6520000000000003570, 1.350000000000000311 ) ) ;
#304 = SURFACE_SIDE_STYLE ('',( #2328 ) ) ;
#305 = PRESENTATION_STYLE_ASSIGNMENT (( #2727 ) ) ;
#306 = DIRECTION ( 'NONE',  ( -0.000000000000000000, -0.000000000000000000, -1.000000000000000000 ) ) ;
#307 = DIRECTION ( 'NONE',  ( -1.000000000000000000, 0.000000000000000000, 1.084202172485505026E-15 ) ) ;
#308 = AXIS2_PLACEMENT_3D ( 'NONE', #2837, #3043, #417 ) ;
#309 = VERTEX_POINT ( 'NONE', #2805 ) ;
#310 = FACE_OUTER_BOUND ( 'NONE', #2429, .T. ) ;
#311 = EDGE_LOOP ( 'NONE', ( #2556, #1932, #1566, #2550, #1459 ) ) ;
#312 = EDGE_CURVE ( 'NONE', #2407, #654, #2777, .T. ) ;
#313 = LINE ( 'NONE', #1702, #2380 ) ;
#314 = CARTESIAN_POINT ( 'NONE',  ( 2.828353493440447786E-16, 0.05000000000000000278, -1.500000000000000666 ) ) ;
#315 = VERTEX_POINT ( 'NONE', #1691 ) ;
#316 = CARTESIAN_POINT ( 'NONE',  ( -0.8500000000000000888, 0.1520000000000002183, -1.500000000000000888 ) ) ;
#317 = VECTOR ( 'NONE', #2547, 1000.000000000000000 ) ;
#318 = DIRECTION ( 'NONE',  ( 0.000000000000000000, -1.000000000000000000, 0.000000000000000000 ) ) ;
#319 = VERTEX_POINT ( 'NONE', #367 ) ;
#320 = ADVANCED_FACE ( 'NONE', ( #1726 ), #651, .F. ) ;
#321 = VECTOR ( 'NONE', #2195, 1000.000000000000000 ) ;
#322 = CARTESIAN_POINT ( 'NONE',  ( 1.600000000000000311, 0.6520000000000003570, 0.5500000000000005995 ) ) ;
#323 = ORIENTED_EDGE ( 'NONE', *, *, #458, .F. ) ;
#324 = EDGE_LOOP ( 'NONE', ( #1890, #1368, #1850, #1370 ) ) ;
#325 = LINE ( 'NONE', #1389, #1353 ) ;
#326 = EDGE_CURVE ( 'NONE', #189, #2660, #653, .T. ) ;
#327 = EDGE_LOOP ( 'NONE', ( #2112, #22, #2220, #1686 ) ) ;
#328 = VECTOR ( 'NONE', #2926, 1000.000000000000000 ) ;
#329 = ORIENTED_EDGE ( 'NONE', *, *, #1697, .T. ) ;
#330 = DIRECTION ( 'NONE',  ( 0.000000000000000000, 0.000000000000000000, -1.000000000000000000 ) ) ;
#331 = CARTESIAN_POINT ( 'NONE',  ( 2.000000000000000000, 0.000000000000000000, 0.5500000000000001554 ) ) ;
#332 = LINE ( 'NONE', #777, #2400 ) ;
#333 = PLANE ( 'NONE',  #660 ) ;
#334 = DIRECTION ( 'NONE',  ( -0.000000000000000000, -1.000000000000000000, -0.000000000000000000 ) ) ;
#335 = ORIENTED_EDGE ( 'NONE', *, *, #1817, .T. ) ;
#336 = AXIS2_PLACEMENT_3D ( 'NONE', #724, #429, #1123 ) ;
#337 = ORIENTED_EDGE ( 'NONE', *, *, #837, .T. ) ;
#338 = VECTOR ( 'NONE', #13, 1000.000000000000000 ) ;
#339 = ORIENTED_EDGE ( 'NONE', *, *, #2232, .T. ) ;
#340 = DIRECTION ( 'NONE',  ( -0.000000000000000000, -1.000000000000000000, -0.000000000000000000 ) ) ;
#341 = LINE ( 'NONE', #1582, #212 ) ;
#342 = PLANE ( 'NONE',  #945 ) ;
#343 = ORIENTED_EDGE ( 'NONE', *, *, #1338, .T. ) ;
#344 = LINE ( 'NONE', #2589, #2411 ) ;
#345 = VERTEX_POINT ( 'NONE', #115 ) ;
#346 = PLANE ( 'NONE',  #1907 ) ;
#347 = VECTOR ( 'NONE', #1503, 1000.000000000000000 ) ;
#348 = EDGE_LOOP ( 'NONE', ( #1173, #1091, #2656, #1086, #1163, #29, #2714, #2205, #35, #2324, #242, #2289, #2836, #1119, #158, #2318, #1242, #221, #173, #2307 ) ) ;
#349 = ADVANCED_FACE ( 'NONE', ( #1747 ), #1936, .T. ) ;
#350 = LINE ( 'NONE', #2953, #1399 ) ;
#351 = ORIENTED_EDGE ( 'NONE', *, *, #1570, .T. ) ;
#352 = LINE ( 'NONE', #2657, #445 ) ;
#353 = ORIENTED_EDGE ( 'NONE', *, *, #1757, .F. ) ;
#354 = CARTESIAN_POINT ( 'NONE',  ( -1.599999999999999867, 0.1519999999999999962, -0.5499999999999998224 ) ) ;
#355 = FILL_AREA_STYLE ('',( #563 ) ) ;
#356 = CARTESIAN_POINT ( 'NONE',  ( -2.000000000000000000, 0.1519999999999999962, -1.050000000000000044 ) ) ;
#357 = ORIENTED_EDGE ( 'NONE', *, *, #1176, .T. ) ;
#358 = ORIENTED_EDGE ( 'NONE', *, *, #2975, .F. ) ;
#359 = CARTESIAN_POINT ( 'NONE',  ( 1.600000000000000089, 0.000000000000000000, 0.2500000000000002220 ) ) ;
#360 = SURFACE_STYLE_FILL_AREA ( #3126 ) ;
#361 = ORIENTED_EDGE ( 'NONE', *, *, #734, .T. ) ;
#362 = DIRECTION ( 'NONE',  ( -0.000000000000000000, -1.000000000000000000, -0.000000000000000000 ) ) ;
#363 = EDGE_CURVE ( 'NONE', #926, #2564, #2741, .T. ) ;
#364 = DIRECTION ( 'NONE',  ( 0.000000000000000000, -1.000000000000000000, 0.000000000000000000 ) ) ;
#365 = VERTEX_POINT ( 'NONE', #3047 ) ;
#366 = VECTOR ( 'NONE', #1082, 1000.000000000000000 ) ;
#367 = CARTESIAN_POINT ( 'NONE',  ( 1.600000000000000089, 0.04999999999999999584, 1.050000000000000266 ) ) ;
#368 = VERTEX_POINT ( 'NONE', #181 ) ;
#369 = CARTESIAN_POINT ( 'NONE',  ( -1.600000000000000311, 0.000000000000000000, -0.2499999999999994726 ) ) ;
#370 = EDGE_LOOP ( 'NONE', ( #1105, #2731, #1710, #2170 ) ) ;
#371 = EDGE_CURVE ( 'NONE', #910, #109, #2804, .T. ) ;
#372 = DIRECTION ( 'NONE',  ( 1.000000000000000000, -0.000000000000000000, 1.445602896647339163E-16 ) ) ;
#373 = FACE_OUTER_BOUND ( 'NONE', #2432, .T. ) ;
#374 = VERTEX_POINT ( 'NONE', #2601 ) ;
#375 = ORIENTED_EDGE ( 'NONE', *, *, #2906, .F. ) ;
#376 = CARTESIAN_POINT ( 'NONE',  ( 1.600000000000000311, 0.1519999999999999962, -0.2499999999999994726 ) ) ;
#377 = ADVANCED_FACE ( 'NONE', ( #1713 ), #159, .F. ) ;
#378 = DIRECTION ( 'NONE',  ( -1.000000000000000000, -0.000000000000000000, -0.000000000000000000 ) ) ;
#379 = LINE ( 'NONE', #2009, #1384 ) ;
#380 = CARTESIAN_POINT ( 'NONE',  ( 1.599999999999999867, 0.05000000000000000278, -1.156482317317869753E-15 ) ) ;
#381 = CARTESIAN_POINT ( 'NONE',  ( 1.149999999999999467, 0.1520000000000002183, 1.499999999999999556 ) ) ;
#382 = CLOSED_SHELL ( 'NONE', ( #446, #2546, #1903, #2578, #912, #1358 ) ) ;
#383 = ADVANCED_FACE ( 'NONE', ( #1752 ), #1477, .F. ) ;
#384 = VERTEX_POINT ( 'NONE', #1740 ) ;
#385 = AXIS2_PLACEMENT_3D ( 'NONE', #134, #3012, #2052 ) ;
#386 = LINE ( 'NONE', #1101, #2419 ) ;
#387 = ORIENTED_EDGE ( 'NONE', *, *, #1057, .T. ) ;
#388 = DIRECTION ( 'NONE',  ( -0.000000000000000000, -0.000000000000000000, 1.000000000000000000 ) ) ;
#389 = VECTOR ( 'NONE', #1343, 1000.000000000000000 ) ;
#390 = EDGE_LOOP ( 'NONE', ( #2812, #668, #2721, #1646 ) ) ;
#391 = LINE ( 'NONE', #49, #321 ) ;
#392 = MECHANICAL_DESIGN_GEOMETRIC_PRESENTATION_REPRESENTATION (  '', ( #3092 ), #1121 ) ;
#393 = DIRECTION ( 'NONE',  ( 0.000000000000000000, 1.000000000000000000, 0.000000000000000000 ) ) ;
#394 = EDGE_LOOP ( 'NONE', ( #2183, #996, #1635, #650 ) ) ;
#395 = LINE ( 'NONE', #3074, #2551 ) ;
#396 = ORIENTED_EDGE ( 'NONE', *, *, #2128, .F. ) ;
#397 = AXIS2_PLACEMENT_3D ( 'NONE', #1111, #1875, #2331 ) ;
#398 = LINE ( 'NONE', #598, #1340 ) ;
#399 = VERTEX_POINT ( 'NONE', #1236 ) ;
#400 = STYLED_ITEM ( 'NONE', ( #2967 ), #788 ) ;
#401 = FACE_OUTER_BOUND ( 'NONE', #1786, .T. ) ;
#402 = ORIENTED_EDGE ( 'NONE', *, *, #38, .T. ) ;
#403 = CARTESIAN_POINT ( 'NONE',  ( -2.000000000000000000, 0.000000000000000000, 0.5500000000000001554 ) ) ;
#404 = DIRECTION ( 'NONE',  ( -0.000000000000000000, 1.000000000000000000, 0.000000000000000000 ) ) ;
#405 = VECTOR ( 'NONE', #96, 1000.000000000000000 ) ;
#406 = CARTESIAN_POINT ( 'NONE',  ( 2.000000000000000000, 0.1519999999999999962, 0.2500000000000002220 ) ) ;
#407 =( LENGTH_UNIT ( ) NAMED_UNIT ( * ) SI_UNIT ( .MILLI., .METRE. ) );
#408 = ORIENTED_EDGE ( 'NONE', *, *, #1346, .F. ) ;
#409 = EDGE_LOOP ( 'NONE', ( #1026, #2700, #23, #8 ) ) ;
#410 = EDGE_CURVE ( 'NONE', #1238, #468, #2766, .T. ) ;
#411 = ADVANCED_FACE ( 'NONE', ( #2789 ), #1912, .T. ) ;
#412 = PLANE ( 'NONE',  #2921 ) ;
#413 = LINE ( 'NONE', #2099, #1581 ) ;
#414 = ORIENTED_EDGE ( 'NONE', *, *, #832, .F. ) ;
#415 = DIRECTION ( 'NONE',  ( -0.000000000000000000, -1.000000000000000000, -0.000000000000000000 ) ) ;
#416 = ADVANCED_FACE ( 'NONE', ( #1707 ), #489, .F. ) ;
#417 = DIRECTION ( 'NONE',  ( 0.000000000000000000, 0.000000000000000000, 1.000000000000000000 ) ) ;
#418 = EDGE_LOOP ( 'NONE', ( #607, #2171, #621, #47 ) ) ;
#419 = CARTESIAN_POINT ( 'NONE',  ( -2.000000000000000000, 0.5999999999999998668, 2.000000000000000888 ) ) ;
#420 = ORIENTED_EDGE ( 'NONE', *, *, #1478, .F. ) ;
#421 = EDGE_CURVE ( 'NONE', #483, #487, #2745, .T. ) ;
#422 = LINE ( 'NONE', #901, #2450 ) ;
#423 = VERTEX_POINT ( 'NONE', #77 ) ;
#424 = DIRECTION ( 'NONE',  ( 1.445602896647339163E-16, 0.000000000000000000, -1.000000000000000000 ) ) ;
#425 = ORIENTED_EDGE ( 'NONE', *, *, #2019, .F. ) ;
#426 = LINE ( 'NONE', #1918, #1444 ) ;
#427 = ORIENTED_EDGE ( 'NONE', *, *, #1218, .F. ) ;
#428 = DIRECTION ( 'NONE',  ( -0.000000000000000000, -1.000000000000000000, -0.000000000000000000 ) ) ;
#429 = DIRECTION ( 'NONE',  ( -0.000000000000000000, -1.000000000000000000, -0.000000000000000000 ) ) ;
#430 = FACE_OUTER_BOUND ( 'NONE', #2133, .T. ) ;
#431 = DIRECTION ( 'NONE',  ( 0.000000000000000000, 0.000000000000000000, 1.000000000000000000 ) ) ;
#432 = PLANE ( 'NONE',  #2148 ) ;
#433 = ORIENTED_EDGE ( 'NONE', *, *, #257, .F. ) ;
#434 = LINE ( 'NONE', #2140, #2537 ) ;
#435 = EDGE_LOOP ( 'NONE', ( #185, #836, #1364, #1430 ) ) ;
#436 = MECHANICAL_DESIGN_GEOMETRIC_PRESENTATION_REPRESENTATION (  '', ( #2990 ), #2560 ) ;
#437 = CARTESIAN_POINT ( 'NONE',  ( -2.000000000000000000, 0.000000000000000000, 1.050000000000000266 ) ) ;
#438 = VECTOR ( 'NONE', #463, 1000.000000000000000 ) ;
#439 = EDGE_LOOP ( 'NONE', ( #2118, #2078, #2047, #1015 ) ) ;
#440 = CARTESIAN_POINT ( 'NONE',  ( -1.599999999999999867, 0.1519999999999999962, -1.349999999999999867 ) ) ;
#441 = ORIENTED_EDGE ( 'NONE', *, *, #620, .T. ) ;
#442 = VECTOR ( 'NONE', #2266, 1000.000000000000000 ) ;
#443 = DIRECTION ( 'NONE',  ( 0.000000000000000000, 1.000000000000000000, 0.000000000000000000 ) ) ;
#444 = ORIENTED_EDGE ( 'NONE', *, *, #233, .T. ) ;
#445 = VECTOR ( 'NONE', #2066, 1000.000000000000000 ) ;
#446 = ADVANCED_FACE ( 'NONE', ( #1807 ), #1790, .T. ) ;
#447 = EDGE_LOOP ( 'NONE', ( #1109, #1579, #113, #2223 ) ) ;
#448 = SURFACE_STYLE_USAGE ( .BOTH. , #655 ) ;
#449 = ORIENTED_EDGE ( 'NONE', *, *, #1305, .F. ) ;
#450 = EDGE_CURVE ( 'NONE', #1758, #1142, #688, .T. ) ;
#451 = VERTEX_POINT ( 'NONE', #1605 ) ;
#452 = PLANE ( 'NONE',  #2571 ) ;
#453 = DIRECTION ( 'NONE',  ( -1.445602896647337339E-15, 0.000000000000000000, 1.000000000000000000 ) ) ;
#454 = VECTOR ( 'NONE', #3019, 1000.000000000000000 ) ;
#455 = DIRECTION ( 'NONE',  ( 0.000000000000000000, 0.000000000000000000, 1.000000000000000000 ) ) ;
#456 = ORIENTED_EDGE ( 'NONE', *, *, #988, .F. ) ;
#457 = VERTEX_POINT ( 'NONE', #1020 ) ;
#458 = EDGE_CURVE ( 'NONE', #254, #2394, #752, .T. ) ;
#459 = EDGE_CURVE ( 'NONE', #2142, #1142, #2756, .T. ) ;
#460 = DIRECTION ( 'NONE',  ( -0.000000000000000000, -1.000000000000000000, -0.000000000000000000 ) ) ;
#461 = VECTOR ( 'NONE', #3133, 1000.000000000000000 ) ;
#462 = ORIENTED_EDGE ( 'NONE', *, *, #1576, .F. ) ;
#463 = DIRECTION ( 'NONE',  ( 0.000000000000000000, 0.000000000000000000, 1.000000000000000000 ) ) ;
#464 = LINE ( 'NONE', #2843, #1527 ) ;
#465 = VERTEX_POINT ( 'NONE', #1259 ) ;
#466 = EDGE_CURVE ( 'NONE', #1196, #2298, #672, .T. ) ;
#467 = FACE_OUTER_BOUND ( 'NONE', #2196, .T. ) ;
#468 = VERTEX_POINT ( 'NONE', #2563 ) ;
#469 = FACE_OUTER_BOUND ( 'NONE', #2859, .T. ) ;
#470 = ORIENTED_EDGE ( 'NONE', *, *, #1757, .T. ) ;
#471 = COLOUR_RGB ( '',0.2509803921568627416, 0.2509803921568627416, 0.2509803921568627416 ) ;
#472 = VERTEX_POINT ( 'NONE', #867 ) ;
#473 = VECTOR ( 'NONE', #378, 1000.000000000000000 ) ;
#474 = VERTEX_POINT ( 'NONE', #2792 ) ;
#475 = CARTESIAN_POINT ( 'NONE',  ( 1.600000000000000089, 0.6520000000000003570, -1.349999999999999867 ) ) ;
#476 = PLANE ( 'NONE',  #54 ) ;
#477 = DIRECTION ( 'NONE',  ( 0.000000000000000000, -1.000000000000000000, 0.000000000000000000 ) ) ;
#478 = FACE_OUTER_BOUND ( 'NONE', #91, .T. ) ;
#479 = CARTESIAN_POINT ( 'NONE',  ( -1.599999999999999867, 0.1519999999999999962, -0.5499999999999998224 ) ) ;
#480 = PLANE ( 'NONE',  #2379 ) ;
#481 = ORIENTED_EDGE ( 'NONE', *, *, #38, .F. ) ;
#482 = LINE ( 'NONE', #545, #2628 ) ;
#483 = VERTEX_POINT ( 'NONE', #1826 ) ;
#484 = VECTOR ( 'NONE', #943, 1000.000000000000000 ) ;
#485 = EDGE_LOOP ( 'NONE', ( #1877, #776, #828, #2352 ) ) ;
#486 = AXIS2_PLACEMENT_3D ( 'NONE', #237, #727, #1748 ) ;
#487 = VERTEX_POINT ( 'NONE', #3002 ) ;
#488 = VECTOR ( 'NONE', #1724, 1000.000000000000000 ) ;
#489 = PLANE ( 'NONE',  #2927 ) ;
#490 = VERTEX_POINT ( 'NONE', #657 ) ;
#491 = FACE_OUTER_BOUND ( 'NONE', #2650, .T. ) ;
#492 = ORIENTED_EDGE ( 'NONE', *, *, #503, .T. ) ;
#493 = DIRECTION ( 'NONE',  ( 1.000000000000000000, 0.000000000000000000, -1.084202172485505223E-15 ) ) ;
#494 = LINE ( 'NONE', #2558, #442 ) ;
#495 = VERTEX_POINT ( 'NONE', #354 ) ;
#496 = VERTEX_POINT ( 'NONE', #2227 ) ;
#497 = CARTESIAN_POINT ( 'NONE',  ( 2.000000000000000000, 0.1519999999999999962, -1.050000000000000044 ) ) ;
#498 = DIRECTION ( 'NONE',  ( 0.000000000000000000, -1.000000000000000000, 0.000000000000000000 ) ) ;
#499 = FACE_OUTER_BOUND ( 'NONE', #2404, .T. ) ;
#500 = CARTESIAN_POINT ( 'NONE',  ( 1.600000000000000089, 0.1519999999999999962, 0.2500000000000002220 ) ) ;
#501 = DIRECTION ( 'NONE',  ( 0.000000000000000000, 0.000000000000000000, 1.000000000000000000 ) ) ;
#502 = ORIENTED_EDGE ( 'NONE', *, *, #1305, .T. ) ;
#503 = EDGE_CURVE ( 'NONE', #315, #3022, #756, .T. ) ;
#504 = VERTEX_POINT ( 'NONE', #634 ) ;
#505 = DIRECTION ( 'NONE',  ( 7.228014483236687681E-16, -0.000000000000000000, 1.000000000000000000 ) ) ;
#506 = LINE ( 'NONE', #783, #2592 ) ;
#507 = VERTEX_POINT ( 'NONE', #1556 ) ;
#508 = DIRECTION ( 'NONE',  ( 1.000000000000000000, 0.000000000000000000, 0.000000000000000000 ) ) ;
#509 = VERTEX_POINT ( 'NONE', #2506 ) ;
#510 = FACE_OUTER_BOUND ( 'NONE', #162, .T. ) ;
#511 = DIRECTION ( 'NONE',  ( -1.000000000000000000, 0.000000000000000000, -1.885568995626964287E-16 ) ) ;
#512 = ORIENTED_EDGE ( 'NONE', *, *, #2388, .T. ) ;
#513 = ORIENTED_EDGE ( 'NONE', *, *, #1616, .T. ) ;
#514 = PLANE ( 'NONE',  #2420 ) ;
#515 = LINE ( 'NONE', #1878, #1524 ) ;
#516 = EDGE_LOOP ( 'NONE', ( #2122, #562, #1061, #2093 ) ) ;
#517 = PRESENTATION_STYLE_ASSIGNMENT (( #2131 ) ) ;
#518 = ORIENTED_EDGE ( 'NONE', *, *, #827, .F. ) ;
#519 = DIRECTION ( 'NONE',  ( 0.000000000000000000, 0.000000000000000000, -1.000000000000000000 ) ) ;
#520 = DIRECTION ( 'NONE',  ( 0.000000000000000000, 0.000000000000000000, -1.000000000000000000 ) ) ;
#521 = CARTESIAN_POINT ( 'NONE',  ( -1.599999999999999867, 0.6520000000000003570, 0.2500000000000002220 ) ) ;
#522 = AXIS2_PLACEMENT_3D ( 'NONE', #303, #1427, #225 ) ;
#523 = VECTOR ( 'NONE', #53, 1000.000000000000000 ) ;
#524 = EDGE_LOOP ( 'NONE', ( #567, #1521, #1657, #2496 ) ) ;
#525 = PRESENTATION_LAYER_ASSIGNMENT (  '', '', ( #174 ) ) ;
#526 = CARTESIAN_POINT ( 'NONE',  ( -1.550000000000000266, 0.4999999999999998890, -1.550000000000000266 ) ) ;
#527 = CARTESIAN_POINT ( 'NONE',  ( -2.000000000000000000, 0.6520000000000003570, -0.2499999999999998890 ) ) ;
#528 = CYLINDRICAL_SURFACE ( 'NONE', #2116, 0.1749999999999998224 ) ;
#529 = LINE ( 'NONE', #2301, #1578 ) ;
#530 = CARTESIAN_POINT ( 'NONE',  ( -1.599999999999999867, 0.6520000000000003570, 1.050000000000000266 ) ) ;
#531 = LINE ( 'NONE', #596, #588 ) ;
#532 = EDGE_CURVE ( 'NONE', #2503, #1146, #2858, .T. ) ;
#533 = ORIENTED_EDGE ( 'NONE', *, *, #1126, .F. ) ;
#534 = VECTOR ( 'NONE', #252, 1000.000000000000000 ) ;
#535 = ORIENTED_EDGE ( 'NONE', *, *, #1563, .F. ) ;
#536 = ORIENTED_EDGE ( 'NONE', *, *, #2999, .F. ) ;
#537 = EDGE_CURVE ( 'NONE', #1970, #2950, #2780, .T. ) ;
#538 = CARTESIAN_POINT ( 'NONE',  ( 1.149999999999999911, 3.932211634287160695, -1.500000000000000444 ) ) ;
#539 = DIRECTION ( 'NONE',  ( 1.000000000000000000, 0.000000000000000000, 0.000000000000000000 ) ) ;
#540 = LINE ( 'NONE', #772, #1696 ) ;
#541 = LINE ( 'NONE', #2595, #1609 ) ;
#542 = ORIENTED_EDGE ( 'NONE', *, *, #760, .F. ) ;
#543 = CARTESIAN_POINT ( 'NONE',  ( 1.600000000000000089, 0.000000000000000000, -0.5499999999999998224 ) ) ;
#544 = EDGE_CURVE ( 'NONE', #254, #1847, #676, .T. ) ;
#545 = CARTESIAN_POINT ( 'NONE',  ( -1.599999999999999867, 0.1519999999999999962, 1.050000000000000266 ) ) ;
#546 = FACE_OUTER_BOUND ( 'NONE', #1546, .T. ) ;
#547 = CARTESIAN_POINT ( 'NONE',  ( -2.000000000000000000, 0.6520000000000003570, -1.349999999999999867 ) ) ;
#548 = CARTESIAN_POINT ( 'NONE',  ( 2.000000000000000000, 0.1519999999999999962, 0.2500000000000002220 ) ) ;
#549 = VECTOR ( 'NONE', #627, 1000.000000000000000 ) ;
#550 = ORIENTED_EDGE ( 'NONE', *, *, #975, .F. ) ;
#551 = CARTESIAN_POINT ( 'NONE',  ( 2.000000000000000000, 0.6520000000000003570, -0.2499999999999998890 ) ) ;
#552 = CARTESIAN_POINT ( 'NONE',  ( -1.600000000000000311, 0.1519999999999999962, -0.2499999999999994726 ) ) ;
#553 = DIRECTION ( 'NONE',  ( 1.445602896647337536E-15, 0.000000000000000000, -1.000000000000000000 ) ) ;
#554 = VECTOR ( 'NONE', #1004, 1000.000000000000000 ) ;
#555 = VECTOR ( 'NONE', #460, 1000.000000000000000 ) ;
#556 = MANIFOLD_SOLID_BREP ( 'Boss-Extrude2[1]', #1289 ) ;
#557 = CARTESIAN_POINT ( 'NONE',  ( 2.000000000000000000, 0.1519999999999999962, 0.5500000000000001554 ) ) ;
#558 = ORIENTED_EDGE ( 'NONE', *, *, #1910, .T. ) ;
#559 = LINE ( 'NONE', #2430, #2644 ) ;
#560 = CARTESIAN_POINT ( 'NONE',  ( -2.000000000000000000, 0.1519999999999999962, 1.050000000000000266 ) ) ;
#561 = FACE_OUTER_BOUND ( 'NONE', #1541, .T. ) ;
#562 = ORIENTED_EDGE ( 'NONE', *, *, #1074, .T. ) ;
#563 = FILL_AREA_STYLE_COLOUR ( '', #1282 ) ;
#564 = CARTESIAN_POINT ( 'NONE',  ( -1.600000000000000311, 0.1519999999999999962, 0.5500000000000005995 ) ) ;
#565 = VECTOR ( 'NONE', #1906, 1000.000000000000000 ) ;
#566 = AXIS2_PLACEMENT_3D ( 'NONE', #1016, #372, #424 ) ;
#567 = ORIENTED_EDGE ( 'NONE', *, *, #2150, .T. ) ;
#568 = DIRECTION ( 'NONE',  ( 1.084202172485505026E-15, 0.000000000000000000, -1.000000000000000000 ) ) ;
#569 = STYLED_ITEM ( 'NONE', ( #2012 ), #835 ) ;
#570 = PLANE ( 'NONE',  #2072 ) ;
#571 = DIRECTION ( 'NONE',  ( 0.000000000000000000, -1.000000000000000000, 0.000000000000000000 ) ) ;
#572 = DIRECTION ( 'NONE',  ( -1.445602896647339163E-16, -0.000000000000000000, 1.000000000000000000 ) ) ;
#573 = VERTEX_POINT ( 'NONE', #2418 ) ;
#574 = ORIENTED_EDGE ( 'NONE', *, *, #312, .T. ) ;
#575 = EDGE_CURVE ( 'NONE', #654, #1533, #863, .T. ) ;
#576 =( NAMED_UNIT ( * ) PLANE_ANGLE_UNIT ( ) SI_UNIT ( $, .RADIAN. ) );
#577 = CARTESIAN_POINT ( 'NONE',  ( 2.000000000000000000, 6.856854249492380760, -2.000000000000000000 ) ) ;
#578 = FACE_OUTER_BOUND ( 'NONE', #2451, .T. ) ;
#579 = FACE_OUTER_BOUND ( 'NONE', #311, .T. ) ;
#580 = CARTESIAN_POINT ( 'NONE',  ( -1.600000000000000311, 0.000000000000000000, 1.350000000000000755 ) ) ;
#581 = ORIENTED_EDGE ( 'NONE', *, *, #450, .T. ) ;
#582 = ADVANCED_FACE ( 'NONE', ( #1909 ), #2444, .F. ) ;
#583 = LINE ( 'NONE', #2828, #1643 ) ;
#584 = EDGE_CURVE ( 'NONE', #1847, #142, #1830, .T. ) ;
#585 = CARTESIAN_POINT ( 'NONE',  ( -1.600000000000000311, 0.1519999999999999962, -0.2499999999999994726 ) ) ;
#586 = LINE ( 'NONE', #924, #641 ) ;
#587 = VERTEX_POINT ( 'NONE', #2382 ) ;
#588 = VECTOR ( 'NONE', #1971, 1000.000000000000000 ) ;
#589 = DIRECTION ( 'NONE',  ( -1.000000000000000000, 0.000000000000000000, 1.084202172485505223E-15 ) ) ;
#590 = DIRECTION ( 'NONE',  ( 0.000000000000000000, 0.000000000000000000, -1.000000000000000000 ) ) ;
#591 = SURFACE_STYLE_FILL_AREA ( #2248 ) ;
#592 = LINE ( 'NONE', #3098, #565 ) ;
#593 = EDGE_CURVE ( 'NONE', #2566, #897, #2939, .T. ) ;
#594 = ORIENTED_EDGE ( 'NONE', *, *, #184, .F. ) ;
#595 = VECTOR ( 'NONE', #2799, 1000.000000000000000 ) ;
#596 = CARTESIAN_POINT ( 'NONE',  ( 1.600000000000000089, 0.1519999999999999962, 0.2500000000000002220 ) ) ;
#597 = FACE_OUTER_BOUND ( 'NONE', #1442, .T. ) ;
#598 = CARTESIAN_POINT ( 'NONE',  ( 1.600000000000000089, 0.1519999999999999962, 0.2500000000000002220 ) ) ;
#599 = DIRECTION ( 'NONE',  ( 0.000000000000000000, 0.000000000000000000, -1.000000000000000000 ) ) ;
#600 = LINE ( 'NONE', #2680, #1633 ) ;
#601 = ORIENTED_EDGE ( 'NONE', *, *, #762, .T. ) ;
#602 = FACE_OUTER_BOUND ( 'NONE', #2964, .T. ) ;
#603 = DIRECTION ( 'NONE',  ( -0.000000000000000000, -1.000000000000000000, -0.000000000000000000 ) ) ;
#604 = DIRECTION ( 'NONE',  ( 0.000000000000000000, 1.000000000000000000, 0.000000000000000000 ) ) ;
#605 = LINE ( 'NONE', #1760, #2631 ) ;
#606 = LINE ( 'NONE', #1924, #555 ) ;
#607 = ORIENTED_EDGE ( 'NONE', *, *, #3010, .F. ) ;
#608 = LINE ( 'NONE', #1730, #1673 ) ;
#609 = VECTOR ( 'NONE', #737, 1000.000000000000000 ) ;
#610 = DIRECTION ( 'NONE',  ( 0.000000000000000000, -1.000000000000000000, 0.000000000000000000 ) ) ;
#611 = CARTESIAN_POINT ( 'NONE',  ( 1.600000000000000089, 0.1519999999999999962, -1.349999999999999867 ) ) ;
#612 = FACE_OUTER_BOUND ( 'NONE', #2747, .T. ) ;
#613 = EDGE_LOOP ( 'NONE', ( #301, #845, #351, #1439 ) ) ;
#614 = ADVANCED_FACE ( 'NONE', ( #1893 ), #1739, .F. ) ;
#615 = DIRECTION ( 'NONE',  ( 1.000000000000000000, 0.000000000000000000, -0.000000000000000000 ) ) ;
#616 = DIRECTION ( 'NONE',  ( -1.445602896647339163E-16, 0.000000000000000000, 1.000000000000000000 ) ) ;
#617 = AXIS2_PLACEMENT_3D ( 'NONE', #1458, #1534, #2460 ) ;
#618 = VECTOR ( 'NONE', #493, 1000.000000000000000 ) ;
#619 = LINE ( 'NONE', #36, #2622 ) ;
#620 = EDGE_CURVE ( 'NONE', #3058, #1649, #2949, .T. ) ;
#621 = ORIENTED_EDGE ( 'NONE', *, *, #919, .F. ) ;
#622 = SHAPE_DEFINITION_REPRESENTATION ( #796, #3037 ) ;
#623 = CARTESIAN_POINT ( 'NONE',  ( -1.600000000000000311, 0.6520000000000003570, 1.350000000000000755 ) ) ;
#624 = ORIENTED_EDGE ( 'NONE', *, *, #760, .T. ) ;
#625 = ORIENTED_EDGE ( 'NONE', *, *, #1921, .T. ) ;
#626 = EDGE_CURVE ( 'NONE', #1361, #2051, #1860, .T. ) ;
#627 = DIRECTION ( 'NONE',  ( 0.000000000000000000, 0.000000000000000000, -1.000000000000000000 ) ) ;
#628 = LINE ( 'NONE', #2971, #609 ) ;
#629 = LINE ( 'NONE', #2349, #1698 ) ;
#630 = VERTEX_POINT ( 'NONE', #964 ) ;
#631 = EDGE_CURVE ( 'NONE', #319, #2371, #2933, .T. ) ;
#632 = PRESENTATION_STYLE_ASSIGNMENT (( #2295 ) ) ;
#633 = CARTESIAN_POINT ( 'NONE',  ( 1.600000000000000089, 0.1519999999999999962, -0.5499999999999998224 ) ) ;
#634 = CARTESIAN_POINT ( 'NONE',  ( 2.000000000000000000, 0.05000000000000000278, 2.000000000000000000 ) ) ;
#635 = LINE ( 'NONE', #2900, #2654 ) ;
#636 = ORIENTED_EDGE ( 'NONE', *, *, #1068, .F. ) ;
#637 = DIRECTION ( 'NONE',  ( 0.000000000000000000, 0.000000000000000000, 1.000000000000000000 ) ) ;
#638 = DIRECTION ( 'NONE',  ( 1.000000000000000000, 0.000000000000000000, -0.000000000000000000 ) ) ;
#639 = CARTESIAN_POINT ( 'NONE',  ( -1.550000000000000266, 0.4999999999999998890, -1.550000000000000266 ) ) ;
#640 = FACE_OUTER_BOUND ( 'NONE', #2376, .T. ) ;
#641 = VECTOR ( 'NONE', #505, 1000.000000000000000 ) ;
#642 = ORIENTED_EDGE ( 'NONE', *, *, #784, .T. ) ;
#643 = LINE ( 'NONE', #2912, #1647 ) ;
#644 = ADVANCED_FACE ( 'NONE', ( #2892 ), #1755, .F. ) ;
#645 = DIRECTION ( 'NONE',  ( -1.445602896647337536E-15, 0.000000000000000000, 1.000000000000000000 ) ) ;
#646 = ADVANCED_FACE ( 'NONE', ( #850 ), #2943, .T. ) ;
#647 = DIRECTION ( 'NONE',  ( 0.000000000000000000, 0.000000000000000000, -1.000000000000000000 ) ) ;
#648 = AXIS2_PLACEMENT_3D ( 'NONE', #2008, #287, #2768 ) ;
#649 = VECTOR ( 'NONE', #1332, 1000.000000000000000 ) ;
#650 = ORIENTED_EDGE ( 'NONE', *, *, #1241, .T. ) ;
#651 = PLANE ( 'NONE',  #692 ) ;
#652 = DIRECTION ( 'NONE',  ( -1.000000000000000000, 0.000000000000000000, -1.445602896647337339E-15 ) ) ;
#653 = LINE ( 'NONE', #1840, #649 ) ;
#654 = VERTEX_POINT ( 'NONE', #3 ) ;
#655 = SURFACE_SIDE_STYLE ('',( #1449 ) ) ;
#656 = CARTESIAN_POINT ( 'NONE',  ( -1.150000000000000355, 3.932211634287160695, 1.499999999999999112 ) ) ;
#657 = CARTESIAN_POINT ( 'NONE',  ( -1.550000000000000266, 0.5999999999999999778, -1.724999999999999867 ) ) ;
#658 = VECTOR ( 'NONE', #2272, 1000.000000000000000 ) ;
#659 = ORIENTED_EDGE ( 'NONE', *, *, #799, .F. ) ;
#660 = AXIS2_PLACEMENT_3D ( 'NONE', #2246, #662, #1003 ) ;
#661 = CARTESIAN_POINT ( 'NONE',  ( -2.000000000000000000, 0.05000000000000000278, -1.349999999999999867 ) ) ;
#662 = DIRECTION ( 'NONE',  ( -0.000000000000000000, 1.000000000000000000, 0.000000000000000000 ) ) ;
#663 = EDGE_CURVE ( 'NONE', #1424, #2209, #854, .T. ) ;
#664 = EDGE_LOOP ( 'NONE', ( #353, #2884, #1865, #1914 ) ) ;
#665 =( NAMED_UNIT ( * ) PLANE_ANGLE_UNIT ( ) SI_UNIT ( $, .RADIAN. ) );
#666 = DIRECTION ( 'NONE',  ( 1.000000000000000000, -0.000000000000000000, 0.000000000000000000 ) ) ;
#667 = EDGE_CURVE ( 'NONE', #11, #2641, #1895, .T. ) ;
#668 = ORIENTED_EDGE ( 'NONE', *, *, #116, .F. ) ;
#669 = ADVANCED_FACE ( 'NONE', ( #804 ), #787, .F. ) ;
#670 = CARTESIAN_POINT ( 'NONE',  ( -1.174999999999996714, 0.05000000000000000278, -1.175000000000007150 ) ) ;
#671 = ADVANCED_FACE ( 'NONE', ( #1854 ), #2426, .T. ) ;
#672 = LINE ( 'NONE', #1285, #1802 ) ;
#673 = EDGE_CURVE ( 'NONE', #2176, #457, #2944, .T. ) ;
#674 = PLANE ( 'NONE',  #566 ) ;
#675 = FILL_AREA_STYLE ('',( #1604 ) ) ;
#676 = LINE ( 'NONE', #805, #699 ) ;
#677 = CARTESIAN_POINT ( 'NONE',  ( -2.000000000000000000, 0.1519999999999999962, -0.2499999999999998890 ) ) ;
#678 = EDGE_CURVE ( 'NONE', #1056, #1424, #1904, .T. ) ;
#679 = DIRECTION ( 'NONE',  ( 0.000000000000000000, -0.000000000000000000, 1.000000000000000000 ) ) ;
#680 = DIRECTION ( 'NONE',  ( 0.000000000000000000, -1.000000000000000000, 0.000000000000000000 ) ) ;
#681 = SURFACE_SIDE_STYLE ('',( #591 ) ) ;
#682 = CARTESIAN_POINT ( 'NONE',  ( 1.149999999999999467, 0.1520000000000002183, 1.499999999999999556 ) ) ;
#683 = CARTESIAN_POINT ( 'NONE',  ( 1.600000000000000089, 0.1519999999999999962, -0.5499999999999998224 ) ) ;
#684 = CARTESIAN_POINT ( 'NONE',  ( -1.550000000000000266, 0.4999999999999998890, -1.550000000000000266 ) ) ;
#685 = COLOUR_RGB ( '',0.7921568627450980005, 0.8196078431372548767, 0.9333333333333333481 ) ;
#686 = AXIS2_PLACEMENT_3D ( 'NONE', #80, #792, #104 ) ;
#687 = CARTESIAN_POINT ( 'NONE',  ( -1.550000000000000266, 0.4999999999999998890, -1.550000000000000266 ) ) ;
#688 = LINE ( 'NONE', #847, #1799 ) ;
#689 = AXIS2_PLACEMENT_3D ( 'NONE', #656, #866, #1628 ) ;
#690 = CARTESIAN_POINT ( 'NONE',  ( -1.600000000000000311, 0.04999999999999999584, 0.5500000000000005995 ) ) ;
#691 = ADVANCED_FACE ( 'NONE', ( #2873 ), #2936, .F. ) ;
#692 = AXIS2_PLACEMENT_3D ( 'NONE', #1894, #3030, #858 ) ;
#693 = ADVANCED_FACE ( 'NONE', ( #774 ), #1164, .T. ) ;
#694 = FILL_AREA_STYLE_COLOUR ( '', #1959 ) ;
#695 = VECTOR ( 'NONE', #1258, 1000.000000000000000 ) ;
#696 = EDGE_CURVE ( 'NONE', #1146, #210, #1868, .T. ) ;
#697 = CARTESIAN_POINT ( 'NONE',  ( -1.600000000000000311, 0.1519999999999999962, 1.350000000000000755 ) ) ;
#698 = CARTESIAN_POINT ( 'NONE',  ( -2.000000000000000000, 0.6520000000000003570, -0.2499999999999998890 ) ) ;
#699 = VECTOR ( 'NONE', #1720, 1000.000000000000000 ) ;
#700 = EDGE_CURVE ( 'NONE', #930, #487, #2887, .T. ) ;
#701 = DIRECTION ( 'NONE',  ( -7.228014483236686695E-16, 0.000000000000000000, -1.000000000000000000 ) ) ;
#702 = PLANE ( 'NONE',  #1862 ) ;
#703 = EDGE_CURVE ( 'NONE', #1349, #930, #798, .T. ) ;
#704 = VECTOR ( 'NONE', #1277, 1000.000000000000000 ) ;
#705 = ORIENTED_EDGE ( 'NONE', *, *, #3077, .F. ) ;
#706 = EDGE_CURVE ( 'NONE', #1, #3093, #2928, .T. ) ;
#707 = CARTESIAN_POINT ( 'NONE',  ( 0.000000000000000000, 0.1519999999999999962, 0.8000000000000000444 ) ) ;
#708 = PRESENTATION_STYLE_ASSIGNMENT (( #2959 ) ) ;
#709 = CARTESIAN_POINT ( 'NONE',  ( -1.600000000000000311, 0.000000000000000000, 1.350000000000000755 ) ) ;
#710 = VERTEX_POINT ( 'NONE', #2924 ) ;
#711 = CARTESIAN_POINT ( 'NONE',  ( 1.600000000000000311, 0.1519999999999999962, 0.5500000000000005995 ) ) ;
#712 = ADVANCED_FACE ( 'NONE', ( #838 ), #947, .F. ) ;
#713 = VECTOR ( 'NONE', #1530, 1000.000000000000000 ) ;
#714 = CARTESIAN_POINT ( 'NONE',  ( 1.600000000000000089, 0.1519999999999999962, 0.2500000000000002220 ) ) ;
#715 = ORIENTED_EDGE ( 'NONE', *, *, #1851, .F. ) ;
#716 = PLANE ( 'NONE',  #2862 ) ;
#717 = VECTOR ( 'NONE', #958, 1000.000000000000000 ) ;
#718 = MECHANICAL_DESIGN_GEOMETRIC_PRESENTATION_REPRESENTATION (  '', ( #1967 ), #2570 ) ;
#719 = ORIENTED_EDGE ( 'NONE', *, *, #706, .T. ) ;
#720 = AXIS2_PLACEMENT_3D ( 'NONE', #714, #1891, #729 ) ;
#721 = CARTESIAN_POINT ( 'NONE',  ( -1.600000000000000311, 0.6520000000000003570, 0.5500000000000005995 ) ) ;
#722 = DIRECTION ( 'NONE',  ( 1.084202172485505223E-15, 0.000000000000000000, -1.000000000000000000 ) ) ;
#723 = ORIENTED_EDGE ( 'NONE', *, *, #706, .F. ) ;
#724 = CARTESIAN_POINT ( 'NONE',  ( -1.550000000000000266, 0.4999999999999998890, -1.550000000000000266 ) ) ;
#725 = ORIENTED_EDGE ( 'NONE', *, *, #696, .F. ) ;
#726 =( LENGTH_UNIT ( ) NAMED_UNIT ( * ) SI_UNIT ( .MILLI., .METRE. ) );
#727 = DIRECTION ( 'NONE',  ( 0.000000000000000000, 1.000000000000000000, 0.000000000000000000 ) ) ;
#728 = EDGE_CURVE ( 'NONE', #1136, #3036, #1864, .T. ) ;
#729 = DIRECTION ( 'NONE',  ( 1.000000000000000000, 0.000000000000000000, 0.000000000000000000 ) ) ;
#730 = ORIENTED_EDGE ( 'NONE', *, *, #663, .F. ) ;
#731 = DIRECTION ( 'NONE',  ( 1.084202172485505223E-15, 0.000000000000000000, -1.000000000000000000 ) ) ;
#732 = CARTESIAN_POINT ( 'NONE',  ( -1.550000000000000266, 0.4999999999999998890, -1.375000000000000444 ) ) ;
#733 = FILL_AREA_STYLE_COLOUR ( '', #2604 ) ;
#734 = EDGE_CURVE ( 'NONE', #1617, #2341, #844, .T. ) ;
#735 = ORIENTED_EDGE ( 'NONE', *, *, #1874, .F. ) ;
#736 = DIRECTION ( 'NONE',  ( 1.000000000000000000, -0.000000000000000000, 0.000000000000000000 ) ) ;
#737 = DIRECTION ( 'NONE',  ( 7.228014483236687681E-16, -0.000000000000000000, 1.000000000000000000 ) ) ;
#738 = ORIENTED_EDGE ( 'NONE', *, *, #1255, .F. ) ;
#739 = PRODUCT_DEFINITION_FORMATION_WITH_SPECIFIED_SOURCE ( 'ANY', '', #1995, .NOT_KNOWN. ) ;
#740 = PLANE ( 'NONE',  #204 ) ;
#741 = ORIENTED_EDGE ( 'NONE', *, *, #2911, .T. ) ;
#742 = DIRECTION ( 'NONE',  ( 1.000000000000000000, 0.000000000000000000, 0.000000000000000000 ) ) ;
#743 = CARTESIAN_POINT ( 'NONE',  ( -1.599999999999999867, 0.1519999999999999962, -1.349999999999999867 ) ) ;
#744 = DIRECTION ( 'NONE',  ( 0.000000000000000000, 0.000000000000000000, 1.000000000000000000 ) ) ;
#745 = ORIENTED_EDGE ( 'NONE', *, *, #1135, .T. ) ;
#746 = DIRECTION ( 'NONE',  ( 0.000000000000000000, 0.000000000000000000, -1.000000000000000000 ) ) ;
#747 = UNCERTAINTY_MEASURE_WITH_UNIT (LENGTH_MEASURE( 1.000000000000000082E-05 ), #2539, 'distance_accuracy_value', 'NONE');
#748 = AXIS2_PLACEMENT_3D ( 'NONE', #219, #1523, #1495 ) ;
#749 = DIRECTION ( 'NONE',  ( 0.000000000000000000, -0.000000000000000000, 1.000000000000000000 ) ) ;
#750 = ORIENTED_EDGE ( 'NONE', *, *, #1428, .F. ) ;
#751 = CARTESIAN_POINT ( 'NONE',  ( 2.000000000000000000, 0.05000000000000000278, 0.5500000000000001554 ) ) ;
#752 = LINE ( 'NONE', #611, #2762 ) ;
#753 = CARTESIAN_POINT ( 'NONE',  ( 1.600000000000000089, 0.1519999999999999962, -1.349999999999999867 ) ) ;
#754 = EDGE_CURVE ( 'NONE', #1800, #315, #1837, .T. ) ;
#755 = ORIENTED_EDGE ( 'NONE', *, *, #2129, .F. ) ;
#756 = LINE ( 'NONE', #1060, #1737 ) ;
#757 = CARTESIAN_POINT ( 'NONE',  ( 1.600000000000000311, 0.1519999999999999962, -1.049999999999999600 ) ) ;
#758 = VERTEX_POINT ( 'NONE', #751 ) ;
#759 = CARTESIAN_POINT ( 'NONE',  ( 1.600000000000000311, 0.1519999999999999962, 1.350000000000000755 ) ) ;
#760 = EDGE_CURVE ( 'NONE', #509, #1996, #1888, .T. ) ;
#761 = CARTESIAN_POINT ( 'NONE',  ( -1.600000000000000311, 0.1519999999999999962, 0.5500000000000005995 ) ) ;
#762 = EDGE_CURVE ( 'NONE', #365, #2904, #830, .T. ) ;
#763 = LINE ( 'NONE', #1547, #1732 ) ;
#764 = DIRECTION ( 'NONE',  ( 0.000000000000000000, 0.000000000000000000, 1.000000000000000000 ) ) ;
#765 = ORIENTED_EDGE ( 'NONE', *, *, #3011, .T. ) ;
#766 = CARTESIAN_POINT ( 'NONE',  ( -1.600000000000000311, 0.1519999999999999962, 0.5500000000000005995 ) ) ;
#767 = ORIENTED_EDGE ( 'NONE', *, *, #663, .T. ) ;
#768 = CARTESIAN_POINT ( 'NONE',  ( 0.000000000000000000, 0.1519999999999999962, 0.000000000000000000 ) ) ;
#769 = PRESENTATION_LAYER_ASSIGNMENT (  '', '', ( #2031 ) ) ;
#770 = FILL_AREA_STYLE_COLOUR ( '', #1474 ) ;
#771 = FACE_OUTER_BOUND ( 'NONE', #1592, .T. ) ;
#772 = CARTESIAN_POINT ( 'NONE',  ( 1.600000000000000089, 0.6520000000000003570, 1.050000000000000266 ) ) ;
#773 = ORIENTED_EDGE ( 'NONE', *, *, #73, .T. ) ;
#774 = FACE_OUTER_BOUND ( 'NONE', #786, .T. ) ;
#775 = CARTESIAN_POINT ( 'NONE',  ( 0.000000000000000000, 0.1519999999999999962, 0.8000000000000000444 ) ) ;
#776 = ORIENTED_EDGE ( 'NONE', *, *, #1969, .F. ) ;
#777 = CARTESIAN_POINT ( 'NONE',  ( 1.599999999999999423, 0.05000000000000000278, -1.156482317317869358E-15 ) ) ;
#778 = CARTESIAN_POINT ( 'NONE',  ( 0.000000000000000000, 0.1519999999999999962, 0.000000000000000000 ) ) ;
#779 = DIRECTION ( 'NONE',  ( -1.000000000000000000, 0.000000000000000000, 0.000000000000000000 ) ) ;
#780 = AXIS2_PLACEMENT_3D ( 'NONE', #2958, #2885, #264 ) ;
#781 = DIRECTION ( 'NONE',  ( 0.000000000000000000, -1.000000000000000000, 0.000000000000000000 ) ) ;
#782 = ORIENTED_EDGE ( 'NONE', *, *, #2267, .F. ) ;
#783 = CARTESIAN_POINT ( 'NONE',  ( 1.600000000000000311, 0.1519999999999999962, -0.2499999999999994726 ) ) ;
#784 = EDGE_CURVE ( 'NONE', #2660, #2176, #1842, .T. ) ;
#785 = VECTOR ( 'NONE', #2717, 1000.000000000000000 ) ;
#786 = EDGE_LOOP ( 'NONE', ( #855, #831, #299, #2385 ) ) ;
#787 = PLANE ( 'NONE',  #1937 ) ;
#788 = MANIFOLD_SOLID_BREP ( 'Boss-Extrude5', #1704 ) ;
#789 = EDGE_CURVE ( 'NONE', #1800, #1354, #3056, .T. ) ;
#790 = ADVANCED_FACE ( 'NONE', ( #1948 ), #452, .T. ) ;
#791 =( NAMED_UNIT ( * ) PLANE_ANGLE_UNIT ( ) SI_UNIT ( $, .RADIAN. ) );
#792 = DIRECTION ( 'NONE',  ( 1.084202172485505026E-15, 0.000000000000000000, -1.000000000000000000 ) ) ;
#793 = VECTOR ( 'NONE', #1772, 1000.000000000000000 ) ;
#794 = CARTESIAN_POINT ( 'NONE',  ( 2.000000000000000000, 0.1519999999999999962, 1.350000000000000311 ) ) ;
#795 = ORIENTED_EDGE ( 'NONE', *, *, #827, .T. ) ;
#796 = PRODUCT_DEFINITION_SHAPE ( 'NONE', 'NONE',  #2683 ) ;
#797 = CARTESIAN_POINT ( 'NONE',  ( 1.600000000000000311, 0.1519999999999999962, -1.049999999999999600 ) ) ;
#798 = LINE ( 'NONE', #2208, #873 ) ;
#799 = EDGE_CURVE ( 'NONE', #2242, #2872, #877, .T. ) ;
#800 = DIRECTION ( 'NONE',  ( 0.000000000000000000, -1.000000000000000000, 0.000000000000000000 ) ) ;
#801 = EDGE_LOOP ( 'NONE', ( #2617, #3084, #1035, #601 ) ) ;
#802 = CARTESIAN_POINT ( 'NONE',  ( 1.600000000000000311, 0.1519999999999999962, -0.2499999999999994726 ) ) ;
#803 = CARTESIAN_POINT ( 'NONE',  ( -1.600000000000000311, 0.000000000000000000, -0.2499999999999994726 ) ) ;
#804 = FACE_OUTER_BOUND ( 'NONE', #1377, .T. ) ;
#805 = CARTESIAN_POINT ( 'NONE',  ( 2.000000000000000000, 0.1519999999999999962, -1.349999999999999867 ) ) ;
#806 =( NAMED_UNIT ( * ) SI_UNIT ( $, .STERADIAN. ) SOLID_ANGLE_UNIT ( ) );
#807 = VERTEX_POINT ( 'NONE', #376 ) ;
#808 = EDGE_CURVE ( 'NONE', #10, #2311, #1953, .T. ) ;
#809 = CARTESIAN_POINT ( 'NONE',  ( -1.550000000000000266, 0.4999999999999998890, -1.550000000000000266 ) ) ;
#810 = VECTOR ( 'NONE', #2244, 1000.000000000000000 ) ;
#811 = EDGE_LOOP ( 'NONE', ( #765, #1181, #1191, #1714, #1250 ) ) ;
#812 = DIRECTION ( 'NONE',  ( 0.000000000000000000, 0.000000000000000000, 1.000000000000000000 ) ) ;
#813 = CARTESIAN_POINT ( 'NONE',  ( 0.000000000000000000, 0.000000000000000000, 0.000000000000000000 ) ) ;
#814 = DIRECTION ( 'NONE',  ( 0.000000000000000000, 1.000000000000000000, 0.000000000000000000 ) ) ;
#815 = DIRECTION ( 'NONE',  ( 0.000000000000000000, -1.000000000000000000, 0.000000000000000000 ) ) ;
#816 = VECTOR ( 'NONE', #240, 1000.000000000000000 ) ;
#817 = DIRECTION ( 'NONE',  ( -0.000000000000000000, 1.000000000000000000, 0.000000000000000000 ) ) ;
#818 = EDGE_LOOP ( 'NONE', ( #2531, #2034, #2598, #2480 ) ) ;
#819 = AXIS2_PLACEMENT_3D ( 'NONE', #1083, #817, #1345 ) ;
#820 = ADVANCED_FACE ( 'NONE', ( #1993 ), #1339, .F. ) ;
#821 = CARTESIAN_POINT ( 'NONE',  ( -1.600000000000000311, 0.000000000000000000, -1.049999999999999600 ) ) ;
#822 = PRESENTATION_LAYER_ASSIGNMENT (  '', '', ( #569 ) ) ;
#823 = ORIENTED_EDGE ( 'NONE', *, *, #3011, .F. ) ;
#824 = DIRECTION ( 'NONE',  ( 1.000000000000000000, -0.000000000000000000, 0.000000000000000000 ) ) ;
#825 = AXIS2_PLACEMENT_3D ( 'NONE', #1820, #2097, #3064 ) ;
#826 = VECTOR ( 'NONE', #1019, 1000.000000000000000 ) ;
#827 = EDGE_CURVE ( 'NONE', #2564, #1499, #934, .T. ) ;
#828 = ORIENTED_EDGE ( 'NONE', *, *, #864, .F. ) ;
#829 = DIRECTION ( 'NONE',  ( 7.228014483236687681E-16, -0.000000000000000000, 1.000000000000000000 ) ) ;
#830 = LINE ( 'NONE', #2453, #1822 ) ;
#831 = ORIENTED_EDGE ( 'NONE', *, *, #2192, .F. ) ;
#832 = EDGE_CURVE ( 'NONE', #2820, #1649, #2994, .T. ) ;
#833 = CARTESIAN_POINT ( 'NONE',  ( 1.600000000000000089, 0.1519999999999999962, -1.349999999999999867 ) ) ;
#834 = CARTESIAN_POINT ( 'NONE',  ( 1.600000000000000311, 0.6520000000000003570, 0.5500000000000005995 ) ) ;
#835 = MANIFOLD_SOLID_BREP ( 'LPattern2[6]', #1347 ) ;
#836 = ORIENTED_EDGE ( 'NONE', *, *, #1729, .F. ) ;
#837 = EDGE_CURVE ( 'NONE', #1382, #2298, #949, .T. ) ;
#838 = FACE_OUTER_BOUND ( 'NONE', #516, .T. ) ;
#839 = ORIENTED_EDGE ( 'NONE', *, *, #1817, .F. ) ;
#840 = CARTESIAN_POINT ( 'NONE',  ( -1.550000000000000266, 0.5999999999999999778, -1.375000000000000444 ) ) ;
#841 = ADVANCED_FACE ( 'NONE', ( #909 ), #882, .F. ) ;
#842 = VECTOR ( 'NONE', #1805, 1000.000000000000000 ) ;
#843 = ORIENTED_EDGE ( 'NONE', *, *, #1331, .F. ) ;
#844 = LINE ( 'NONE', #2020, #810 ) ;
#845 = ORIENTED_EDGE ( 'NONE', *, *, #1979, .T. ) ;
#846 =( NAMED_UNIT ( * ) PLANE_ANGLE_UNIT ( ) SI_UNIT ( $, .RADIAN. ) );
#847 = CARTESIAN_POINT ( 'NONE',  ( -1.599999999999999867, 0.000000000000000000, 0.2500000000000002220 ) ) ;
#848 = SURFACE_STYLE_USAGE ( .BOTH. , #304 ) ;
#849 = SURFACE_SIDE_STYLE ('',( #239 ) ) ;
#850 = FACE_OUTER_BOUND ( 'NONE', #664, .T. ) ;
#851 = DIRECTION ( 'NONE',  ( 0.000000000000000000, 0.000000000000000000, 1.000000000000000000 ) ) ;
#852 = AXIS2_PLACEMENT_3D ( 'NONE', #2796, #1044, #2614 ) ;
#853 = EDGE_CURVE ( 'NONE', #468, #1758, #960, .T. ) ;
#854 = LINE ( 'NONE', #2505, #2923 ) ;
#855 = ORIENTED_EDGE ( 'NONE', *, *, #2186, .F. ) ;
#856 = DIRECTION ( 'NONE',  ( -1.000000000000000000, 0.000000000000000000, 2.168404344971008868E-16 ) ) ;
#857 = DIRECTION ( 'NONE',  ( 1.000000000000000000, 0.000000000000000000, -0.000000000000000000 ) ) ;
#858 = DIRECTION ( 'NONE',  ( -1.000000000000000000, 0.000000000000000000, 1.084202172485505026E-15 ) ) ;
#859 = VERTEX_POINT ( 'NONE', #1359 ) ;
#860 = CARTESIAN_POINT ( 'NONE',  ( 1.149999999999999467, 0.05000000000000012768, 1.499999999999999556 ) ) ;
#861 = EDGE_CURVE ( 'NONE', #2667, #2904, #903, .T. ) ;
#862 = ADVANCED_FACE ( 'NONE', ( #2005 ), #925, .T. ) ;
#863 = LINE ( 'NONE', #2706, #816 ) ;
#864 = EDGE_CURVE ( 'NONE', #109, #859, #1922, .T. ) ;
#865 = VERTEX_POINT ( 'NONE', #1653 ) ;
#866 = DIRECTION ( 'NONE',  ( -1.000000000000000000, 0.000000000000000000, -1.445602896647339163E-16 ) ) ;
#867 = CARTESIAN_POINT ( 'NONE',  ( -1.600000000000000311, 0.1519999999999999962, -1.049999999999999600 ) ) ;
#868 = CARTESIAN_POINT ( 'NONE',  ( -1.138412281109778078E-15, 0.05000000000000000278, -1.049999999999997824 ) ) ;
#869 = CARTESIAN_POINT ( 'NONE',  ( 2.000000000000000000, 0.6520000000000003570, 0.5500000000000001554 ) ) ;
#870 = VECTOR ( 'NONE', #1039, 1000.000000000000000 ) ;
#871 = ORIENTED_EDGE ( 'NONE', *, *, #3111, .T. ) ;
#872 = EDGE_CURVE ( 'NONE', #1142, #573, #3017, .T. ) ;
#873 = VECTOR ( 'NONE', #1756, 1000.000000000000000 ) ;
#874 = APPLICATION_CONTEXT ( 'automotive_design' ) ;
#875 = CLOSED_SHELL ( 'NONE', ( #2510, #646, #2826, #2167, #66, #1572, #1960 ) ) ;
#876 = STYLED_ITEM ( 'NONE', ( #1412 ), #2830 ) ;
#877 = LINE ( 'NONE', #122, #942 ) ;
#878 = ORIENTED_EDGE ( 'NONE', *, *, #1027, .F. ) ;
#879 = CARTESIAN_POINT ( 'NONE',  ( -1.600000000000000311, 0.04999999999999999584, 1.350000000000000755 ) ) ;
#880 = VECTOR ( 'NONE', #2340, 1000.000000000000000 ) ;
#881 = ORIENTED_EDGE ( 'NONE', *, *, #1288, .F. ) ;
#882 = PLANE ( 'NONE',  #689 ) ;
#883 = AXIS2_PLACEMENT_3D ( 'NONE', #916, #1674, #1138 ) ;
#884 = ADVANCED_FACE ( 'NONE', ( #1946 ), #1915, .F. ) ;
#885 = DIRECTION ( 'NONE',  ( 1.000000000000000000, 0.000000000000000000, 0.000000000000000000 ) ) ;
#886 = VECTOR ( 'NONE', #3034, 1000.000000000000000 ) ;
#887 = CARTESIAN_POINT ( 'NONE',  ( -2.000000000000000000, 0.000000000000000000, -1.050000000000000044 ) ) ;
#888 = EDGE_CURVE ( 'NONE', #2907, #106, #1968, .T. ) ;
#889 = ORIENTED_EDGE ( 'NONE', *, *, #2225, .F. ) ;
#890 = DIRECTION ( 'NONE',  ( 0.000000000000000000, 1.000000000000000000, 0.000000000000000000 ) ) ;
#891 = ORIENTED_EDGE ( 'NONE', *, *, #1606, .F. ) ;
#892 = DIRECTION ( 'NONE',  ( -1.000000000000000000, 0.000000000000000000, -1.445602896647337536E-15 ) ) ;
#893 = EDGE_CURVE ( 'NONE', #2358, #2586, #895, .T. ) ;
#894 = DIRECTION ( 'NONE',  ( 0.000000000000000000, 1.000000000000000000, 0.000000000000000000 ) ) ;
#895 = LINE ( 'NONE', #797, #2988 ) ;
#896 = DIRECTION ( 'NONE',  ( 0.000000000000000000, 0.000000000000000000, 1.000000000000000000 ) ) ;
#897 = VERTEX_POINT ( 'NONE', #543 ) ;
#898 = PLANE ( 'NONE',  #1743 ) ;
#899 = LINE ( 'NONE', #1539, #1987 ) ;
#900 =( NAMED_UNIT ( * ) SI_UNIT ( $, .STERADIAN. ) SOLID_ANGLE_UNIT ( ) );
#901 = CARTESIAN_POINT ( 'NONE',  ( -1.149999999999999911, 3.932211634287160695, -1.200000000000001066 ) ) ;
#902 = CARTESIAN_POINT ( 'NONE',  ( -1.600000000000000311, 0.6520000000000003570, -0.2499999999999994726 ) ) ;
#903 = LINE ( 'NONE', #1311, #914 ) ;
#904 = PLANE ( 'NONE',  #2611 ) ;
#905 = ORIENTED_EDGE ( 'NONE', *, *, #371, .T. ) ;
#906 = DIRECTION ( 'NONE',  ( 1.000000000000000000, 0.000000000000000000, 0.000000000000000000 ) ) ;
#907 = CARTESIAN_POINT ( 'NONE',  ( -1.149999999999999911, 0.000000000000000000, -1.200000000000001066 ) ) ;
#908 = MECHANICAL_DESIGN_GEOMETRIC_PRESENTATION_REPRESENTATION (  '', ( #876 ), #941 ) ;
#909 = FACE_OUTER_BOUND ( 'NONE', #1965, .T. ) ;
#910 = VERTEX_POINT ( 'NONE', #821 ) ;
#911 = CARTESIAN_POINT ( 'NONE',  ( 2.000000000000000000, 0.000000000000000000, -0.2499999999999998890 ) ) ;
#912 = ADVANCED_FACE ( 'NONE', ( #929 ), #2435, .F. ) ;
#913 = CARTESIAN_POINT ( 'NONE',  ( 1.600000000000000311, 0.1519999999999999962, 1.350000000000000755 ) ) ;
#914 = VECTOR ( 'NONE', #428, 1000.000000000000000 ) ;
#915 = CLOSED_SHELL ( 'NONE', ( #1356, #3048, #884, #3069, #2443, #932, #1062, #146, #1856, #1333, #693, #1666, #411, #790, #2221, #2765, #1392, #2831, #841, #671, #176, #2638, #2279, #820, #1661, #2849, #2809, #118, #1036, #1203, #2300, #94, #21, #90, #1744, #691, #2784, #1110, #285, #984, #1090, #2086, #1630, #2983, #1693, #2739, #1601 ) ) ;
#916 = CARTESIAN_POINT ( 'NONE',  ( 0.000000000000000000, 0.1519999999999999962, 0.000000000000000000 ) ) ;
#917 = ORIENTED_EDGE ( 'NONE', *, *, #1813, .T. ) ;
#918 = DIRECTION ( 'NONE',  ( 0.000000000000000000, -1.000000000000000000, 0.000000000000000000 ) ) ;
#919 = EDGE_CURVE ( 'NONE', #345, #1227, #1980, .T. ) ;
#920 = DIRECTION ( 'NONE',  ( 0.000000000000000000, 0.000000000000000000, -1.000000000000000000 ) ) ;
#921 = VECTOR ( 'NONE', #1059, 1000.000000000000000 ) ;
#922 = PLANE ( 'NONE',  #2002 ) ;
#923 = EDGE_CURVE ( 'NONE', #2371, #758, #899, .T. ) ;
#924 = CARTESIAN_POINT ( 'NONE',  ( 1.600000000000000311, 0.1519999999999999962, -0.2499999999999994726 ) ) ;
#925 = CYLINDRICAL_SURFACE ( 'NONE', #3057, 0.1749999999999998224 ) ;
#926 = VERTEX_POINT ( 'NONE', #3088 ) ;
#927 = DIRECTION ( 'NONE',  ( 0.000000000000000000, -1.000000000000000000, 0.000000000000000000 ) ) ;
#928 = CARTESIAN_POINT ( 'NONE',  ( 2.000000000000000000, 0.000000000000000000, -1.050000000000000044 ) ) ;
#929 = FACE_OUTER_BOUND ( 'NONE', #97, .T. ) ;
#930 = VERTEX_POINT ( 'NONE', #187 ) ;
#931 = EDGE_CURVE ( 'NONE', #2191, #164, #969, .T. ) ;
#932 = ADVANCED_FACE ( 'NONE', ( #1024 ), #994, .F. ) ;
#933 = DIRECTION ( 'NONE',  ( -0.000000000000000000, -1.000000000000000000, -0.000000000000000000 ) ) ;
#934 = LINE ( 'NONE', #1678, #880 ) ;
#935 = CLOSED_SHELL ( 'NONE', ( #150, #2361, #3005, #712, #2274, #2006 ) ) ;
#936 = CARTESIAN_POINT ( 'NONE',  ( -1.599999999999999867, 0.1519999999999999962, -0.5499999999999998224 ) ) ;
#937 = PLANE ( 'NONE',  #1224 ) ;
#938 = VECTOR ( 'NONE', #3051, 1000.000000000000000 ) ;
#939 = DIRECTION ( 'NONE',  ( -0.000000000000000000, -1.000000000000000000, -0.000000000000000000 ) ) ;
#940 = ORIENTED_EDGE ( 'NONE', *, *, #754, .F. ) ;
#941 =( GEOMETRIC_REPRESENTATION_CONTEXT ( 3 ) GLOBAL_UNCERTAINTY_ASSIGNED_CONTEXT ( ( #2125 ) ) GLOBAL_UNIT_ASSIGNED_CONTEXT ( ( #1982, #2484, #2567 ) ) REPRESENTATION_CONTEXT ( 'NONE', 'WORKASPACE' ) );
#942 = VECTOR ( 'NONE', #2123, 1000.000000000000000 ) ;
#943 = DIRECTION ( 'NONE',  ( 0.000000000000000000, 0.000000000000000000, -1.000000000000000000 ) ) ;
#944 = APPLICATION_PROTOCOL_DEFINITION ( 'draft international standard', 'automotive_design', 1998, #2255 ) ;
#945 = AXIS2_PLACEMENT_3D ( 'NONE', #778, #2054, #647 ) ;
#946 = AXIS2_PLACEMENT_3D ( 'NONE', #526, #603, #1938 ) ;
#947 = PLANE ( 'NONE',  #2081 ) ;
#948 = ORIENTED_EDGE ( 'NONE', *, *, #1246, .T. ) ;
#949 = LINE ( 'NONE', #2653, #938 ) ;
#950 = UNCERTAINTY_MEASURE_WITH_UNIT (LENGTH_MEASURE( 1.000000000000000082E-05 ), #2931, 'distance_accuracy_value', 'NONE');
#951 = VERTEX_POINT ( 'NONE', #2472 ) ;
#952 = DIRECTION ( 'NONE',  ( 0.000000000000000000, 1.000000000000000000, -0.000000000000000000 ) ) ;
#953 = DIRECTION ( 'NONE',  ( -1.000000000000000000, 0.000000000000000000, 1.084202172485505026E-15 ) ) ;
#954 = VECTOR ( 'NONE', #2317, 1000.000000000000000 ) ;
#955 = DIRECTION ( 'NONE',  ( 1.000000000000000000, 0.000000000000000000, -2.168404344971008868E-16 ) ) ;
#956 = ORIENTED_EDGE ( 'NONE', *, *, #762, .F. ) ;
#957 = EDGE_CURVE ( 'NONE', #495, #374, #20, .T. ) ;
#958 = DIRECTION ( 'NONE',  ( 0.000000000000000000, 0.000000000000000000, -1.000000000000000000 ) ) ;
#959 = DIRECTION ( 'NONE',  ( 7.228014483236687681E-16, -0.000000000000000000, 1.000000000000000000 ) ) ;
#960 = LINE ( 'NONE', #76, #921 ) ;
#961 = ORIENTED_EDGE ( 'NONE', *, *, #2, .T. ) ;
#962 = DIRECTION ( 'NONE',  ( -1.000000000000000000, 0.000000000000000000, -1.084202172485505223E-15 ) ) ;
#963 = EDGE_CURVE ( 'NONE', #1349, #1949, #1066, .T. ) ;
#964 = CARTESIAN_POINT ( 'NONE',  ( 2.000000000000000000, 0.000000000000000000, -0.5499999999999998224 ) ) ;
#965 = CARTESIAN_POINT ( 'NONE',  ( -2.000000000000000000, 0.000000000000000000, 1.350000000000000311 ) ) ;
#966 = EDGE_LOOP ( 'NONE', ( #1308, #2412, #1446, #2490 ) ) ;
#967 = CARTESIAN_POINT ( 'NONE',  ( -2.000000000000000000, 0.1519999999999999962, -1.050000000000000044 ) ) ;
#968 = CARTESIAN_POINT ( 'NONE',  ( 2.000000000000000000, 0.04999999999999999584, 1.050000000000000266 ) ) ;
#969 = LINE ( 'NONE', #475, #2121 ) ;
#970 = PLANE ( 'NONE',  #92 ) ;
#971 = CARTESIAN_POINT ( 'NONE',  ( 1.149999999999999689, 0.05000000000000000278, 1.662443331144439803E-16 ) ) ;
#972 = VECTOR ( 'NONE', #1549, 1000.000000000000000 ) ;
#973 = ORIENTED_EDGE ( 'NONE', *, *, #1986, .F. ) ;
#974 = AXIS2_PLACEMENT_3D ( 'NONE', #228, #183, #2410 ) ;
#975 = EDGE_CURVE ( 'NONE', #2522, #2503, #3114, .T. ) ;
#976 = FACE_OUTER_BOUND ( 'NONE', #1314, .T. ) ;
#977 = DIRECTION ( 'NONE',  ( 0.000000000000000000, 0.000000000000000000, -1.000000000000000000 ) ) ;
#978 = ORIENTED_EDGE ( 'NONE', *, *, #3010, .T. ) ;
#979 = DIRECTION ( 'NONE',  ( -1.000000000000000000, -0.000000000000000000, -0.000000000000000000 ) ) ;
#980 = UNCERTAINTY_MEASURE_WITH_UNIT (LENGTH_MEASURE( 1.000000000000000082E-05 ), #726, 'distance_accuracy_value', 'NONE');
#981 = DIRECTION ( 'NONE',  ( 1.000000000000000000, -0.000000000000000000, 1.084202172485505223E-15 ) ) ;
#982 = VECTOR ( 'NONE', #508, 1000.000000000000000 ) ;
#983 = ORIENTED_EDGE ( 'NONE', *, *, #963, .F. ) ;
#984 = ADVANCED_FACE ( 'NONE', ( #2083 ), #1939, .T. ) ;
#985 = DIRECTION ( 'NONE',  ( 1.445602896647339163E-16, 0.000000000000000000, -1.000000000000000000 ) ) ;
#986 = CARTESIAN_POINT ( 'NONE',  ( -1.599999999999999867, 0.000000000000000000, 1.050000000000000266 ) ) ;
#987 = DIRECTION ( 'NONE',  ( 1.000000000000000000, -0.000000000000000000, -2.168404344971008868E-16 ) ) ;
#988 = EDGE_CURVE ( 'NONE', #294, #399, #995, .T. ) ;
#989 = FACE_BOUND ( 'NONE', #103, .T. ) ;
#990 = PLANE ( 'NONE',  #207 ) ;
#991 = ORIENTED_EDGE ( 'NONE', *, *, #2847, .F. ) ;
#992 = EDGE_CURVE ( 'NONE', #2326, #345, #1010, .T. ) ;
#993 = DIRECTION ( 'NONE',  ( 0.000000000000000000, -1.000000000000000000, 0.000000000000000000 ) ) ;
#994 = PLANE ( 'NONE',  #1087 ) ;
#995 = LINE ( 'NONE', #2399, #2026 ) ;
#996 = ORIENTED_EDGE ( 'NONE', *, *, #2543, .F. ) ;
#997 = CARTESIAN_POINT ( 'NONE',  ( 1.600000000000000089, 0.000000000000000000, -0.5499999999999998224 ) ) ;
#998 = EDGE_CURVE ( 'NONE', #2051, #283, #2091, .T. ) ;
#999 = VECTOR ( 'NONE', #2139, 1000.000000000000000 ) ;
#1000 = ORIENTED_EDGE ( 'NONE', *, *, #1754, .F. ) ;
#1001 = ORIENTED_EDGE ( 'NONE', *, *, #1950, .T. ) ;
#1002 = PLANE ( 'NONE',  #16 ) ;
#1003 = DIRECTION ( 'NONE',  ( 0.000000000000000000, -0.000000000000000000, 1.000000000000000000 ) ) ;
#1004 = DIRECTION ( 'NONE',  ( 0.000000000000000000, 0.000000000000000000, -1.000000000000000000 ) ) ;
#1005 = LINE ( 'NONE', #1832, #982 ) ;
#1006 = PRODUCT_RELATED_PRODUCT_CATEGORY ( 'part', '', ( #1995 ) ) ;
#1007 = AXIS2_PLACEMENT_3D ( 'NONE', #698, #2343, #3075 ) ;
#1008 = DIRECTION ( 'NONE',  ( -1.000000000000000000, 0.000000000000000000, -1.084202172485505026E-15 ) ) ;
#1009 = DIRECTION ( 'NONE',  ( 0.7071067811865506814, -0.000000000000000000, -0.7071067811865443531 ) ) ;
#1010 = LINE ( 'NONE', #2938, #3120 ) ;
#1011 = CARTESIAN_POINT ( 'NONE',  ( 2.000000000000000000, 0.6520000000000003570, 1.050000000000000266 ) ) ;
#1012 =( GEOMETRIC_REPRESENTATION_CONTEXT ( 3 ) GLOBAL_UNCERTAINTY_ASSIGNED_CONTEXT ( ( #980 ) ) GLOBAL_UNIT_ASSIGNED_CONTEXT ( ( #726, #2126, #1919 ) ) REPRESENTATION_CONTEXT ( 'NONE', 'WORKASPACE' ) );
#1013 = DIRECTION ( 'NONE',  ( 1.000000000000000000, 0.000000000000000000, -2.168404344971008868E-16 ) ) ;
#1014 = VECTOR ( 'NONE', #3016, 1000.000000000000000 ) ;
#1015 = ORIENTED_EDGE ( 'NONE', *, *, #2016, .T. ) ;
#1016 = CARTESIAN_POINT ( 'NONE',  ( 1.149999999999999467, 3.932211634287160695, 1.499999999999999556 ) ) ;
#1017 = EDGE_CURVE ( 'NONE', #472, #1819, #2070, .T. ) ;
#1018 = LINE ( 'NONE', #2263, #1050 ) ;
#1019 = DIRECTION ( 'NONE',  ( -0.000000000000000000, -1.000000000000000000, -0.000000000000000000 ) ) ;
#1020 = CARTESIAN_POINT ( 'NONE',  ( -1.599999999999999867, 0.04999999999999999584, 1.050000000000000266 ) ) ;
#1021 = ORIENTED_EDGE ( 'NONE', *, *, #2942, .F. ) ;
#1022 = DIRECTION ( 'NONE',  ( 0.000000000000000000, 0.000000000000000000, 1.000000000000000000 ) ) ;
#1023 = FILL_AREA_STYLE_COLOUR ( '', #1637 ) ;
#1024 = FACE_OUTER_BOUND ( 'NONE', #1169, .T. ) ;
#1025 = ORIENTED_EDGE ( 'NONE', *, *, #140, .F. ) ;
#1026 = ORIENTED_EDGE ( 'NONE', *, *, #2880, .F. ) ;
#1027 = EDGE_CURVE ( 'NONE', #472, #2888, #2017, .T. ) ;
#1028 = DIRECTION ( 'NONE',  ( -1.445602896647337339E-15, 0.000000000000000000, 1.000000000000000000 ) ) ;
#1029 = CARTESIAN_POINT ( 'NONE',  ( 1.600000000000000311, 0.1519999999999999962, 1.350000000000000755 ) ) ;
#1030 = LINE ( 'NONE', #2960, #3097 ) ;
#1031 = CARTESIAN_POINT ( 'NONE',  ( 1.600000000000000089, 0.04999999999999999584, 0.2500000000000002220 ) ) ;
#1032 = FILL_AREA_STYLE_COLOUR ( '', #685 ) ;
#1033 = DIRECTION ( 'NONE',  ( -1.445602896647337536E-15, 0.000000000000000000, 1.000000000000000000 ) ) ;
#1034 = VECTOR ( 'NONE', #1252, 1000.000000000000000 ) ;
#1035 = ORIENTED_EDGE ( 'NONE', *, *, #1614, .T. ) ;
#1036 = ADVANCED_FACE ( 'NONE', ( #3104 ), #1769, .T. ) ;
#1037 = LINE ( 'NONE', #1076, #2077 ) ;
#1038 = AXIS2_PLACEMENT_3D ( 'NONE', #2464, #2675, #2701 ) ;
#1039 = DIRECTION ( 'NONE',  ( 1.000000000000000000, -0.000000000000000000, 0.000000000000000000 ) ) ;
#1040 = CARTESIAN_POINT ( 'NONE',  ( -1.599999999999999867, 0.1519999999999999962, 0.2500000000000002220 ) ) ;
#1041 = ORIENTED_EDGE ( 'NONE', *, *, #853, .F. ) ;
#1042 = DIRECTION ( 'NONE',  ( 0.000000000000000000, 0.000000000000000000, -1.000000000000000000 ) ) ;
#1043 = CARTESIAN_POINT ( 'NONE',  ( 2.000000000000000000, 0.05000000000000000278, -2.000000000000000000 ) ) ;
#1044 = DIRECTION ( 'NONE',  ( -1.084202172485505223E-15, 0.000000000000000000, -1.000000000000000000 ) ) ;
#1045 = VECTOR ( 'NONE', #2390, 1000.000000000000000 ) ;
#1046 = ORIENTED_EDGE ( 'NONE', *, *, #2713, .T. ) ;
#1047 = CARTESIAN_POINT ( 'NONE',  ( -2.000000000000000000, 6.856854249492380760, -1.999999999999999112 ) ) ;
#1048 =( GEOMETRIC_REPRESENTATION_CONTEXT ( 3 ) GLOBAL_UNCERTAINTY_ASSIGNED_CONTEXT ( ( #292 ) ) GLOBAL_UNIT_ASSIGNED_CONTEXT ( ( #2730, #1491, #2470 ) ) REPRESENTATION_CONTEXT ( 'NONE', 'WORKASPACE' ) );
#1049 = CARTESIAN_POINT ( 'NONE',  ( -2.000000000000000000, 0.6520000000000003570, 1.050000000000000266 ) ) ;
#1050 = VECTOR ( 'NONE', #1033, 1000.000000000000000 ) ;
#1051 = DIRECTION ( 'NONE',  ( -0.000000000000000000, 1.000000000000000000, 0.000000000000000000 ) ) ;
#1052 = ORIENTED_EDGE ( 'NONE', *, *, #957, .T. ) ;
#1053 = AXIS2_PLACEMENT_3D ( 'NONE', #1047, #2746, #2172 ) ;
#1054 = CARTESIAN_POINT ( 'NONE',  ( 1.600000000000000311, 0.6520000000000003570, 1.350000000000000755 ) ) ;
#1055 = VECTOR ( 'NONE', #2241, 1000.000000000000000 ) ;
#1056 = VERTEX_POINT ( 'NONE', #2753 ) ;
#1057 = EDGE_CURVE ( 'NONE', #2542, #926, #1030, .T. ) ;
#1058 = VECTOR ( 'NONE', #2365, 1000.000000000000000 ) ;
#1059 = DIRECTION ( 'NONE',  ( 1.445602896647337536E-15, 0.000000000000000000, -1.000000000000000000 ) ) ;
#1060 = CARTESIAN_POINT ( 'NONE',  ( -1.149999999999999911, 0.1520000000000002183, -1.200000000000001066 ) ) ;
#1061 = ORIENTED_EDGE ( 'NONE', *, *, #1157, .T. ) ;
#1062 = ADVANCED_FACE ( 'NONE', ( #989, #3062 ), #1093, .T. ) ;
#1063 = PLANE ( 'NONE',  #2206 ) ;
#1064 = SURFACE_STYLE_USAGE ( .BOTH. , #849 ) ;
#1065 = PRODUCT_DEFINITION_CONTEXT ( 'detailed design', #874, 'design' ) ;
#1066 = LINE ( 'NONE', #2759, #2022 ) ;
#1067 = EDGE_LOOP ( 'NONE', ( #1676, #1497, #3116, #2635 ) ) ;
#1068 = EDGE_CURVE ( 'NONE', #198, #384, #3083, .T. ) ;
#1069 = DIRECTION ( 'NONE',  ( 0.000000000000000000, -1.000000000000000000, 0.000000000000000000 ) ) ;
#1070 = LINE ( 'NONE', #3072, #3065 ) ;
#1071 = DIRECTION ( 'NONE',  ( -7.228014483236687681E-16, 0.000000000000000000, -1.000000000000000000 ) ) ;
#1072 = VERTEX_POINT ( 'NONE', #369 ) ;
#1073 = ORIENTED_EDGE ( 'NONE', *, *, #3131, .T. ) ;
#1074 = EDGE_CURVE ( 'NONE', #495, #1361, #1018, .T. ) ;
#1075 = CARTESIAN_POINT ( 'NONE',  ( -1.599999999999999867, 0.1519999999999999962, -1.349999999999999867 ) ) ;
#1076 = CARTESIAN_POINT ( 'NONE',  ( -1.550000000000000266, 0.4999999999999998890, -1.724999999999999867 ) ) ;
#1077 = ORIENTED_EDGE ( 'NONE', *, *, #1889, .F. ) ;
#1078 = SURFACE_STYLE_USAGE ( .BOTH. , #1825 ) ;
#1079 = VERTEX_POINT ( 'NONE', #1278 ) ;
#1080 = ORIENTED_EDGE ( 'NONE', *, *, #1889, .T. ) ;
#1081 = CARTESIAN_POINT ( 'NONE',  ( 1.149999999999999467, 0.1520000000000002183, 1.499999999999999556 ) ) ;
#1082 = DIRECTION ( 'NONE',  ( -0.000000000000000000, -1.000000000000000000, -0.000000000000000000 ) ) ;
#1083 = CARTESIAN_POINT ( 'NONE',  ( 0.000000000000000000, 0.000000000000000000, 1.600000000000000089 ) ) ;
#1084 = AXIS2_PLACEMENT_3D ( 'NONE', #2690, #652, #72 ) ;
#1085 = LINE ( 'NONE', #2548, #117 ) ;
#1086 = ORIENTED_EDGE ( 'NONE', *, *, #284, .T. ) ;
#1087 = AXIS2_PLACEMENT_3D ( 'NONE', #577, #2901, #1013 ) ;
#1088 = ADVANCED_FACE ( 'NONE', ( #2041 ), #2080, .F. ) ;
#1089 = CARTESIAN_POINT ( 'NONE',  ( -1.599999999999999867, 0.000000000000000000, -1.349999999999999867 ) ) ;
#1090 = ADVANCED_FACE ( 'NONE', ( #3085 ), #2997, .T. ) ;
#1091 = ORIENTED_EDGE ( 'NONE', *, *, #923, .T. ) ;
#1092 = CARTESIAN_POINT ( 'NONE',  ( -1.600000000000000311, 0.000000000000000000, -1.049999999999999600 ) ) ;
#1093 = PLANE ( 'NONE',  #2381 ) ;
#1094 = LINE ( 'NONE', #1160, #74 ) ;
#1095 = ORIENTED_EDGE ( 'NONE', *, *, #2348, .F. ) ;
#1096 = EDGE_CURVE ( 'NONE', #423, #164, #2049, .T. ) ;
#1097 =( NAMED_UNIT ( * ) PLANE_ANGLE_UNIT ( ) SI_UNIT ( $, .RADIAN. ) );
#1098 = CARTESIAN_POINT ( 'NONE',  ( -2.000000000000000000, 0.000000000000000000, 0.2500000000000002220 ) ) ;
#1099 = ORIENTED_EDGE ( 'NONE', *, *, #2003, .T. ) ;
#1100 = DIRECTION ( 'NONE',  ( -1.000000000000000000, 0.000000000000000000, 1.084202172485505223E-15 ) ) ;
#1101 = CARTESIAN_POINT ( 'NONE',  ( 2.000000000000000000, 0.1519999999999999962, 1.350000000000000311 ) ) ;
#1102 =( LENGTH_UNIT ( ) NAMED_UNIT ( * ) SI_UNIT ( .MILLI., .METRE. ) );
#1103 = EDGE_CURVE ( 'NONE', #2468, #483, #3089, .T. ) ;
#1104 = VECTOR ( 'NONE', #939, 1000.000000000000000 ) ;
#1105 = ORIENTED_EDGE ( 'NONE', *, *, #2781, .F. ) ;
#1106 = DIRECTION ( 'NONE',  ( 0.000000000000000000, 1.000000000000000000, 0.000000000000000000 ) ) ;
#1107 = LINE ( 'NONE', #3127, #130 ) ;
#1108 = ORIENTED_EDGE ( 'NONE', *, *, #1857, .T. ) ;
#1109 = ORIENTED_EDGE ( 'NONE', *, *, #537, .F. ) ;
#1110 = ADVANCED_FACE ( 'NONE', ( #3121 ), #1454, .T. ) ;
#1111 = CARTESIAN_POINT ( 'NONE',  ( 0.000000000000000000, 0.1519999999999999962, 1.600000000000000089 ) ) ;
#1112 = VECTOR ( 'NONE', #1610, 1000.000000000000000 ) ;
#1113 = ADVANCED_FACE ( 'NONE', ( #3123 ), #346, .F. ) ;
#1114 = ORIENTED_EDGE ( 'NONE', *, *, #421, .T. ) ;
#1115 = ORIENTED_EDGE ( 'NONE', *, *, #2312, .T. ) ;
#1116 = CARTESIAN_POINT ( 'NONE',  ( 0.000000000000000000, 0.000000000000000000, 1.600000000000000089 ) ) ;
#1117 = VECTOR ( 'NONE', #1247, 1000.000000000000000 ) ;
#1118 = DIRECTION ( 'NONE',  ( -1.000000000000000000, 0.000000000000000000, 1.084202172485505223E-15 ) ) ;
#1119 = ORIENTED_EDGE ( 'NONE', *, *, #584, .T. ) ;
#1120 = CARTESIAN_POINT ( 'NONE',  ( -2.000000000000000000, 0.05000000000000000278, -1.999999999999999112 ) ) ;
#1121 =( GEOMETRIC_REPRESENTATION_CONTEXT ( 3 ) GLOBAL_UNCERTAINTY_ASSIGNED_CONTEXT ( ( #1795 ) ) GLOBAL_UNIT_ASSIGNED_CONTEXT ( ( #1102, #2276, #1585 ) ) REPRESENTATION_CONTEXT ( 'NONE', 'WORKASPACE' ) );
#1122 = EDGE_LOOP ( 'NONE', ( #1525, #1465, #1929, #481 ) ) ;
#1123 = DIRECTION ( 'NONE',  ( 0.000000000000000000, 0.000000000000000000, 1.000000000000000000 ) ) ;
#1124 = CARTESIAN_POINT ( 'NONE',  ( 0.000000000000000000, 0.1519999999999999962, 2.400000000000000355 ) ) ;
#1125 = DIRECTION ( 'NONE',  ( -1.445602896647337339E-15, 0.000000000000000000, 1.000000000000000000 ) ) ;
#1126 = EDGE_CURVE ( 'NONE', #2407, #710, #1037, .T. ) ;
#1127 = VECTOR ( 'NONE', #364, 1000.000000000000000 ) ;
#1128 = ORIENTED_EDGE ( 'NONE', *, *, #1536, .T. ) ;
#1129 = CARTESIAN_POINT ( 'NONE',  ( 0.000000000000000000, 0.1519999999999999962, 2.400000000000000355 ) ) ;
#1130 = DIRECTION ( 'NONE',  ( 7.228014483236687681E-16, -0.000000000000000000, 1.000000000000000000 ) ) ;
#1131 = ORIENTED_EDGE ( 'NONE', *, *, #919, .T. ) ;
#1132 = ORIENTED_EDGE ( 'NONE', *, *, #312, .F. ) ;
#1133 = PLANE ( 'NONE',  #825 ) ;
#1134 = LINE ( 'NONE', #50, #141 ) ;
#1135 = EDGE_CURVE ( 'NONE', #3003, #1136, #3108, .T. ) ;
#1136 = VERTEX_POINT ( 'NONE', #677 ) ;
#1137 = EDGE_CURVE ( 'NONE', #2298, #1079, #3071, .T. ) ;
#1138 = DIRECTION ( 'NONE',  ( 0.000000000000000000, 0.000000000000000000, -1.000000000000000000 ) ) ;
#1139 = FACE_OUTER_BOUND ( 'NONE', #155, .T. ) ;
#1140 = DIRECTION ( 'NONE',  ( -1.084202172485505223E-15, 0.000000000000000000, -1.000000000000000000 ) ) ;
#1141 = ORIENTED_EDGE ( 'NONE', *, *, #1659, .T. ) ;
#1142 = VERTEX_POINT ( 'NONE', #1098 ) ;
#1143 = CARTESIAN_POINT ( 'NONE',  ( 1.149999999999999911, 3.932211634287160695, -1.500000000000000444 ) ) ;
#1144 = CARTESIAN_POINT ( 'NONE',  ( -1.600000000000000311, 0.1519999999999999962, -1.049999999999999600 ) ) ;
#1145 = LINE ( 'NONE', #2987, #2151 ) ;
#1146 = VERTEX_POINT ( 'NONE', #2879 ) ;
#1147 = PRESENTATION_LAYER_ASSIGNMENT (  '', '', ( #876 ) ) ;
#1148 = DIRECTION ( 'NONE',  ( -1.000000000000000000, 0.000000000000000000, 1.084202172485505026E-15 ) ) ;
#1149 = LINE ( 'NONE', #1514, #1117 ) ;
#1150 = ORIENTED_EDGE ( 'NONE', *, *, #1945, .F. ) ;
#1151 = AXIS2_PLACEMENT_3D ( 'NONE', #913, #2597, #3100 ) ;
#1152 = LINE ( 'NONE', #761, #2182 ) ;
#1153 = DIRECTION ( 'NONE',  ( 0.000000000000000000, -1.000000000000000000, 0.000000000000000000 ) ) ;
#1154 = ORIENTED_EDGE ( 'NONE', *, *, #575, .F. ) ;
#1155 = DIRECTION ( 'NONE',  ( 1.000000000000000000, 0.000000000000000000, -1.084202172485505223E-15 ) ) ;
#1156 = ORIENTED_EDGE ( 'NONE', *, *, #326, .T. ) ;
#1157 = EDGE_CURVE ( 'NONE', #1361, #1072, #2117, .T. ) ;
#1158 = DIRECTION ( 'NONE',  ( -1.000000000000000000, 0.000000000000000000, 0.000000000000000000 ) ) ;
#1159 = CARTESIAN_POINT ( 'NONE',  ( -2.000000000000000000, 0.6520000000000003570, 0.5500000000000001554 ) ) ;
#1160 = CARTESIAN_POINT ( 'NONE',  ( -1.599999999999999423, 0.05000000000000000278, -2.312964634635738717E-15 ) ) ;
#1161 = LINE ( 'NONE', #88, #1127 ) ;
#1162 = ORIENTED_EDGE ( 'NONE', *, *, #410, .F. ) ;
#1163 = ORIENTED_EDGE ( 'NONE', *, *, #2348, .T. ) ;
#1164 = PLANE ( 'NONE',  #1235 ) ;
#1165 = CARTESIAN_POINT ( 'NONE',  ( 1.600000000000000089, 0.1519999999999999962, 1.050000000000000266 ) ) ;
#1166 = VECTOR ( 'NONE', #3008, 1000.000000000000000 ) ;
#1167 =( NAMED_UNIT ( * ) SI_UNIT ( $, .STERADIAN. ) SOLID_ANGLE_UNIT ( ) );
#1168 = VERTEX_POINT ( 'NONE', #1881 ) ;
#1169 = EDGE_LOOP ( 'NONE', ( #217, #1256, #1208, #730 ) ) ;
#1170 = EDGE_CURVE ( 'NONE', #2904, #1771, #3128, .T. ) ;
#1171 = LINE ( 'NONE', #2932, #2217 ) ;
#1172 = ORIENTED_EDGE ( 'NONE', *, *, #1135, .F. ) ;
#1173 = ORIENTED_EDGE ( 'NONE', *, *, #274, .T. ) ;
#1174 = PLANE ( 'NONE',  #255 ) ;
#1175 = VECTOR ( 'NONE', #2676, 1000.000000000000000 ) ;
#1176 = EDGE_CURVE ( 'NONE', #2586, #2257, #2055, .T. ) ;
#1177 = ORIENTED_EDGE ( 'NONE', *, *, #2424, .F. ) ;
#1178 = ORIENTED_EDGE ( 'NONE', *, *, #1241, .F. ) ;
#1179 = DIRECTION ( 'NONE',  ( -7.228014483236686695E-16, 0.000000000000000000, -1.000000000000000000 ) ) ;
#1180 = FACE_OUTER_BOUND ( 'NONE', #2600, .T. ) ;
#1181 = ORIENTED_EDGE ( 'NONE', *, *, #363, .T. ) ;
#1182 = CARTESIAN_POINT ( 'NONE',  ( -2.000000000000000000, 0.1519999999999999962, 1.350000000000000311 ) ) ;
#1183 = DIRECTION ( 'NONE',  ( 1.445602896647339163E-16, 0.000000000000000000, -1.000000000000000000 ) ) ;
#1184 = DIRECTION ( 'NONE',  ( -0.000000000000000000, -1.000000000000000000, -0.000000000000000000 ) ) ;
#1185 = DIRECTION ( 'NONE',  ( -1.084202172485505026E-15, 0.000000000000000000, -1.000000000000000000 ) ) ;
#1186 = LINE ( 'NONE', #1886, #1175 ) ;
#1187 = ORIENTED_EDGE ( 'NONE', *, *, #2046, .F. ) ;
#1188 = AXIS2_PLACEMENT_3D ( 'NONE', #707, #2102, #1383 ) ;
#1189 = DIRECTION ( 'NONE',  ( -1.000000000000000000, 0.000000000000000000, -1.084202172485505026E-15 ) ) ;
#1190 = VECTOR ( 'NONE', #589, 1000.000000000000000 ) ;
#1191 = ORIENTED_EDGE ( 'NONE', *, *, #1436, .T. ) ;
#1192 = ORIENTED_EDGE ( 'NONE', *, *, #226, .F. ) ;
#1193 = CARTESIAN_POINT ( 'NONE',  ( 1.600000000000000311, 0.1519999999999999962, 1.350000000000000755 ) ) ;
#1194 = AXIS2_PLACEMENT_3D ( 'NONE', #1129, #1395, #1684 ) ;
#1195 = LINE ( 'NONE', #1043, #1254 ) ;
#1196 = VERTEX_POINT ( 'NONE', #2861 ) ;
#1197 = ORIENTED_EDGE ( 'NONE', *, *, #1280, .F. ) ;
#1198 = CARTESIAN_POINT ( 'NONE',  ( -1.600000000000000755, 0.05000000000000000278, -2.312964634635740689E-15 ) ) ;
#1199 = CARTESIAN_POINT ( 'NONE',  ( 2.000000000000000000, 0.6520000000000003570, -0.5499999999999998224 ) ) ;
#1200 = LINE ( 'NONE', #2778, #1190 ) ;
#1201 = EDGE_CURVE ( 'NONE', #3036, #587, #1070, .T. ) ;
#1202 = VERTEX_POINT ( 'NONE', #497 ) ;
#1203 = ADVANCED_FACE ( 'NONE', ( #976 ), #476, .T. ) ;
#1204 = ORIENTED_EDGE ( 'NONE', *, *, #1668, .T. ) ;
#1205 = DIRECTION ( 'NONE',  ( -1.000000000000000000, 0.000000000000000000, 1.084202172485505223E-15 ) ) ;
#1206 = DIRECTION ( 'NONE',  ( 1.000000000000000000, 0.000000000000000000, -0.000000000000000000 ) ) ;
#1207 = VECTOR ( 'NONE', #2466, 1000.000000000000000 ) ;
#1208 = ORIENTED_EDGE ( 'NONE', *, *, #2584, .T. ) ;
#1209 = ORIENTED_EDGE ( 'NONE', *, *, #1137, .F. ) ;
#1210 = EDGE_CURVE ( 'NONE', #1649, #496, #3078, .T. ) ;
#1211 = CARTESIAN_POINT ( 'NONE',  ( 1.600000000000000311, 0.6520000000000003570, -0.2499999999999994726 ) ) ;
#1212 = FACE_OUTER_BOUND ( 'NONE', #370, .T. ) ;
#1213 = EDGE_LOOP ( 'NONE', ( #2577, #1517, #961, #1575 ) ) ;
#1214 = CARTESIAN_POINT ( 'NONE',  ( 1.138412281109778078E-15, 0.05000000000000000278, -1.049999999999997824 ) ) ;
#1215 = EDGE_LOOP ( 'NONE', ( #3045, #2576, #2507, #502 ) ) ;
#1216 = CARTESIAN_POINT ( 'NONE',  ( -1.150000000000000355, 0.1520000000000002183, 1.499999999999999112 ) ) ;
#1217 = CARTESIAN_POINT ( 'NONE',  ( -0.8500000000000000888, 3.932211634287160695, -1.500000000000000888 ) ) ;
#1218 = EDGE_CURVE ( 'NONE', #1324, #3058, #1005, .T. ) ;
#1219 = FACE_OUTER_BOUND ( 'NONE', #1568, .T. ) ;
#1220 = ORIENTED_EDGE ( 'NONE', *, *, #703, .F. ) ;
#1221 = UNCERTAINTY_MEASURE_WITH_UNIT (LENGTH_MEASURE( 1.000000000000000082E-05 ), #2234, 'distance_accuracy_value', 'NONE');
#1222 = CARTESIAN_POINT ( 'NONE',  ( -2.000000000000000000, 0.1519999999999999962, -0.5499999999999998224 ) ) ;
#1223 = PLANE ( 'NONE',  #85 ) ;
#1224 = AXIS2_PLACEMENT_3D ( 'NONE', #1124, #1440, #2864 ) ;
#1225 = LINE ( 'NONE', #2970, #232 ) ;
#1226 = ORIENTED_EDGE ( 'NONE', *, *, #2704, .F. ) ;
#1227 = VERTEX_POINT ( 'NONE', #557 ) ;
#1228 = FILL_AREA_STYLE ('',( #1750 ) ) ;
#1229 = CARTESIAN_POINT ( 'NONE',  ( 1.600000000000000089, 0.000000000000000000, -1.349999999999999867 ) ) ;
#1230 = AXIS2_PLACEMENT_3D ( 'NONE', #809, #2359, #3067 ) ;
#1231 = DIRECTION ( 'NONE',  ( -1.000000000000000000, 0.000000000000000000, 1.084202172485505026E-15 ) ) ;
#1232 = ORIENTED_EDGE ( 'NONE', *, *, #2499, .F. ) ;
#1233 = ADVANCED_FACE ( 'NONE', ( #2100 ), #2473, .F. ) ;
#1234 = ORIENTED_EDGE ( 'NONE', *, *, #2668, .F. ) ;
#1235 = AXIS2_PLACEMENT_3D ( 'NONE', #1443, #2899, #3115 ) ;
#1236 = CARTESIAN_POINT ( 'NONE',  ( -1.600000000000000311, 0.1519999999999999962, -1.049999999999999600 ) ) ;
#1237 = FACE_OUTER_BOUND ( 'NONE', #2449, .T. ) ;
#1238 = VERTEX_POINT ( 'NONE', #766 ) ;
#1239 = CARTESIAN_POINT ( 'NONE',  ( 1.600000000000000089, 0.000000000000000000, 1.050000000000000266 ) ) ;
#1240 = CARTESIAN_POINT ( 'NONE',  ( 2.000000000000000000, 0.6520000000000003570, -1.349999999999999867 ) ) ;
#1241 = EDGE_CURVE ( 'NONE', #345, #2024, #3134, .T. ) ;
#1242 = ORIENTED_EDGE ( 'NONE', *, *, #1428, .T. ) ;
#1243 = VERTEX_POINT ( 'NONE', #732 ) ;
#1244 = PLANE ( 'NONE',  #1038 ) ;
#1245 = CARTESIAN_POINT ( 'NONE',  ( -2.000000000000000000, 0.04999999999999999584, -1.050000000000000044 ) ) ;
#1246 = EDGE_CURVE ( 'NONE', #2752, #807, #2065, .T. ) ;
#1247 = DIRECTION ( 'NONE',  ( 1.000000000000000000, 0.000000000000000000, 0.000000000000000000 ) ) ;
#1248 = VECTOR ( 'NONE', #616, 1000.000000000000000 ) ;
#1249 = ORIENTED_EDGE ( 'NONE', *, *, #1280, .T. ) ;
#1250 = ORIENTED_EDGE ( 'NONE', *, *, #151, .T. ) ;
#1251 = PLANE ( 'NONE',  #2835 ) ;
#1252 = DIRECTION ( 'NONE',  ( -0.000000000000000000, -1.000000000000000000, -0.000000000000000000 ) ) ;
#1253 = DIRECTION ( 'NONE',  ( -1.000000000000000000, 0.000000000000000000, -1.885568995626964287E-16 ) ) ;
#1254 = VECTOR ( 'NONE', #306, 1000.000000000000000 ) ;
#1255 = EDGE_CURVE ( 'NONE', #1406, #37, #5, .T. ) ;
#1256 = ORIENTED_EDGE ( 'NONE', *, *, #3068, .T. ) ;
#1257 = ORIENTED_EDGE ( 'NONE', *, *, #2615, .F. ) ;
#1258 = DIRECTION ( 'NONE',  ( 1.000000000000000000, -0.000000000000000000, 1.084202172485505223E-15 ) ) ;
#1259 = CARTESIAN_POINT ( 'NONE',  ( 1.149999999999999911, 0.05000000000000012768, -1.500000000000000444 ) ) ;
#1260 = VECTOR ( 'NONE', #979, 1000.000000000000000 ) ;
#1261 = ORIENTED_EDGE ( 'NONE', *, *, #2935, .T. ) ;
#1262 = LINE ( 'NONE', #1871, #1355 ) ;
#1263 = ADVANCED_FACE ( 'NONE', ( #510 ), #2401, .F. ) ;
#1264 = DIRECTION ( 'NONE',  ( 1.885568995626964287E-16, 0.000000000000000000, -1.000000000000000000 ) ) ;
#1265 = VERTEX_POINT ( 'NONE', #2448 ) ;
#1266 = DIRECTION ( 'NONE',  ( -0.000000000000000000, 1.000000000000000000, -0.000000000000000000 ) ) ;
#1267 = VECTOR ( 'NONE', #2485, 1000.000000000000000 ) ;
#1268 = LINE ( 'NONE', #2282, #1386 ) ;
#1269 = ORIENTED_EDGE ( 'NONE', *, *, #2615, .T. ) ;
#1270 = CARTESIAN_POINT ( 'NONE',  ( -1.550000000000000266, 0.005025253169417152541, -1.724999999999999867 ) ) ;
#1271 = DIRECTION ( 'NONE',  ( -1.000000000000000000, 0.000000000000000000, 2.168404344971008868E-16 ) ) ;
#1272 = CARTESIAN_POINT ( 'NONE',  ( 1.149999999999999467, 0.000000000000000000, 1.499999999999999556 ) ) ;
#1273 = ORIENTED_EDGE ( 'NONE', *, *, #101, .F. ) ;
#1274 = VECTOR ( 'NONE', #1042, 1000.000000000000000 ) ;
#1275 = ORIENTED_EDGE ( 'NONE', *, *, #584, .F. ) ;
#1276 = AXIS2_PLACEMENT_3D ( 'NONE', #169, #3054, #1885 ) ;
#1277 = DIRECTION ( 'NONE',  ( 0.000000000000000000, -1.000000000000000000, 0.000000000000000000 ) ) ;
#1278 = CARTESIAN_POINT ( 'NONE',  ( -2.000000000000000000, 0.05000000000000000278, 2.000000000000000888 ) ) ;
#1279 = LINE ( 'NONE', #1398, #156 ) ;
#1280 = EDGE_CURVE ( 'NONE', #1869, #930, #2585, .T. ) ;
#1281 = EDGE_LOOP ( 'NONE', ( #1162, #1099, #2152, #110 ) ) ;
#1282 = COLOUR_RGB ( '',0.7921568627450980005, 0.8196078431372548767, 0.9333333333333333481 ) ;
#1283 = ORIENTED_EDGE ( 'NONE', *, *, #70, .F. ) ;
#1284 = CARTESIAN_POINT ( 'NONE',  ( 2.000000000000000000, 0.6520000000000003570, 0.2500000000000002220 ) ) ;
#1285 = CARTESIAN_POINT ( 'NONE',  ( -2.000000000000000000, 0.1519999999999999962, 1.350000000000000311 ) ) ;
#1286 = CARTESIAN_POINT ( 'NONE',  ( -2.000000000000000000, 0.1519999999999999962, -0.2499999999999998890 ) ) ;
#1287 = LINE ( 'NONE', #2814, #171 ) ;
#1288 = EDGE_CURVE ( 'NONE', #630, #897, #2521, .T. ) ;
#1289 = CLOSED_SHELL ( 'NONE', ( #2852, #1835, #320, #1296, #1809, #1981 ) ) ;
#1290 = DIRECTION ( 'NONE',  ( -1.000000000000000000, 0.000000000000000000, -1.084202172485505223E-15 ) ) ;
#1291 = FILL_AREA_STYLE_COLOUR ( '', #2677 ) ;
#1292 = LINE ( 'NONE', #1798, #2336 ) ;
#1293 = VERTEX_POINT ( 'NONE', #1940 ) ;
#1294 = PRESENTATION_STYLE_ASSIGNMENT (( #848 ) ) ;
#1295 = EDGE_CURVE ( 'NONE', #1417, #2752, #2555, .T. ) ;
#1296 = ADVANCED_FACE ( 'NONE', ( #1456 ), #716, .F. ) ;
#1297 = EDGE_LOOP ( 'NONE', ( #2673, #1621, #1641, #581 ) ) ;
#1298 = EDGE_CURVE ( 'NONE', #2238, #1771, #2533, .T. ) ;
#1299 =( NAMED_UNIT ( * ) PLANE_ANGLE_UNIT ( ) SI_UNIT ( $, .RADIAN. ) );
#1300 = CARTESIAN_POINT ( 'NONE',  ( 2.000000000000000000, 0.1519999999999999962, 1.050000000000000266 ) ) ;
#1301 = VECTOR ( 'NONE', #2574, 1000.000000000000000 ) ;
#1302 = VERTEX_POINT ( 'NONE', #1958 ) ;
#1303 = LINE ( 'NONE', #1049, #317 ) ;
#1304 = EDGE_LOOP ( 'NONE', ( #2941, #843, #1317, #2925 ) ) ;
#1305 = EDGE_CURVE ( 'NONE', #2641, #630, #1501, .T. ) ;
#1306 = DIRECTION ( 'NONE',  ( -1.084202172485505026E-15, 0.000000000000000000, -1.000000000000000000 ) ) ;
#1307 = LINE ( 'NONE', #2327, #2350 ) ;
#1308 = ORIENTED_EDGE ( 'NONE', *, *, #1374, .F. ) ;
#1309 = VERTEX_POINT ( 'NONE', #270 ) ;
#1310 = AXIS2_PLACEMENT_3D ( 'NONE', #2304, #1106, #111 ) ;
#1311 = CARTESIAN_POINT ( 'NONE',  ( 1.600000000000000311, 0.6520000000000003570, 1.350000000000000755 ) ) ;
#1312 = DIRECTION ( 'NONE',  ( -0.7071067811865489050, -0.000000000000000000, 0.7071067811865460184 ) ) ;
#1313 = LINE ( 'NONE', #63, #2302 ) ;
#1314 = EDGE_LOOP ( 'NONE', ( #1073, #119, #2157, #2215 ) ) ;
#1315 = VECTOR ( 'NONE', #856, 1000.000000000000000 ) ;
#1316 = DIRECTION ( 'NONE',  ( -1.000000000000000000, 0.000000000000000000, -1.885568995626964287E-16 ) ) ;
#1317 = ORIENTED_EDGE ( 'NONE', *, *, #2342, .T. ) ;
#1318 = DIRECTION ( 'NONE',  ( 1.000000000000000000, -0.000000000000000000, 1.084202172485505223E-15 ) ) ;
#1319 = PLANE ( 'NONE',  #819 ) ;
#1320 = LINE ( 'NONE', #2294, #1408 ) ;
#1321 = EDGE_LOOP ( 'NONE', ( #1587, #983, #1150, #2084 ) ) ;
#1322 = CARTESIAN_POINT ( 'NONE',  ( 1.600000000000000089, 0.1519999999999999962, -0.5499999999999998224 ) ) ;
#1323 = VECTOR ( 'NONE', #278, 1000.000000000000000 ) ;
#1324 = VERTEX_POINT ( 'NONE', #247 ) ;
#1325 = DIRECTION ( 'NONE',  ( -1.000000000000000000, 0.000000000000000000, 0.000000000000000000 ) ) ;
#1326 = FACE_OUTER_BOUND ( 'NONE', #1470, .T. ) ;
#1327 = EDGE_LOOP ( 'NONE', ( #1426, #1337, #2890, #275 ) ) ;
#1328 = FACE_OUTER_BOUND ( 'NONE', #2251, .T. ) ;
#1329 = ADVANCED_FACE ( 'NONE', ( #1461 ), #1421, .F. ) ;
#1330 = EDGE_LOOP ( 'NONE', ( #30, #132, #1269, #75 ) ) ;
#1331 = EDGE_CURVE ( 'NONE', #2018, #2685, #506, .T. ) ;
#1332 = DIRECTION ( 'NONE',  ( -1.000000000000000000, 0.000000000000000000, 0.000000000000000000 ) ) ;
#1333 = ADVANCED_FACE ( 'NONE', ( #1552 ), #3119, .T. ) ;
#1334 = VECTOR ( 'NONE', #2749, 1000.000000000000000 ) ;
#1335 =( LENGTH_UNIT ( ) NAMED_UNIT ( * ) SI_UNIT ( .MILLI., .METRE. ) );
#1336 = LINE ( 'NONE', #2870, #1315 ) ;
#1337 = ORIENTED_EDGE ( 'NONE', *, *, #2482, .F. ) ;
#1338 = EDGE_CURVE ( 'NONE', #1265, #2583, #2541, .T. ) ;
#1339 = PLANE ( 'NONE',  #1188 ) ;
#1340 = VECTOR ( 'NONE', #571, 1000.000000000000000 ) ;
#1341 = ORIENTED_EDGE ( 'NONE', *, *, #544, .F. ) ;
#1342 = LINE ( 'NONE', #1892, #2377 ) ;
#1343 = DIRECTION ( 'NONE',  ( 1.000000000000000000, 0.000000000000000000, 1.885568995626964287E-16 ) ) ;
#1344 = VERTEX_POINT ( 'NONE', #2963 ) ;
#1345 = DIRECTION ( 'NONE',  ( 0.000000000000000000, -0.000000000000000000, 1.000000000000000000 ) ) ;
#1346 = EDGE_CURVE ( 'NONE', #198, #319, #2500, .T. ) ;
#1347 = CLOSED_SHELL ( 'NONE', ( #3046, #383, #1233, #2711, #2115, #2332 ) ) ;
#1348 = CARTESIAN_POINT ( 'NONE',  ( -1.599999999999999867, 0.1519999999999999962, 0.2500000000000002220 ) ) ;
#1349 = VERTEX_POINT ( 'NONE', #1925 ) ;
#1350 = FACE_OUTER_BOUND ( 'NONE', #966, .T. ) ;
#1351 = ORIENTED_EDGE ( 'NONE', *, *, #2841, .T. ) ;
#1352 = FACE_OUTER_BOUND ( 'NONE', #206, .T. ) ;
#1353 = VECTOR ( 'NONE', #1655, 1000.000000000000000 ) ;
#1354 = VERTEX_POINT ( 'NONE', #2149 ) ;
#1355 = VECTOR ( 'NONE', #666, 1000.000000000000000 ) ;
#1356 = ADVANCED_FACE ( 'NONE', ( #1516 ), #1483, .F. ) ;
#1357 = ORIENTED_EDGE ( 'NONE', *, *, #2305, .T. ) ;
#1358 = ADVANCED_FACE ( 'NONE', ( #478 ), #2313, .F. ) ;
#1359 = CARTESIAN_POINT ( 'NONE',  ( -2.000000000000000000, 0.000000000000000000, -1.349999999999999867 ) ) ;
#1360 = LINE ( 'NONE', #1143, #1441 ) ;
#1361 = VERTEX_POINT ( 'NONE', #1405 ) ;
#1362 = LINE ( 'NONE', #440, #282 ) ;
#1363 = DIRECTION ( 'NONE',  ( 7.228014483236687681E-16, -0.000000000000000000, 1.000000000000000000 ) ) ;
#1364 = ORIENTED_EDGE ( 'NONE', *, *, #2342, .F. ) ;
#1365 = AXIS2_PLACEMENT_3D ( 'NONE', #1853, #2130, #2076 ) ;
#1366 = VECTOR ( 'NONE', #1569, 1000.000000000000000 ) ;
#1367 = AXIS2_PLACEMENT_3D ( 'NONE', #813, #2039, #330 ) ;
#1368 = ORIENTED_EDGE ( 'NONE', *, *, #2057, .F. ) ;
#1369 = PLANE ( 'NONE',  #2517 ) ;
#1370 = ORIENTED_EDGE ( 'NONE', *, *, #2655, .F. ) ;
#1371 = AXIS2_PLACEMENT_3D ( 'NONE', #172, #2662, #1662 ) ;
#1372 = CARTESIAN_POINT ( 'NONE',  ( -2.000000000000000000, 0.000000000000000000, -0.2499999999999998890 ) ) ;
#1373 = FACE_OUTER_BOUND ( 'NONE', #439, .T. ) ;
#1374 = EDGE_CURVE ( 'NONE', #3130, #1765, #494, .T. ) ;
#1375 = ORIENTED_EDGE ( 'NONE', *, *, #1422, .F. ) ;
#1376 = LINE ( 'NONE', #1607, #347 ) ;
#1377 = EDGE_LOOP ( 'NONE', ( #1680, #1626, #7, #542 ) ) ;
#1378 = LINE ( 'NONE', #2782, #2478 ) ;
#1379 = EDGE_LOOP ( 'NONE', ( #1573, #512, #3015, #3105 ) ) ;
#1380 = DIRECTION ( 'NONE',  ( 0.000000000000000000, 0.000000000000000000, -1.000000000000000000 ) ) ;
#1381 = EDGE_CURVE ( 'NONE', #2950, #2984, #1531, .T. ) ;
#1382 = VERTEX_POINT ( 'NONE', #879 ) ;
#1383 = DIRECTION ( 'NONE',  ( 0.000000000000000000, -0.000000000000000000, 1.000000000000000000 ) ) ;
#1384 = VECTOR ( 'NONE', #1797, 1000.000000000000000 ) ;
#1385 = EDGE_LOOP ( 'NONE', ( #2373, #343, #2968, #2366 ) ) ;
#1386 = VECTOR ( 'NONE', #87, 1000.000000000000000 ) ;
#1387 = CARTESIAN_POINT ( 'NONE',  ( 1.149999999999999911, 3.932211634287160695, -1.500000000000000444 ) ) ;
#1388 = ORIENTED_EDGE ( 'NONE', *, *, #101, .T. ) ;
#1389 = CARTESIAN_POINT ( 'NONE',  ( 1.600000000000000311, 0.1519999999999999962, 1.350000000000000755 ) ) ;
#1390 = DIRECTION ( 'NONE',  ( -1.000000000000000000, 0.000000000000000000, -1.445602896647337339E-15 ) ) ;
#1391 = EDGE_CURVE ( 'NONE', #399, #910, #413, .T. ) ;
#1392 = ADVANCED_FACE ( 'NONE', ( #430 ), #674, .F. ) ;
#1393 = VECTOR ( 'NONE', #2658, 1000.000000000000000 ) ;
#1394 = VERTEX_POINT ( 'NONE', #860 ) ;
#1395 = DIRECTION ( 'NONE',  ( 0.000000000000000000, -1.000000000000000000, 0.000000000000000000 ) ) ;
#1396 = ORIENTED_EDGE ( 'NONE', *, *, #2181, .F. ) ;
#1397 = CARTESIAN_POINT ( 'NONE',  ( 2.000000000000000000, 0.1519999999999999962, -1.050000000000000044 ) ) ;
#1398 = CARTESIAN_POINT ( 'NONE',  ( -1.600000000000000311, 0.1519999999999999962, 1.350000000000000755 ) ) ;
#1399 = VECTOR ( 'NONE', #1488, 1000.000000000000000 ) ;
#1400 = ORIENTED_EDGE ( 'NONE', *, *, #3103, .T. ) ;
#1401 = ORIENTED_EDGE ( 'NONE', *, *, #277, .F. ) ;
#1402 = AXIS2_PLACEMENT_3D ( 'NONE', #479, #431, #211 ) ;
#1403 = VECTOR ( 'NONE', #2465, 1000.000000000000000 ) ;
#1404 = ORIENTED_EDGE ( 'NONE', *, *, #265, .F. ) ;
#1405 = CARTESIAN_POINT ( 'NONE',  ( -1.600000000000000311, 0.1519999999999999962, -0.2499999999999994726 ) ) ;
#1406 = VERTEX_POINT ( 'NONE', #690 ) ;
#1407 = SURFACE_STYLE_USAGE ( .BOTH. , #165 ) ;
#1408 = VECTOR ( 'NONE', #3038, 1000.000000000000000 ) ;
#1409 = MANIFOLD_SOLID_BREP ( 'Chamfer4', #915 ) ;
#1410 = AXIS2_PLACEMENT_3D ( 'NONE', #2940, #19, #2903 ) ;
#1411 = EDGE_LOOP ( 'NONE', ( #1672, #26, #2068, #3110 ) ) ;
#1412 = PRESENTATION_STYLE_ASSIGNMENT (( #2719 ) ) ;
#1413 = PLANE ( 'NONE',  #2823 ) ;
#1414 = ORIENTED_EDGE ( 'NONE', *, *, #808, .F. ) ;
#1415 = PLANE ( 'NONE',  #3024 ) ;
#1416 = LINE ( 'NONE', #1199, #2425 ) ;
#1417 = VERTEX_POINT ( 'NONE', #297 ) ;
#1418 = LINE ( 'NONE', #6, #2502 ) ;
#1419 = CARTESIAN_POINT ( 'NONE',  ( -1.550000000000000266, 0.005025253169417152541, -1.375000000000000444 ) ) ;
#1420 = ORIENTED_EDGE ( 'NONE', *, *, #2935, .F. ) ;
#1421 = PLANE ( 'NONE',  #1410 ) ;
#1422 = EDGE_CURVE ( 'NONE', #79, #2542, #2579, .T. ) ;
#1423 = ADVANCED_FACE ( 'NONE', ( #499 ), #2605, .F. ) ;
#1424 = VERTEX_POINT ( 'NONE', #1861 ) ;
#1425 = LINE ( 'NONE', #697, #1451 ) ;
#1426 = ORIENTED_EDGE ( 'NONE', *, *, #1941, .F. ) ;
#1427 = DIRECTION ( 'NONE',  ( 1.000000000000000000, -0.000000000000000000, 0.000000000000000000 ) ) ;
#1428 = EDGE_CURVE ( 'NONE', #1773, #504, #2603, .T. ) ;
#1429 = LINE ( 'NONE', #406, #2415 ) ;
#1430 = ORIENTED_EDGE ( 'NONE', *, *, #4, .F. ) ;
#1431 = DIRECTION ( 'NONE',  ( -1.000000000000000000, 0.000000000000000000, -1.084202172485505223E-15 ) ) ;
#1432 = ORIENTED_EDGE ( 'NONE', *, *, #152, .T. ) ;
#1433 = CARTESIAN_POINT ( 'NONE',  ( -1.600000000000000311, 0.6520000000000003570, -1.049999999999999600 ) ) ;
#1434 = LINE ( 'NONE', #1466, #1403 ) ;
#1435 = ORIENTED_EDGE ( 'NONE', *, *, #503, .F. ) ;
#1436 = EDGE_CURVE ( 'NONE', #2564, #2341, #2495, .T. ) ;
#1437 = LINE ( 'NONE', #2863, #2481 ) ;
#1438 = CARTESIAN_POINT ( 'NONE',  ( -1.550000000000000266, 0.4999999999999998890, -1.724999999999999867 ) ) ;
#1439 = ORIENTED_EDGE ( 'NONE', *, *, #1096, .T. ) ;
#1440 = DIRECTION ( 'NONE',  ( 0.000000000000000000, -1.000000000000000000, 0.000000000000000000 ) ) ;
#1441 = VECTOR ( 'NONE', #2368, 1000.000000000000000 ) ;
#1442 = EDGE_LOOP ( 'NONE', ( #1973, #492, #3009, #3040, #470 ) ) ;
#1443 = CARTESIAN_POINT ( 'NONE',  ( 0.000000000000000000, 0.1519999999999999962, 0.000000000000000000 ) ) ;
#1444 = VECTOR ( 'NONE', #1363, 1000.000000000000000 ) ;
#1445 = CARTESIAN_POINT ( 'NONE',  ( -2.000000000000000000, 0.04999999999999999584, 0.5500000000000001554 ) ) ;
#1446 = ORIENTED_EDGE ( 'NONE', *, *, #2552, .T. ) ;
#1447 = CARTESIAN_POINT ( 'NONE',  ( 2.000000000000000000, 0.1519999999999999962, -0.2499999999999998890 ) ) ;
#1448 = DIRECTION ( 'NONE',  ( 0.000000000000000000, 0.000000000000000000, -1.000000000000000000 ) ) ;
#1449 = SURFACE_STYLE_FILL_AREA ( #1695 ) ;
#1450 = ORIENTED_EDGE ( 'NONE', *, *, #1515, .T. ) ;
#1451 = VECTOR ( 'NONE', #477, 1000.000000000000000 ) ;
#1452 = ORIENTED_EDGE ( 'NONE', *, *, #2268, .F. ) ;
#1453 = PRESENTATION_LAYER_ASSIGNMENT (  '', '', ( #2990 ) ) ;
#1454 = PLANE ( 'NONE',  #1084 ) ;
#1455 = DIRECTION ( 'NONE',  ( -0.000000000000000000, 1.000000000000000000, -0.000000000000000000 ) ) ;
#1456 = FACE_OUTER_BOUND ( 'NONE', #2707, .T. ) ;
#1457 = ORIENTED_EDGE ( 'NONE', *, *, #2876, .F. ) ;
#1458 = CARTESIAN_POINT ( 'NONE',  ( 0.000000000000000000, 0.1519999999999999962, 0.000000000000000000 ) ) ;
#1459 = ORIENTED_EDGE ( 'NONE', *, *, #265, .T. ) ;
#1460 = STYLED_ITEM ( 'NONE', ( #182 ), #2261 ) ;
#1461 = FACE_OUTER_BOUND ( 'NONE', #2035, .T. ) ;
#1462 = EDGE_CURVE ( 'NONE', #451, #1324, #2549, .T. ) ;
#1463 = ORIENTED_EDGE ( 'NONE', *, *, #1754, .T. ) ;
#1464 = DIRECTION ( 'NONE',  ( -1.000000000000000000, 0.000000000000000000, -1.084202172485505223E-15 ) ) ;
#1465 = ORIENTED_EDGE ( 'NONE', *, *, #2876, .T. ) ;
#1466 = CARTESIAN_POINT ( 'NONE',  ( -1.599999999999999867, 0.6520000000000003570, 1.050000000000000266 ) ) ;
#1467 = EDGE_LOOP ( 'NONE', ( #1505, #518, #2671, #2509 ) ) ;
#1468 = DIRECTION ( 'NONE',  ( 0.000000000000000000, 0.000000000000000000, -1.000000000000000000 ) ) ;
#1469 = SURFACE_STYLE_FILL_AREA ( #1559 ) ;
#1470 = EDGE_LOOP ( 'NONE', ( #719, #1803, #114, #2113 ) ) ;
#1471 = CARTESIAN_POINT ( 'NONE',  ( -1.600000000000000311, 0.1519999999999999962, -1.049999999999999600 ) ) ;
#1472 = CARTESIAN_POINT ( 'NONE',  ( 1.600000000000000311, 0.1519999999999999962, -0.2499999999999994726 ) ) ;
#1473 = ORIENTED_EDGE ( 'NONE', *, *, #988, .T. ) ;
#1474 = COLOUR_RGB ( '',0.7921568627450980005, 0.8196078431372548767, 0.9333333333333333481 ) ;
#1475 = ORIENTED_EDGE ( 'NONE', *, *, #2396, .T. ) ;
#1476 = EDGE_CURVE ( 'NONE', #2338, #189, #2609, .T. ) ;
#1477 = PLANE ( 'NONE',  #522 ) ;
#1478 = EDGE_CURVE ( 'NONE', #2978, #1354, #2616, .T. ) ;
#1479 = ORIENTED_EDGE ( 'NONE', *, *, #2999, .T. ) ;
#1480 = DIRECTION ( 'NONE',  ( -0.000000000000000000, 0.000000000000000000, 1.000000000000000000 ) ) ;
#1481 = VECTOR ( 'NONE', #188, 1000.000000000000000 ) ;
#1482 = ORIENTED_EDGE ( 'NONE', *, *, #2774, .F. ) ;
#1483 = CYLINDRICAL_SURFACE ( 'NONE', #1230, 0.1749999999999998224 ) ;
#1484 = ORIENTED_EDGE ( 'NONE', *, *, #1074, .F. ) ;
#1485 = LINE ( 'NONE', #868, #2469 ) ;
#1486 = PLANE ( 'NONE',  #648 ) ;
#1487 = ORIENTED_EDGE ( 'NONE', *, *, #1374, .T. ) ;
#1488 = DIRECTION ( 'NONE',  ( -1.000000000000000000, 0.000000000000000000, 1.084202172485505026E-15 ) ) ;
#1489 = CARTESIAN_POINT ( 'NONE',  ( 1.600000000000000311, 0.6520000000000003570, 1.350000000000000755 ) ) ;
#1490 = ORIENTED_EDGE ( 'NONE', *, *, #1703, .T. ) ;
#1491 =( NAMED_UNIT ( * ) PLANE_ANGLE_UNIT ( ) SI_UNIT ( $, .RADIAN. ) );
#1492 = VECTOR ( 'NONE', #1567, 1000.000000000000000 ) ;
#1493 = DIRECTION ( 'NONE',  ( -1.000000000000000000, 0.000000000000000000, -1.084202172485505223E-15 ) ) ;
#1494 = ORIENTED_EDGE ( 'NONE', *, *, #2297, .F. ) ;
#1495 = DIRECTION ( 'NONE',  ( 1.000000000000000000, 0.000000000000000000, -0.000000000000000000 ) ) ;
#1496 = VECTOR ( 'NONE', #2375, 1000.000000000000000 ) ;
#1497 = ORIENTED_EDGE ( 'NONE', *, *, #274, .F. ) ;
#1498 = CIRCLE ( 'NONE', #336, 0.1749999999999998224 ) ;
#1499 = VERTEX_POINT ( 'NONE', #3033 ) ;
#1500 = DIRECTION ( 'NONE',  ( 1.000000000000000000, 0.000000000000000000, -7.228014483236687681E-16 ) ) ;
#1501 = LINE ( 'NONE', #2735, #484 ) ;
#1502 = ADVANCED_FACE ( 'NONE', ( #467 ), #898, .T. ) ;
#1503 = DIRECTION ( 'NONE',  ( -1.445602896647337339E-15, 0.000000000000000000, 1.000000000000000000 ) ) ;
#1504 = CARTESIAN_POINT ( 'NONE',  ( -2.000000000000000000, 0.05000000000000000278, 1.050000000000000488 ) ) ;
#1505 = ORIENTED_EDGE ( 'NONE', *, *, #3099, .F. ) ;
#1506 = AXIS2_PLACEMENT_3D ( 'NONE', #2071, #2398, #701 ) ;
#1507 = LINE ( 'NONE', #936, #2508 ) ;
#1508 = ORIENTED_EDGE ( 'NONE', *, *, #620, .F. ) ;
#1509 = VECTOR ( 'NONE', #2582, 1000.000000000000000 ) ;
#1510 = ORIENTED_EDGE ( 'NONE', *, *, #1462, .F. ) ;
#1511 = DIRECTION ( 'NONE',  ( 1.445602896647337536E-15, 0.000000000000000000, -1.000000000000000000 ) ) ;
#1512 = EDGE_LOOP ( 'NONE', ( #2524, #444 ) ) ;
#1513 = CARTESIAN_POINT ( 'NONE',  ( 1.600000000000000089, 0.1519999999999999962, -1.349999999999999867 ) ) ;
#1514 = CARTESIAN_POINT ( 'NONE',  ( 0.000000000000000000, 0.05000000000000000278, 0.2500000000000002220 ) ) ;
#1515 = EDGE_CURVE ( 'NONE', #1765, #910, #515, .T. ) ;
#1516 = FACE_OUTER_BOUND ( 'NONE', #1561, .T. ) ;
#1517 = ORIENTED_EDGE ( 'NONE', *, *, #2491, .T. ) ;
#1518 = DIRECTION ( 'NONE',  ( 0.000000000000000000, 0.000000000000000000, 1.000000000000000000 ) ) ;
#1519 = LINE ( 'NONE', #3112, #2688 ) ;
#1520 = CARTESIAN_POINT ( 'NONE',  ( 1.600000000000000089, 0.1519999999999999962, 1.050000000000000266 ) ) ;
#1521 = ORIENTED_EDGE ( 'NONE', *, *, #2440, .F. ) ;
#1522 = DIRECTION ( 'NONE',  ( 0.000000000000000000, -1.000000000000000000, 0.000000000000000000 ) ) ;
#1523 = DIRECTION ( 'NONE',  ( 0.000000000000000000, 0.000000000000000000, 1.000000000000000000 ) ) ;
#1524 = VECTOR ( 'NONE', #981, 1000.000000000000000 ) ;
#1525 = ORIENTED_EDGE ( 'NONE', *, *, #2053, .F. ) ;
#1526 = EDGE_CURVE ( 'NONE', #45, #1970, #2575, .T. ) ;
#1527 = VECTOR ( 'NONE', #885, 1000.000000000000000 ) ;
#1528 = VERTEX_POINT ( 'NONE', #2486 ) ;
#1529 = DIRECTION ( 'NONE',  ( -7.228014483236687681E-16, 0.000000000000000000, -1.000000000000000000 ) ) ;
#1530 = DIRECTION ( 'NONE',  ( -0.000000000000000000, -1.000000000000000000, -0.000000000000000000 ) ) ;
#1531 = LINE ( 'NONE', #580, #2504 ) ;
#1532 = PLANE ( 'NONE',  #2471 ) ;
#1533 = VERTEX_POINT ( 'NONE', #1947 ) ;
#1534 = DIRECTION ( 'NONE',  ( 0.000000000000000000, -1.000000000000000000, 0.000000000000000000 ) ) ;
#1535 = LINE ( 'NONE', #1198, #595 ) ;
#1536 = EDGE_CURVE ( 'NONE', #1949, #2468, #1595, .T. ) ;
#1537 = ORIENTED_EDGE ( 'NONE', *, *, #593, .F. ) ;
#1538 = PRESENTATION_STYLE_ASSIGNMENT (( #448 ) ) ;
#1539 = CARTESIAN_POINT ( 'NONE',  ( 2.000000000000000000, 0.05000000000000000278, -2.000000000000000000 ) ) ;
#1540 = PLANE ( 'NONE',  #2916 ) ;
#1541 = EDGE_LOOP ( 'NONE', ( #558, #1095, #978, #2166 ) ) ;
#1542 = PLANE ( 'NONE',  #1589 ) ;
#1543 = CARTESIAN_POINT ( 'NONE',  ( 1.149999999999999467, 0.000000000000000000, 1.499999999999999556 ) ) ;
#1544 = AXIS2_PLACEMENT_3D ( 'NONE', #2588, #404, #2973 ) ;
#1545 = VECTOR ( 'NONE', #1253, 1000.000000000000000 ) ;
#1546 = EDGE_LOOP ( 'NONE', ( #2280, #1341, #2874, #1261 ) ) ;
#1547 = CARTESIAN_POINT ( 'NONE',  ( 1.149999999999999467, 0.000000000000000000, 1.499999999999999556 ) ) ;
#1548 = ORIENTED_EDGE ( 'NONE', *, *, #1288, .T. ) ;
#1549 = DIRECTION ( 'NONE',  ( -1.445602896647337536E-15, 0.000000000000000000, 1.000000000000000000 ) ) ;
#1550 = AXIS2_PLACEMENT_3D ( 'NONE', #521, #1902, #1681 ) ;
#1551 = DIRECTION ( 'NONE',  ( 1.445602896647337536E-15, 0.000000000000000000, -1.000000000000000000 ) ) ;
#1552 = FACE_OUTER_BOUND ( 'NONE', #2270, .T. ) ;
#1553 = EDGE_LOOP ( 'NONE', ( #1808, #1283, #2801, #2417 ) ) ;
#1554 = ORIENTED_EDGE ( 'NONE', *, *, #2268, .T. ) ;
#1555 = CARTESIAN_POINT ( 'NONE',  ( -1.600000000000000311, 0.1519999999999999962, 1.350000000000000755 ) ) ;
#1556 = CARTESIAN_POINT ( 'NONE',  ( 2.000000000000000000, 0.1519999999999999962, 0.5500000000000001554 ) ) ;
#1557 = STYLED_ITEM ( 'NONE', ( #708 ), #262 ) ;
#1558 = VECTOR ( 'NONE', #2682, 1000.000000000000000 ) ;
#1559 = FILL_AREA_STYLE ('',( #770 ) ) ;
#1560 = CARTESIAN_POINT ( 'NONE',  ( -1.600000000000000311, 0.1519999999999999962, -1.049999999999999600 ) ) ;
#1561 = EDGE_LOOP ( 'NONE', ( #1132, #1611, #1141, #1154 ) ) ;
#1562 = FILL_AREA_STYLE ('',( #1023 ) ) ;
#1563 = EDGE_CURVE ( 'NONE', #2516, #951, #1660, .T. ) ;
#1564 = EDGE_LOOP ( 'NONE', ( #1778, #157, #2281, #2288 ) ) ;
#1565 = VECTOR ( 'NONE', #2808, 1000.000000000000000 ) ;
#1566 = ORIENTED_EDGE ( 'NONE', *, *, #1478, .T. ) ;
#1567 = DIRECTION ( 'NONE',  ( 0.000000000000000000, 1.000000000000000000, 0.000000000000000000 ) ) ;
#1568 = EDGE_LOOP ( 'NONE', ( #323, #358, #253, #1232 ) ) ;
#1569 = DIRECTION ( 'NONE',  ( -0.000000000000000000, -1.000000000000000000, -0.000000000000000000 ) ) ;
#1570 = EDGE_CURVE ( 'NONE', #1265, #423, #2684, .T. ) ;
#1571 = VECTOR ( 'NONE', #927, 1000.000000000000000 ) ;
#1572 = ADVANCED_FACE ( 'NONE', ( #597 ), #2386, .F. ) ;
#1573 = ORIENTED_EDGE ( 'NONE', *, *, #1616, .F. ) ;
#1574 = CARTESIAN_POINT ( 'NONE',  ( -2.828353493440445321E-16, 0.05000000000000000278, 1.499999999999999334 ) ) ;
#1575 = ORIENTED_EDGE ( 'NONE', *, *, #864, .T. ) ;
#1576 = EDGE_CURVE ( 'NONE', #368, #56, #2698, .T. ) ;
#1577 = VECTOR ( 'NONE', #1966, 1000.000000000000000 ) ;
#1578 = VECTOR ( 'NONE', #131, 1000.000000000000000 ) ;
#1579 = ORIENTED_EDGE ( 'NONE', *, *, #1526, .F. ) ;
#1580 = CARTESIAN_POINT ( 'NONE',  ( 2.000000000000000000, 0.5999999999999998668, -2.000000000000000000 ) ) ;
#1581 = VECTOR ( 'NONE', #2036, 1000.000000000000000 ) ;
#1582 = CARTESIAN_POINT ( 'NONE',  ( -1.600000000000000311, 0.6520000000000003570, 1.350000000000000755 ) ) ;
#1583 = PLANE ( 'NONE',  #2513 ) ;
#1584 = EDGE_LOOP ( 'NONE', ( #1482, #2501, #441, #2497 ) ) ;
#1585 =( NAMED_UNIT ( * ) SI_UNIT ( $, .STERADIAN. ) SOLID_ANGLE_UNIT ( ) );
#1586 = LINE ( 'NONE', #314, #2715 ) ;
#1587 = ORIENTED_EDGE ( 'NONE', *, *, #1536, .F. ) ;
#1588 = VECTOR ( 'NONE', #2189, 1000.000000000000000 ) ;
#1589 = AXIS2_PLACEMENT_3D ( 'NONE', #1731, #2992, #1271 ) ;
#1590 = LINE ( 'NONE', #971, #1656 ) ;
#1591 = LINE ( 'NONE', #2930, #2681 ) ;
#1592 = EDGE_LOOP ( 'NONE', ( #1623, #2856, #52, #129 ) ) ;
#1593 = PLANE ( 'NONE',  #2137 ) ;
#1594 = DIRECTION ( 'NONE',  ( -0.000000000000000000, -1.000000000000000000, -0.000000000000000000 ) ) ;
#1595 = LINE ( 'NONE', #564, #2648 ) ;
#1596 = LINE ( 'NONE', #2178, #523 ) ;
#1597 = AXIS2_PLACEMENT_3D ( 'NONE', #3050, #2629, #3087 ) ;
#1598 = ORIENTED_EDGE ( 'NONE', *, *, #33, .F. ) ;
#1599 = EDGE_CURVE ( 'NONE', #2516, #1293, #605, .T. ) ;
#1600 = CIRCLE ( 'NONE', #974, 0.1749999999999998224 ) ;
#1601 = ADVANCED_FACE ( 'NONE', ( #2718 ), #2743, .T. ) ;
#1602 = FACE_OUTER_BOUND ( 'NONE', #1411, .T. ) ;
#1603 = ORIENTED_EDGE ( 'NONE', *, *, #2431, .T. ) ;
#1604 = FILL_AREA_STYLE_COLOUR ( '', #2889 ) ;
#1605 = CARTESIAN_POINT ( 'NONE',  ( 1.600000000000000311, 0.1519999999999999962, 0.5500000000000005995 ) ) ;
#1606 = EDGE_CURVE ( 'NONE', #3058, #507, #2703, .T. ) ;
#1607 = CARTESIAN_POINT ( 'NONE',  ( -1.599999999999998312, 0.05000000000000000278, -2.312964634635737139E-15 ) ) ;
#1608 = CARTESIAN_POINT ( 'NONE',  ( -2.000000000000000000, 0.1519999999999999962, 0.2500000000000002220 ) ) ;
#1609 = VECTOR ( 'NONE', #2834, 1000.000000000000000 ) ;
#1610 = DIRECTION ( 'NONE',  ( 1.000000000000000000, 0.000000000000000000, 0.000000000000000000 ) ) ;
#1611 = ORIENTED_EDGE ( 'NONE', *, *, #1126, .T. ) ;
#1612 = DIRECTION ( 'NONE',  ( -1.000000000000000000, -0.000000000000000000, -0.000000000000000000 ) ) ;
#1613 = LINE ( 'NONE', #2764, #534 ) ;
#1614 = EDGE_CURVE ( 'NONE', #509, #365, #540, .T. ) ;
#1615 = FACE_OUTER_BOUND ( 'NONE', #1553, .T. ) ;
#1616 = EDGE_CURVE ( 'NONE', #807, #11, #1613, .T. ) ;
#1617 = VERTEX_POINT ( 'NONE', #27 ) ;
#1618 =( NAMED_UNIT ( * ) SI_UNIT ( $, .STERADIAN. ) SOLID_ANGLE_UNIT ( ) );
#1619 = DIRECTION ( 'NONE',  ( 0.7071067811865461294, 0.000000000000000000, 0.7071067811865490160 ) ) ;
#1620 = VECTOR ( 'NONE', #2088, 1000.000000000000000 ) ;
#1621 = ORIENTED_EDGE ( 'NONE', *, *, #116, .T. ) ;
#1622 = EDGE_CURVE ( 'NONE', #384, #2516, #2710, .T. ) ;
#1623 = ORIENTED_EDGE ( 'NONE', *, *, #700, .T. ) ;
#1624 = CARTESIAN_POINT ( 'NONE',  ( 1.149999999999999911, 0.1520000000000002183, -1.500000000000000444 ) ) ;
#1625 = PRESENTATION_STYLE_ASSIGNMENT (( #1829 ) ) ;
#1626 = ORIENTED_EDGE ( 'NONE', *, *, #2532, .F. ) ;
#1627 = ORIENTED_EDGE ( 'NONE', *, *, #2405, .F. ) ;
#1628 = DIRECTION ( 'NONE',  ( -1.445602896647339163E-16, 0.000000000000000000, 1.000000000000000000 ) ) ;
#1629 = VECTOR ( 'NONE', #2590, 1000.000000000000000 ) ;
#1630 = ADVANCED_FACE ( 'NONE', ( #1675 ), #2212, .T. ) ;
#1631 = DIRECTION ( 'NONE',  ( -0.000000000000000000, 1.000000000000000000, 0.000000000000000000 ) ) ;
#1632 = CARTESIAN_POINT ( 'NONE',  ( -2.000000000000000000, 0.04999999999999999584, 1.350000000000000311 ) ) ;
#1633 = VECTOR ( 'NONE', #2092, 1000.000000000000000 ) ;
#1634 = CARTESIAN_POINT ( 'NONE',  ( 1.149999999999999911, 0.1520000000000002183, -1.500000000000000444 ) ) ;
#1635 = ORIENTED_EDGE ( 'NONE', *, *, #992, .T. ) ;
#1636 = AXIS2_PLACEMENT_3D ( 'NONE', #2235, #1972, #2519 ) ;
#1637 = COLOUR_RGB ( '',0.7921568627450980005, 0.8196078431372548767, 0.9333333333333333481 ) ;
#1638 = DIRECTION ( 'NONE',  ( 1.000000000000000000, 0.000000000000000000, 0.000000000000000000 ) ) ;
#1639 = FACE_OUTER_BOUND ( 'NONE', #2101, .T. ) ;
#1640 = SURFACE_SIDE_STYLE ('',( #1667 ) ) ;
#1641 = ORIENTED_EDGE ( 'NONE', *, *, #1728, .T. ) ;
#1642 = DIRECTION ( 'NONE',  ( -1.445602896647337536E-15, 0.000000000000000000, 1.000000000000000000 ) ) ;
#1643 = VECTOR ( 'NONE', #2320, 1000.000000000000000 ) ;
#1644 = ORIENTED_EDGE ( 'NONE', *, *, #575, .T. ) ;
#1645 = DIRECTION ( 'NONE',  ( 1.445602896647337536E-15, 0.000000000000000000, -1.000000000000000000 ) ) ;
#1646 = ORIENTED_EDGE ( 'NONE', *, *, #2003, .F. ) ;
#1647 = VECTOR ( 'NONE', #1009, 1000.000000000000114 ) ;
#1648 =( NAMED_UNIT ( * ) PLANE_ANGLE_UNIT ( ) SI_UNIT ( $, .RADIAN. ) );
#1649 = VERTEX_POINT ( 'NONE', #2168 ) ;
#1650 = ORIENTED_EDGE ( 'NONE', *, *, #1201, .F. ) ;
#1651 = EDGE_CURVE ( 'NONE', #496, #1791, #628, .T. ) ;
#1652 = FACE_BOUND ( 'NONE', #811, .T. ) ;
#1653 = CARTESIAN_POINT ( 'NONE',  ( 2.000000000000000000, 0.000000000000000000, 1.050000000000000266 ) ) ;
#1654 = LINE ( 'NONE', #1794, #1629 ) ;
#1655 = DIRECTION ( 'NONE',  ( -7.228014483236687681E-16, 0.000000000000000000, -1.000000000000000000 ) ) ;
#1656 = VECTOR ( 'NONE', #1956, 1000.000000000000000 ) ;
#1657 = ORIENTED_EDGE ( 'NONE', *, *, #1622, .T. ) ;
#1658 = FACE_OUTER_BOUND ( 'NONE', #818, .T. ) ;
#1659 = EDGE_CURVE ( 'NONE', #710, #1533, #1600, .T. ) ;
#1660 = LINE ( 'NONE', #794, #554 ) ;
#1661 = ADVANCED_FACE ( 'NONE', ( #640 ), #1174, .T. ) ;
#1662 = DIRECTION ( 'NONE',  ( 0.000000000000000000, 0.000000000000000000, -1.000000000000000000 ) ) ;
#1663 = VECTOR ( 'NONE', #1638, 1000.000000000000000 ) ;
#1664 = ORIENTED_EDGE ( 'NONE', *, *, #2225, .T. ) ;
#1665 = DIRECTION ( 'NONE',  ( -7.228014483236686695E-16, 0.000000000000000000, -1.000000000000000000 ) ) ;
#1666 = ADVANCED_FACE ( 'NONE', ( #546 ), #514, .T. ) ;
#1667 = SURFACE_STYLE_FILL_AREA ( #133 ) ;
#1668 = EDGE_CURVE ( 'NONE', #210, #2522, #559, .T. ) ;
#1669 = VECTOR ( 'NONE', #1712, 1000.000000000000000 ) ;
#1670 = VECTOR ( 'NONE', #764, 1000.000000000000000 ) ;
#1671 = CARTESIAN_POINT ( 'NONE',  ( -1.550000000000000266, 0.5999999999999999778, -1.550000000000000266 ) ) ;
#1672 = ORIENTED_EDGE ( 'NONE', *, *, #2064, .F. ) ;
#1673 = VECTOR ( 'NONE', #3125, 1000.000000000000000 ) ;
#1674 = DIRECTION ( 'NONE',  ( 0.000000000000000000, -1.000000000000000000, 0.000000000000000000 ) ) ;
#1675 = FACE_OUTER_BOUND ( 'NONE', #524, .T. ) ;
#1676 = ORIENTED_EDGE ( 'NONE', *, *, #631, .T. ) ;
#1677 = ORIENTED_EDGE ( 'NONE', *, *, #1170, .T. ) ;
#1678 = CARTESIAN_POINT ( 'NONE',  ( -1.149999999999999911, 0.1520000000000002183, -1.200000000000003508 ) ) ;
#1679 = DIRECTION ( 'NONE',  ( -0.000000000000000000, -1.000000000000000000, -0.000000000000000000 ) ) ;
#1680 = ORIENTED_EDGE ( 'NONE', *, *, #2355, .F. ) ;
#1681 = DIRECTION ( 'NONE',  ( 1.000000000000000000, 0.000000000000000000, -0.000000000000000000 ) ) ;
#1682 = ORIENTED_EDGE ( 'NONE', *, *, #2016, .F. ) ;
#1683 = LINE ( 'NONE', #31, #2722 ) ;
#1684 = DIRECTION ( 'NONE',  ( 0.000000000000000000, 0.000000000000000000, -1.000000000000000000 ) ) ;
#1685 = ORIENTED_EDGE ( 'NONE', *, *, #1622, .F. ) ;
#1686 = ORIENTED_EDGE ( 'NONE', *, *, #2697, .T. ) ;
#1687 = AXIS2_PLACEMENT_3D ( 'NONE', #2179, #1522, #746 ) ;
#1688 = CARTESIAN_POINT ( 'NONE',  ( -2.000000000000000000, 0.1519999999999999962, 1.050000000000000266 ) ) ;
#1689 = LINE ( 'NONE', #2492, #2623 ) ;
#1690 = LINE ( 'NONE', #552, #2669 ) ;
#1691 = CARTESIAN_POINT ( 'NONE',  ( -0.8499999999999987566, 0.1520000000000002183, -1.500000000000000888 ) ) ;
#1692 = ORIENTED_EDGE ( 'NONE', *, *, #861, .T. ) ;
#1693 = ADVANCED_FACE ( 'NONE', ( #578 ), #528, .F. ) ;
#1694 = VECTOR ( 'NONE', #1951, 1000.000000000000000 ) ;
#1695 = FILL_AREA_STYLE ('',( #1785 ) ) ;
#1696 = VECTOR ( 'NONE', #933, 1000.000000000000000 ) ;
#1697 = EDGE_CURVE ( 'NONE', #1819, #2242, #1654, .T. ) ;
#1698 = VECTOR ( 'NONE', #2642, 1000.000000000000000 ) ;
#1699 = ORIENTED_EDGE ( 'NONE', *, *, #872, .F. ) ;
#1700 =( LENGTH_UNIT ( ) NAMED_UNIT ( * ) SI_UNIT ( .MILLI., .METRE. ) );
#1701 = DIRECTION ( 'NONE',  ( -1.000000000000000000, 0.000000000000000000, -1.885568995626964287E-16 ) ) ;
#1702 = CARTESIAN_POINT ( 'NONE',  ( 1.600000000000000311, 0.000000000000000000, -1.049999999999999600 ) ) ;
#1703 = EDGE_CURVE ( 'NONE', #1528, #495, #2652, .T. ) ;
#1704 = CLOSED_SHELL ( 'NONE', ( #2089, #862, #349, #2060 ) ) ;
#1705 = MANIFOLD_SOLID_BREP ( 'LPattern2[3]', #2839 ) ;
#1706 = CARTESIAN_POINT ( 'NONE',  ( 1.600000000000000089, 0.1519999999999999962, -0.5499999999999998224 ) ) ;
#1707 = FACE_OUTER_BOUND ( 'NONE', #390, .T. ) ;
#1708 = ORIENTED_EDGE ( 'NONE', *, *, #1381, .T. ) ;
#1709 = DIRECTION ( 'NONE',  ( 1.000000000000000000, 0.000000000000000000, -7.228014483236687681E-16 ) ) ;
#1710 = ORIENTED_EDGE ( 'NONE', *, *, #2982, .T. ) ;
#1711 = MECHANICAL_DESIGN_GEOMETRIC_PRESENTATION_REPRESENTATION (  '', ( #163 ), #1992 ) ;
#1712 = DIRECTION ( 'NONE',  ( 1.000000000000000000, 0.000000000000000000, 1.885568995626964287E-16 ) ) ;
#1713 = FACE_OUTER_BOUND ( 'NONE', #3025, .T. ) ;
#1714 = ORIENTED_EDGE ( 'NONE', *, *, #277, .T. ) ;
#1715 = AXIS2_PLACEMENT_3D ( 'NONE', #199, #1185, #1148 ) ;
#1716 = DIRECTION ( 'NONE',  ( -1.000000000000000000, 0.000000000000000000, -1.445602896647337339E-15 ) ) ;
#1717 = CARTESIAN_POINT ( 'NONE',  ( -1.150000000000000355, 0.05000000000000000278, 1.499999999999999112 ) ) ;
#1718 = DIRECTION ( 'NONE',  ( 0.000000000000000000, -1.000000000000000000, 0.000000000000000000 ) ) ;
#1719 = MECHANICAL_DESIGN_GEOMETRIC_PRESENTATION_REPRESENTATION (  '', ( #569 ), #3060 ) ;
#1720 = DIRECTION ( 'NONE',  ( 0.000000000000000000, -1.000000000000000000, 0.000000000000000000 ) ) ;
#1721 = AXIS2_PLACEMENT_3D ( 'NONE', #1211, #1500, #1529 ) ;
#1722 = PLANE ( 'NONE',  #1506 ) ;
#1723 = VECTOR ( 'NONE', #39, 1000.000000000000000 ) ;
#1724 = DIRECTION ( 'NONE',  ( -1.000000000000000000, -0.000000000000000000, -0.000000000000000000 ) ) ;
#1725 =( NAMED_UNIT ( * ) SI_UNIT ( $, .STERADIAN. ) SOLID_ANGLE_UNIT ( ) );
#1726 = FACE_OUTER_BOUND ( 'NONE', #2383, .T. ) ;
#1727 = CARTESIAN_POINT ( 'NONE',  ( -1.600000000000000311, 0.1519999999999999962, -0.2499999999999994726 ) ) ;
#1728 = EDGE_CURVE ( 'NONE', #196, #1758, #2736, .T. ) ;
#1729 = EDGE_CURVE ( 'NONE', #474, #1843, #583, .T. ) ;
#1730 = CARTESIAN_POINT ( 'NONE',  ( 2.000000000000000000, 0.1519999999999999962, -1.050000000000000044 ) ) ;
#1731 = CARTESIAN_POINT ( 'NONE',  ( 2.000000000000000000, 6.856854249492380760, 2.000000000000000000 ) ) ;
#1732 = VECTOR ( 'NONE', #2917, 1000.000000000000000 ) ;
#1733 = DIRECTION ( 'NONE',  ( 1.084202172485505026E-15, 0.000000000000000000, -1.000000000000000000 ) ) ;
#1734 = CARTESIAN_POINT ( 'NONE',  ( 0.000000000000000000, 0.05000000000000000278, 0.2500000000000002220 ) ) ;
#1735 = CARTESIAN_POINT ( 'NONE',  ( -2.000000000000000000, 0.05000000000000000278, -1.999999999999999112 ) ) ;
#1736 = DIRECTION ( 'NONE',  ( 0.000000000000000000, -1.000000000000000000, 0.000000000000000000 ) ) ;
#1737 = VECTOR ( 'NONE', #1312, 1000.000000000000114 ) ;
#1738 = MANIFOLD_SOLID_BREP ( 'LPattern2[4]', #935 ) ;
#1739 = PLANE ( 'NONE',  #1721 ) ;
#1740 = CARTESIAN_POINT ( 'NONE',  ( 1.600000000000000311, 0.1519999999999999962, 1.350000000000000755 ) ) ;
#1741 = DIRECTION ( 'NONE',  ( 1.000000000000000000, 0.000000000000000000, 0.000000000000000000 ) ) ;
#1742 = SURFACE_STYLE_FILL_AREA ( #1228 ) ;
#1743 = AXIS2_PLACEMENT_3D ( 'NONE', #1116, #2857, #1380 ) ;
#1744 = ADVANCED_FACE ( 'NONE', ( #2145 ), #2540, .T. ) ;
#1745 = CARTESIAN_POINT ( 'NONE',  ( -1.149999999999999911, 0.1520000000000002183, -1.200000000000001066 ) ) ;
#1746 = CARTESIAN_POINT ( 'NONE',  ( 2.000000000000000000, 0.1519999999999999962, 1.350000000000000311 ) ) ;
#1747 = FACE_OUTER_BOUND ( 'NONE', #249, .T. ) ;
#1748 = DIRECTION ( 'NONE',  ( 0.000000000000000000, 0.000000000000000000, 1.000000000000000000 ) ) ;
#1749 = ORIENTED_EDGE ( 'NONE', *, *, #2253, .T. ) ;
#1750 = FILL_AREA_STYLE_COLOUR ( '', #2771 ) ;
#1751 = CARTESIAN_POINT ( 'NONE',  ( -2.000000000000000000, 0.1519999999999999962, 1.050000000000000266 ) ) ;
#1752 = FACE_OUTER_BOUND ( 'NONE', #1330, .T. ) ;
#1753 = ORIENTED_EDGE ( 'NONE', *, *, #1823, .F. ) ;
#1754 = EDGE_CURVE ( 'NONE', #2978, #315, #1145, .T. ) ;
#1755 = PLANE ( 'NONE',  #57 ) ;
#1756 = DIRECTION ( 'NONE',  ( 0.000000000000000000, -1.000000000000000000, 0.000000000000000000 ) ) ;
#1757 = EDGE_CURVE ( 'NONE', #56, #1800, #2199, .T. ) ;
#1758 = VERTEX_POINT ( 'NONE', #2845 ) ;
#1759 = CARTESIAN_POINT ( 'NONE',  ( -2.000000000000000000, 0.05000000000000000278, -1.999999999999999112 ) ) ;
#1760 = CARTESIAN_POINT ( 'NONE',  ( 2.000000000000000000, 0.1519999999999999962, 1.350000000000000311 ) ) ;
#1761 = VECTOR ( 'NONE', #2937, 1000.000000000000114 ) ;
#1762 = ORIENTED_EDGE ( 'NONE', *, *, #2437, .T. ) ;
#1763 = CARTESIAN_POINT ( 'NONE',  ( -1.600000000000000311, 0.1519999999999999962, 0.5500000000000005995 ) ) ;
#1764 = CARTESIAN_POINT ( 'NONE',  ( -2.000000000000000000, 0.000000000000000000, 1.350000000000000311 ) ) ;
#1765 = VERTEX_POINT ( 'NONE', #887 ) ;
#1766 = AXIS2_PLACEMENT_3D ( 'NONE', #3026, #2074, #2665 ) ;
#1767 = ADVANCED_FACE ( 'NONE', ( #2155 ), #44, .F. ) ;
#1768 = DIRECTION ( 'NONE',  ( 1.084202172485505223E-15, 0.000000000000000000, -1.000000000000000000 ) ) ;
#1769 = PLANE ( 'NONE',  #3095 ) ;
#1770 = CARTESIAN_POINT ( 'NONE',  ( 1.600000000000000311, 0.1519999999999999962, 0.5500000000000005995 ) ) ;
#1771 = VERTEX_POINT ( 'NONE', #81 ) ;
#1772 = DIRECTION ( 'NONE',  ( 1.000000000000000000, 0.000000000000000000, 0.000000000000000000 ) ) ;
#1773 = VERTEX_POINT ( 'NONE', #64 ) ;
#1774 = SURFACE_SIDE_STYLE ('',( #1469 ) ) ;
#1775 = DIRECTION ( 'NONE',  ( 0.000000000000000000, 0.000000000000000000, 1.000000000000000000 ) ) ;
#1776 = MECHANICAL_DESIGN_GEOMETRIC_PRESENTATION_REPRESENTATION (  '', ( #1460 ), #1012 ) ;
#1777 = EDGE_CURVE ( 'NONE', #3130, #1309, #124, .T. ) ;
#1778 = ORIENTED_EDGE ( 'NONE', *, *, #226, .T. ) ;
#1779 = DIRECTION ( 'NONE',  ( -0.000000000000000000, -0.000000000000000000, -1.000000000000000000 ) ) ;
#1780 = CARTESIAN_POINT ( 'NONE',  ( -1.600000000000000311, 0.1519999999999999962, -0.2499999999999994726 ) ) ;
#1781 = DIRECTION ( 'NONE',  ( 1.000000000000000000, 0.000000000000000000, 1.885568995626964287E-16 ) ) ;
#1782 = CARTESIAN_POINT ( 'NONE',  ( -2.000000000000000000, 0.1519999999999999962, -0.2499999999999998890 ) ) ;
#1783 = ORIENTED_EDGE ( 'NONE', *, *, #2526, .F. ) ;
#1784 = CARTESIAN_POINT ( 'NONE',  ( 1.600000000000000311, 0.000000000000000000, -1.049999999999999600 ) ) ;
#1785 = FILL_AREA_STYLE_COLOUR ( '', #471 ) ;
#1786 = EDGE_LOOP ( 'NONE', ( #2441, #387, #823, #782 ) ) ;
#1787 = ADVANCED_FACE ( 'NONE', ( #1180 ), #1319, .F. ) ;
#1788 = EDGE_CURVE ( 'NONE', #2566, #1417, #40, .T. ) ;
#1789 = DIRECTION ( 'NONE',  ( 1.445602896647339163E-16, 0.000000000000000000, -1.000000000000000000 ) ) ;
#1790 = PLANE ( 'NONE',  #1367 ) ;
#1791 = VERTEX_POINT ( 'NONE', #2001 ) ;
#1792 = DIRECTION ( 'NONE',  ( -0.000000000000000000, -1.000000000000000000, -0.000000000000000000 ) ) ;
#1793 = CARTESIAN_POINT ( 'NONE',  ( 2.000000000000000000, 0.05000000000000000278, -0.2499999999999997780 ) ) ;
#1794 = CARTESIAN_POINT ( 'NONE',  ( -1.599999999999999867, 0.1519999999999999962, -1.349999999999999867 ) ) ;
#1795 = UNCERTAINTY_MEASURE_WITH_UNIT (LENGTH_MEASURE( 1.000000000000000082E-05 ), #1102, 'distance_accuracy_value', 'NONE');
#1796 = VERTEX_POINT ( 'NONE', #2045 ) ;
#1797 = DIRECTION ( 'NONE',  ( 1.000000000000000000, 0.000000000000000000, -1.084202172485505223E-15 ) ) ;
#1798 = CARTESIAN_POINT ( 'NONE',  ( 2.000000000000000000, 0.6520000000000003570, -0.2499999999999998890 ) ) ;
#1799 = VECTOR ( 'NONE', #1998, 1000.000000000000000 ) ;
#1800 = VERTEX_POINT ( 'NONE', #1634 ) ;
#1801 = DIRECTION ( 'NONE',  ( 0.000000000000000000, 0.000000000000000000, -1.000000000000000000 ) ) ;
#1802 = VECTOR ( 'NONE', #2535, 1000.000000000000000 ) ;
#1803 = ORIENTED_EDGE ( 'NONE', *, *, #3063, .F. ) ;
#1804 = AXIS2_PLACEMENT_3D ( 'NONE', #1433, #568, #1008 ) ;
#1805 = DIRECTION ( 'NONE',  ( -1.000000000000000000, 0.000000000000000000, 2.168404344971008868E-16 ) ) ;
#1806 = CARTESIAN_POINT ( 'NONE',  ( -2.000000000000000000, 0.6520000000000003570, 0.2500000000000002220 ) ) ;
#1807 = FACE_OUTER_BOUND ( 'NONE', #485, .T. ) ;
#1808 = ORIENTED_EDGE ( 'NONE', *, *, #2750, .T. ) ;
#1809 = ADVANCED_FACE ( 'NONE', ( #65 ), #922, .F. ) ;
#1810 = PLANE ( 'NONE',  #2372 ) ;
#1811 = DIRECTION ( 'NONE',  ( -7.228014483236686695E-16, 0.000000000000000000, -1.000000000000000000 ) ) ;
#1812 = DIRECTION ( 'NONE',  ( -1.084202172485505026E-15, 0.000000000000000000, -1.000000000000000000 ) ) ;
#1813 = EDGE_CURVE ( 'NONE', #399, #3130, #2190, .T. ) ;
#1814 = VECTOR ( 'NONE', #2647, 1000.000000000000114 ) ;
#1815 = ORIENTED_EDGE ( 'NONE', *, *, #784, .F. ) ;
#1816 = CARTESIAN_POINT ( 'NONE',  ( -1.149999999999999911, 0.05000000000000000278, -1.200000000000003508 ) ) ;
#1817 = EDGE_CURVE ( 'NONE', #3032, #272, #95, .T. ) ;
#1818 = DIRECTION ( 'NONE',  ( -1.000000000000000000, 0.000000000000000000, 0.000000000000000000 ) ) ;
#1819 = VERTEX_POINT ( 'NONE', #743 ) ;
#1820 = CARTESIAN_POINT ( 'NONE',  ( -1.599999999999999867, 0.1519999999999999962, 0.2500000000000002220 ) ) ;
#1821 = CARTESIAN_POINT ( 'NONE',  ( 2.000000000000000000, 0.6520000000000003570, 0.5500000000000001554 ) ) ;
#1822 = VECTOR ( 'NONE', #276, 1000.000000000000000 ) ;
#1823 = EDGE_CURVE ( 'NONE', #290, #1773, #1107, .T. ) ;
#1824 = ORIENTED_EDGE ( 'NONE', *, *, #2437, .F. ) ;
#1825 = SURFACE_SIDE_STYLE ('',( #1942 ) ) ;
#1826 = CARTESIAN_POINT ( 'NONE',  ( -1.599999999999999867, 0.1519999999999999962, 0.2500000000000002220 ) ) ;
#1827 = EDGE_LOOP ( 'NONE', ( #357, #1420, #2915, #1855 ) ) ;
#1828 = DIRECTION ( 'NONE',  ( -1.445602896647339163E-16, 0.000000000000000000, 1.000000000000000000 ) ) ;
#1829 = SURFACE_STYLE_USAGE ( .BOTH. , #2569 ) ;
#1830 = LINE ( 'NONE', #1974, #1876 ) ;
#1831 = EDGE_LOOP ( 'NONE', ( #2353, #1838, #1375, #238, #375 ) ) ;
#1832 = CARTESIAN_POINT ( 'NONE',  ( 1.600000000000000089, 0.1519999999999999962, 0.2500000000000002220 ) ) ;
#1833 = ADVANCED_FACE ( 'NONE', ( #89 ), #2369, .F. ) ;
#1834 = DIRECTION ( 'NONE',  ( -1.000000000000000000, 0.000000000000000000, -1.445602896647337536E-15 ) ) ;
#1835 = ADVANCED_FACE ( 'NONE', ( #2158 ), #970, .F. ) ;
#1836 = CARTESIAN_POINT ( 'NONE',  ( 1.600000000000000089, 0.1519999999999999962, -1.349999999999999867 ) ) ;
#1837 = LINE ( 'NONE', #224, #2909 ) ;
#1838 = ORIENTED_EDGE ( 'NONE', *, *, #3099, .T. ) ;
#1839 = AXIS2_PLACEMENT_3D ( 'NONE', #1920, #1733, #170 ) ;
#1840 = CARTESIAN_POINT ( 'NONE',  ( -1.599999999999999867, 0.1519999999999999962, 1.050000000000000266 ) ) ;
#1841 = AXIS2_PLACEMENT_3D ( 'NONE', #1671, #393, #2120 ) ;
#1842 = LINE ( 'NONE', #560, #1846 ) ;
#1843 = VERTEX_POINT ( 'NONE', #2143 ) ;
#1844 = CARTESIAN_POINT ( 'NONE',  ( 1.600000000000000311, 0.1519999999999999962, 0.5500000000000005995 ) ) ;
#1845 = CARTESIAN_POINT ( 'NONE',  ( -1.550000000000000266, 0.005025253169417152541, -1.550000000000000266 ) ) ;
#1846 = VECTOR ( 'NONE', #918, 1000.000000000000000 ) ;
#1847 = VERTEX_POINT ( 'NONE', #2107 ) ;
#1848 = CARTESIAN_POINT ( 'NONE',  ( 2.000000000000000000, 0.1519999999999999962, -0.2499999999999998890 ) ) ;
#1849 = DIRECTION ( 'NONE',  ( 1.000000000000000000, -0.000000000000000000, 0.000000000000000000 ) ) ;
#1850 = ORIENTED_EDGE ( 'NONE', *, *, #2305, .F. ) ;
#1851 = EDGE_CURVE ( 'NONE', #487, #1406, #1094, .T. ) ;
#1852 = PLANE ( 'NONE',  #720 ) ;
#1853 = CARTESIAN_POINT ( 'NONE',  ( -1.550000000000000266, 0.4999999999999998890, -1.550000000000000266 ) ) ;
#1854 = FACE_OUTER_BOUND ( 'NONE', #1831, .T. ) ;
#1855 = ORIENTED_EDGE ( 'NONE', *, *, #893, .T. ) ;
#1856 = ADVANCED_FACE ( 'NONE', ( #2193 ), #904, .T. ) ;
#1857 = EDGE_CURVE ( 'NONE', #1949, #37, #82, .T. ) ;
#1858 = DIRECTION ( 'NONE',  ( 0.000000000000000000, -0.000000000000000000, 1.000000000000000000 ) ) ;
#1859 = ADVANCED_FACE ( 'NONE', ( #60 ), #2882, .F. ) ;
#1860 = LINE ( 'NONE', #585, #2902 ) ;
#1861 = CARTESIAN_POINT ( 'NONE',  ( -2.000000000000000000, 0.5999999999999998668, -1.999999999999999112 ) ) ;
#1862 = AXIS2_PLACEMENT_3D ( 'NONE', #2819, #3082, #1665 ) ;
#1863 = DIRECTION ( 'NONE',  ( -0.000000000000000000, -0.000000000000000000, 1.000000000000000000 ) ) ;
#1864 = LINE ( 'NONE', #1727, #1916 ) ;
#1865 = ORIENTED_EDGE ( 'NONE', *, *, #2011, .F. ) ;
#1866 = CARTESIAN_POINT ( 'NONE',  ( -1.600000000000000311, 0.1519999999999999962, 1.350000000000000755 ) ) ;
#1867 = CARTESIAN_POINT ( 'NONE',  ( 1.600000000000000311, 0.1519999999999999962, -1.049999999999999600 ) ) ;
#1868 = LINE ( 'NONE', #1182, #1913 ) ;
#1869 = VERTEX_POINT ( 'NONE', #191 ) ;
#1870 = CARTESIAN_POINT ( 'NONE',  ( 0.000000000000000000, 0.1519999999999999962, 0.8000000000000000444 ) ) ;
#1871 = CARTESIAN_POINT ( 'NONE',  ( 0.000000000000000000, 0.05000000000000000278, -1.349999999999999867 ) ) ;
#1872 = DIRECTION ( 'NONE',  ( 1.000000000000000000, -0.000000000000000000, 1.084202172485505223E-15 ) ) ;
#1873 = AXIS2_PLACEMENT_3D ( 'NONE', #530, #749, #1206 ) ;
#1874 = EDGE_CURVE ( 'NONE', #2311, #1344, #1186, .T. ) ;
#1875 = DIRECTION ( 'NONE',  ( 0.000000000000000000, -1.000000000000000000, 0.000000000000000000 ) ) ;
#1876 = VECTOR ( 'NONE', #2198, 1000.000000000000000 ) ;
#1877 = ORIENTED_EDGE ( 'NONE', *, *, #1515, .F. ) ;
#1878 = CARTESIAN_POINT ( 'NONE',  ( -1.600000000000000311, 0.000000000000000000, -1.049999999999999600 ) ) ;
#1879 = ADVANCED_FACE ( 'NONE', ( #2224 ), #480, .F. ) ;
#1880 = DIRECTION ( 'NONE',  ( 0.000000000000000000, -1.000000000000000000, 0.000000000000000000 ) ) ;
#1881 = CARTESIAN_POINT ( 'NONE',  ( 2.000000000000000000, 0.04999999999999999584, 0.2500000000000002220 ) ) ;
#1882 = VECTOR ( 'NONE', #2479, 1000.000000000000000 ) ;
#1883 = ORIENTED_EDGE ( 'NONE', *, *, #931, .T. ) ;
#1884 = CARTESIAN_POINT ( 'NONE',  ( -1.600000000000000311, 0.04999999999999999584, -1.049999999999999600 ) ) ;
#1885 = DIRECTION ( 'NONE',  ( -1.000000000000000000, 0.000000000000000000, 1.084202172485505223E-15 ) ) ;
#1886 = CARTESIAN_POINT ( 'NONE',  ( 0.000000000000000000, 0.05000000000000000278, -0.5499999999999998224 ) ) ;
#1887 = EDGE_CURVE ( 'NONE', #1994, #490, #107, .T. ) ;
#1888 = LINE ( 'NONE', #1961, #2883 ) ;
#1889 = EDGE_CURVE ( 'NONE', #2468, #1406, #1152, .T. ) ;
#1890 = ORIENTED_EDGE ( 'NONE', *, *, #1096, .F. ) ;
#1891 = DIRECTION ( 'NONE',  ( -0.000000000000000000, 0.000000000000000000, 1.000000000000000000 ) ) ;
#1892 = CARTESIAN_POINT ( 'NONE',  ( 1.600000000000000311, 0.000000000000000000, -1.049999999999999600 ) ) ;
#1893 = FACE_OUTER_BOUND ( 'NONE', #1379, .T. ) ;
#1894 = CARTESIAN_POINT ( 'NONE',  ( 1.600000000000000311, 0.6520000000000003570, -1.049999999999999600 ) ) ;
#1895 = LINE ( 'NONE', #24, #2956 ) ;
#1896 = PRESENTATION_LAYER_ASSIGNMENT (  '', '', ( #163 ) ) ;
#1897 = UNCERTAINTY_MEASURE_WITH_UNIT (LENGTH_MEASURE( 1.000000000000000082E-05 ), #407, 'distance_accuracy_value', 'NONE');
#1898 =( NAMED_UNIT ( * ) SI_UNIT ( $, .STERADIAN. ) SOLID_ANGLE_UNIT ( ) );
#1899 = ORIENTED_EDGE ( 'NONE', *, *, #2162, .F. ) ;
#1900 = DIRECTION ( 'NONE',  ( 0.000000000000000000, -1.000000000000000000, 0.000000000000000000 ) ) ;
#1901 = PLANE ( 'NONE',  #1276 ) ;
#1902 = DIRECTION ( 'NONE',  ( 0.000000000000000000, -0.000000000000000000, 1.000000000000000000 ) ) ;
#1903 = ADVANCED_FACE ( 'NONE', ( #2177 ), #432, .F. ) ;
#1904 = LINE ( 'NONE', #1580, #842 ) ;
#1905 = ORIENTED_EDGE ( 'NONE', *, *, #2482, .T. ) ;
#1906 = DIRECTION ( 'NONE',  ( 0.000000000000000000, -1.000000000000000000, 0.000000000000000000 ) ) ;
#1907 = AXIS2_PLACEMENT_3D ( 'NONE', #1054, #1306, #93 ) ;
#1908 = PLANE ( 'NONE',  #1365 ) ;
#1909 = FACE_OUTER_BOUND ( 'NONE', #1215, .T. ) ;
#1910 = EDGE_CURVE ( 'NONE', #1954, #1168, #1149, .T. ) ;
#1911 = ORIENTED_EDGE ( 'NONE', *, *, #2363, .T. ) ;
#1912 = PLANE ( 'NONE',  #2689 ) ;
#1913 = VECTOR ( 'NONE', #1468, 1000.000000000000000 ) ;
#1914 = ORIENTED_EDGE ( 'NONE', *, *, #789, .F. ) ;
#1915 = PLANE ( 'NONE',  #1053 ) ;
#1916 = VECTOR ( 'NONE', #2905, 1000.000000000000000 ) ;
#1917 = EDGE_LOOP ( 'NONE', ( #536, #2687, #3102, #1627 ) ) ;
#1918 = CARTESIAN_POINT ( 'NONE',  ( 1.600000000000000311, 0.000000000000000000, -0.2499999999999994726 ) ) ;
#1919 =( NAMED_UNIT ( * ) SI_UNIT ( $, .STERADIAN. ) SOLID_ANGLE_UNIT ( ) );
#1920 = CARTESIAN_POINT ( 'NONE',  ( -1.600000000000000311, 0.6520000000000003570, 0.5500000000000005995 ) ) ;
#1921 = EDGE_CURVE ( 'NONE', #1996, #865, #2165, .T. ) ;
#1922 = LINE ( 'NONE', #2825, #886 ) ;
#1923 = EDGE_LOOP ( 'NONE', ( #1177, #2044, #3086, #1708 ) ) ;
#1924 = CARTESIAN_POINT ( 'NONE',  ( -1.599999999999999867, 0.6520000000000003570, -1.349999999999999867 ) ) ;
#1925 = CARTESIAN_POINT ( 'NONE',  ( -2.000000000000000000, 0.1519999999999999962, 0.2500000000000002220 ) ) ;
#1926 =( NAMED_UNIT ( * ) PLANE_ANGLE_UNIT ( ) SI_UNIT ( $, .RADIAN. ) );
#1927 = CARTESIAN_POINT ( 'NONE',  ( 1.600000000000000311, 0.1519999999999999962, -1.049999999999999600 ) ) ;
#1928 = VECTOR ( 'NONE', #1863, 1000.000000000000000 ) ;
#1929 = ORIENTED_EDGE ( 'NONE', *, *, #888, .F. ) ;
#1930 = DIRECTION ( 'NONE',  ( 0.000000000000000000, 1.000000000000000000, 0.000000000000000000 ) ) ;
#1931 = AXIS2_PLACEMENT_3D ( 'NONE', #684, #894, #2095 ) ;
#1932 = ORIENTED_EDGE ( 'NONE', *, *, #257, .T. ) ;
#1933 = DIRECTION ( 'NONE',  ( 0.000000000000000000, 0.000000000000000000, 1.000000000000000000 ) ) ;
#1934 = DIRECTION ( 'NONE',  ( -1.445602896647337339E-15, 0.000000000000000000, 1.000000000000000000 ) ) ;
#1935 =( GEOMETRIC_REPRESENTATION_CONTEXT ( 3 ) GLOBAL_UNCERTAINTY_ASSIGNED_CONTEXT ( ( #3014 ) ) GLOBAL_UNIT_ASSIGNED_CONTEXT ( ( #2860, #1097, #900 ) ) REPRESENTATION_CONTEXT ( 'NONE', 'WORKASPACE' ) );
#1936 = PLANE ( 'NONE',  #1841 ) ;
#1937 = AXIS2_PLACEMENT_3D ( 'NONE', #2207, #2775, #2966 ) ;
#1938 = DIRECTION ( 'NONE',  ( 0.000000000000000000, 0.000000000000000000, 1.000000000000000000 ) ) ;
#1939 = PLANE ( 'NONE',  #1687 ) ;
#1940 = CARTESIAN_POINT ( 'NONE',  ( 2.000000000000000000, 0.05000000000000000278, 1.350000000000000533 ) ) ;
#1941 = EDGE_CURVE ( 'NONE', #3032, #2191, #2204, .T. ) ;
#1942 = SURFACE_STYLE_FILL_AREA ( #675 ) ;
#1943 = ORIENTED_EDGE ( 'NONE', *, *, #2098, .F. ) ;
#1944 = CARTESIAN_POINT ( 'NONE',  ( -1.600000000000000311, 0.6520000000000003570, -0.2499999999999994726 ) ) ;
#1945 = EDGE_CURVE ( 'NONE', #483, #1349, #1171, .T. ) ;
#1946 = FACE_OUTER_BOUND ( 'NONE', #2402, .T. ) ;
#1947 = CARTESIAN_POINT ( 'NONE',  ( -1.550000000000000266, 0.5999999999999999778, -1.375000000000000444 ) ) ;
#1948 = FACE_OUTER_BOUND ( 'NONE', #2797, .T. ) ;
#1949 = VERTEX_POINT ( 'NONE', #2993 ) ;
#1950 = EDGE_CURVE ( 'NONE', #1227, #758, #1161, .T. ) ;
#1951 = DIRECTION ( 'NONE',  ( 0.000000000000000000, 0.000000000000000000, -1.000000000000000000 ) ) ;
#1952 = PLANE ( 'NONE',  #2767 ) ;
#1953 = LINE ( 'NONE', #633, #3044 ) ;
#1954 = VERTEX_POINT ( 'NONE', #1031 ) ;
#1955 = SURFACE_STYLE_USAGE ( .BOTH. , #2144 ) ;
#1956 = DIRECTION ( 'NONE',  ( 1.445602896647339163E-16, 0.000000000000000000, -1.000000000000000000 ) ) ;
#1957 = CARTESIAN_POINT ( 'NONE',  ( -1.600000000000000311, 0.1519999999999999962, 1.350000000000000755 ) ) ;
#1958 = CARTESIAN_POINT ( 'NONE',  ( 2.000000000000000000, 0.000000000000000000, -1.050000000000000044 ) ) ;
#1959 = COLOUR_RGB ( '',0.7921568627450980005, 0.8196078431372548767, 0.9333333333333333481 ) ;
#1960 = ADVANCED_FACE ( 'NONE', ( #136 ), #32, .F. ) ;
#1961 = CARTESIAN_POINT ( 'NONE',  ( 1.600000000000000089, 0.1519999999999999962, 1.050000000000000266 ) ) ;
#1962 = CARTESIAN_POINT ( 'NONE',  ( 0.000000000000000000, 0.05000000000000000278, -0.5499999999999998224 ) ) ;
#1963 = CARTESIAN_POINT ( 'NONE',  ( -1.600000000000000311, 0.1519999999999999962, 0.5500000000000005995 ) ) ;
#1964 = CARTESIAN_POINT ( 'NONE',  ( 2.000000000000000000, 0.1519999999999999962, -0.5499999999999998224 ) ) ;
#1965 = EDGE_LOOP ( 'NONE', ( #2391, #795, #339, #361 ) ) ;
#1966 = DIRECTION ( 'NONE',  ( -0.000000000000000000, -0.000000000000000000, 1.000000000000000000 ) ) ;
#1967 = STYLED_ITEM ( 'NONE', ( #1625 ), #1705 ) ;
#1968 = LINE ( 'NONE', #2951, #2998 ) ;
#1969 = EDGE_CURVE ( 'NONE', #859, #1765, #2230, .T. ) ;
#1970 = VERTEX_POINT ( 'NONE', #1764 ) ;
#1971 = DIRECTION ( 'NONE',  ( -1.000000000000000000, -0.000000000000000000, -0.000000000000000000 ) ) ;
#1972 = DIRECTION ( 'NONE',  ( 0.000000000000000000, 1.000000000000000000, 0.000000000000000000 ) ) ;
#1973 = ORIENTED_EDGE ( 'NONE', *, *, #754, .T. ) ;
#1974 = CARTESIAN_POINT ( 'NONE',  ( 2.000000000000000000, 0.05000000000000000278, -2.000000000000000000 ) ) ;
#1975 = CARTESIAN_POINT ( 'NONE',  ( -1.600000000000000311, 0.1519999999999999962, -1.049999999999999600 ) ) ;
#1976 = CARTESIAN_POINT ( 'NONE',  ( -1.600000000000000311, 0.1519999999999999962, -0.2499999999999994726 ) ) ;
#1977 = CARTESIAN_POINT ( 'NONE',  ( -5.963111948670303969E-16, 0.05000000000000000278, 0.5500000000000022649 ) ) ;
#1978 = VECTOR ( 'NONE', #2632, 1000.000000000000000 ) ;
#1979 = EDGE_CURVE ( 'NONE', #2191, #1265, #2213, .T. ) ;
#1980 = LINE ( 'NONE', #2991, #3031 ) ;
#1981 = ADVANCED_FACE ( 'NONE', ( #46 ), #342, .F. ) ;
#1982 =( LENGTH_UNIT ( ) NAMED_UNIT ( * ) SI_UNIT ( .MILLI., .METRE. ) );
#1983 = CARTESIAN_POINT ( 'NONE',  ( -2.000000000000000000, 0.1519999999999999962, -0.2499999999999998890 ) ) ;
#1984 = VERTEX_POINT ( 'NONE', #2770 ) ;
#1985 = CARTESIAN_POINT ( 'NONE',  ( 1.600000000000000311, 0.1519999999999999962, 1.350000000000000755 ) ) ;
#1986 = EDGE_CURVE ( 'NONE', #374, #1796, #1085, .T. ) ;
#1987 = VECTOR ( 'NONE', #1779, 1000.000000000000000 ) ;
#1988 = VERTEX_POINT ( 'NONE', #548 ) ;
#1989 = DIRECTION ( 'NONE',  ( -1.000000000000000000, 0.000000000000000000, -1.885568995626964287E-16 ) ) ;
#1990 = CARTESIAN_POINT ( 'NONE',  ( 2.000000000000000000, 0.05000000000000000278, -2.000000000000000000 ) ) ;
#1991 = DIRECTION ( 'NONE',  ( 1.000000000000000000, 0.000000000000000000, 0.000000000000000000 ) ) ;
#1992 =( GEOMETRIC_REPRESENTATION_CONTEXT ( 3 ) GLOBAL_UNCERTAINTY_ASSIGNED_CONTEXT ( ( #747 ) ) GLOBAL_UNIT_ASSIGNED_CONTEXT ( ( #2539, #791, #2793 ) ) REPRESENTATION_CONTEXT ( 'NONE', 'WORKASPACE' ) );
#1993 = FACE_OUTER_BOUND ( 'NONE', #435, .T. ) ;
#1994 = VERTEX_POINT ( 'NONE', #840 ) ;
#1995 = PRODUCT ( 'S25FL064LABNFI043', 'S25FL064LABNFI043', '', ( #2518 ) ) ;
#1996 = VERTEX_POINT ( 'NONE', #1300 ) ;
#1997 = DIRECTION ( 'NONE',  ( 1.000000000000000000, 0.000000000000000000, -1.084202172485505223E-15 ) ) ;
#1998 = DIRECTION ( 'NONE',  ( -1.000000000000000000, 0.000000000000000000, 0.000000000000000000 ) ) ;
#1999 = DIRECTION ( 'NONE',  ( -0.000000000000000000, -0.000000000000000000, 1.000000000000000000 ) ) ;
#2000 = ORIENTED_EDGE ( 'NONE', *, *, #2774, .T. ) ;
#2001 = CARTESIAN_POINT ( 'NONE',  ( 1.600000000000000311, 0.000000000000000000, 0.5500000000000005995 ) ) ;
#2002 = AXIS2_PLACEMENT_3D ( 'NONE', #2175, #501, #2438 ) ;
#2003 = EDGE_CURVE ( 'NONE', #1238, #126, #1134, .T. ) ;
#2004 = DIRECTION ( 'NONE',  ( -1.000000000000000000, 0.000000000000000000, -1.445602896647337339E-15 ) ) ;
#2005 = FACE_OUTER_BOUND ( 'NONE', #1917, .T. ) ;
#2006 = ADVANCED_FACE ( 'NONE', ( #1139 ), #990, .F. ) ;
#2007 = VERTEX_POINT ( 'NONE', #1272 ) ;
#2008 = CARTESIAN_POINT ( 'NONE',  ( -1.599999999999999867, 0.6520000000000003570, -0.5499999999999998224 ) ) ;
#2009 = CARTESIAN_POINT ( 'NONE',  ( 1.600000000000000311, 0.1519999999999999962, -1.049999999999999600 ) ) ;
#2010 = CARTESIAN_POINT ( 'NONE',  ( 1.600000000000000311, 0.1519999999999999962, -0.2499999999999994726 ) ) ;
#2011 = EDGE_CURVE ( 'NONE', #1354, #2007, #166, .T. ) ;
#2012 = PRESENTATION_STYLE_ASSIGNMENT (( #1407 ) ) ;
#2013 = ORIENTED_EDGE ( 'NONE', *, *, #1391, .T. ) ;
#2014 = FILL_AREA_STYLE ('',( #1032 ) ) ;
#2015 = CARTESIAN_POINT ( 'NONE',  ( 1.600000000000000089, 0.1519999999999999962, 1.050000000000000266 ) ) ;
#2016 = EDGE_CURVE ( 'NONE', #283, #1072, #2233, .T. ) ;
#2017 = LINE ( 'NONE', #2446, #3101 ) ;
#2018 = VERTEX_POINT ( 'NONE', #2010 ) ;
#2019 = EDGE_CURVE ( 'NONE', #2752, #2641, #1292, .T. ) ;
#2020 = CARTESIAN_POINT ( 'NONE',  ( -1.150000000000000355, 3.932211634287160695, 1.499999999999999112 ) ) ;
#2021 = DIRECTION ( 'NONE',  ( -1.000000000000000000, -0.000000000000000000, -0.000000000000000000 ) ) ;
#2022 = VECTOR ( 'NONE', #267, 1000.000000000000000 ) ;
#2023 = CARTESIAN_POINT ( 'NONE',  ( -2.000000000000000000, 0.05000000000000000278, -1.999999999999999112 ) ) ;
#2024 = VERTEX_POINT ( 'NONE', #2520 ) ;
#2025 = CARTESIAN_POINT ( 'NONE',  ( -1.599999999999999867, 0.1519999999999999962, -0.5499999999999998224 ) ) ;
#2026 = VECTOR ( 'NONE', #244, 1000.000000000000000 ) ;
#2027 = ORIENTED_EDGE ( 'NONE', *, *, #2253, .F. ) ;
#2028 = ORIENTED_EDGE ( 'NONE', *, *, #1728, .F. ) ;
#2029 = CARTESIAN_POINT ( 'NONE',  ( 1.600000000000000311, 0.04999999999999999584, -1.049999999999999600 ) ) ;
#2030 = DIRECTION ( 'NONE',  ( 0.000000000000000000, -1.000000000000000000, 0.000000000000000000 ) ) ;
#2031 = STYLED_ITEM ( 'NONE', ( #517 ), #3037 ) ;
#2032 = VECTOR ( 'NONE', #1612, 1000.000000000000000 ) ;
#2033 = ADVANCED_FACE ( 'NONE', ( #1237 ), #2783, .F. ) ;
#2034 = ORIENTED_EDGE ( 'NONE', *, *, #1246, .F. ) ;
#2035 = EDGE_LOOP ( 'NONE', ( #2061, #1115, #3107, #1046 ) ) ;
#2036 = DIRECTION ( 'NONE',  ( -0.000000000000000000, -1.000000000000000000, -0.000000000000000000 ) ) ;
#2037 = VECTOR ( 'NONE', #962, 1000.000000000000000 ) ;
#2038 = ORIENTED_EDGE ( 'NONE', *, *, #243, .F. ) ;
#2039 = DIRECTION ( 'NONE',  ( 0.000000000000000000, -1.000000000000000000, 0.000000000000000000 ) ) ;
#2040 = AXIS2_PLACEMENT_3D ( 'NONE', #551, #779, #1518 ) ;
#2041 = FACE_OUTER_BOUND ( 'NONE', #2910, .T. ) ;
#2042 = CARTESIAN_POINT ( 'NONE',  ( 2.000000000000000000, 0.5999999999999998668, -2.000000000000000000 ) ) ;
#2043 = PLANE ( 'NONE',  #686 ) ;
#2044 = ORIENTED_EDGE ( 'NONE', *, *, #975, .T. ) ;
#2045 = CARTESIAN_POINT ( 'NONE',  ( -2.000000000000000000, 0.000000000000000000, -0.5499999999999998224 ) ) ;
#2046 = EDGE_CURVE ( 'NONE', #2174, #2685, #2277, .T. ) ;
#2047 = ORIENTED_EDGE ( 'NONE', *, *, #998, .T. ) ;
#2048 = DIRECTION ( 'NONE',  ( -1.445602896647337339E-15, 0.000000000000000000, 1.000000000000000000 ) ) ;
#2049 = LINE ( 'NONE', #2554, #1055 ) ;
#2050 = ORIENTED_EDGE ( 'NONE', *, *, #2625, .T. ) ;
#2051 = VERTEX_POINT ( 'NONE', #1782 ) ;
#2052 = DIRECTION ( 'NONE',  ( 0.000000000000000000, -0.000000000000000000, 1.000000000000000000 ) ) ;
#2053 = EDGE_CURVE ( 'NONE', #3022, #368, #227, .T. ) ;
#2054 = DIRECTION ( 'NONE',  ( 0.000000000000000000, -1.000000000000000000, 0.000000000000000000 ) ) ;
#2055 = LINE ( 'NONE', #2633, #1045 ) ;
#2056 = ORIENTED_EDGE ( 'NONE', *, *, #3004, .F. ) ;
#2057 = EDGE_CURVE ( 'NONE', #1302, #423, #2239, .T. ) ;
#2058 = CARTESIAN_POINT ( 'NONE',  ( -1.600000000000000311, 0.1519999999999999962, 1.350000000000000755 ) ) ;
#2059 = VECTOR ( 'NONE', #2754, 1000.000000000000000 ) ;
#2060 = ADVANCED_FACE ( 'NONE', ( #2286 ), #1908, .F. ) ;
#2061 = ORIENTED_EDGE ( 'NONE', *, *, #1921, .F. ) ;
#2062 = ORIENTED_EDGE ( 'NONE', *, *, #1703, .F. ) ;
#2063 = DIRECTION ( 'NONE',  ( 0.000000000000000000, 1.000000000000000000, 0.000000000000000000 ) ) ;
#2064 = EDGE_CURVE ( 'NONE', #1196, #2338, #1279, .T. ) ;
#2065 = LINE ( 'NONE', #1472, #2104 ) ;
#2066 = DIRECTION ( 'NONE',  ( -0.000000000000000000, -1.000000000000000000, -0.000000000000000000 ) ) ;
#2067 = CARTESIAN_POINT ( 'NONE',  ( -1.600000000000000311, 0.1519999999999999962, 1.350000000000000755 ) ) ;
#2068 = ORIENTED_EDGE ( 'NONE', *, *, #326, .F. ) ;
#2069 = ORIENTED_EDGE ( 'NONE', *, *, #233, .F. ) ;
#2070 = LINE ( 'NONE', #1471, #9 ) ;
#2071 = CARTESIAN_POINT ( 'NONE',  ( 1.600000000000000311, 0.1519999999999999962, 0.5500000000000005995 ) ) ;
#2072 = AXIS2_PLACEMENT_3D ( 'NONE', #775, #800, #519 ) ;
#2073 = ORIENTED_EDGE ( 'NONE', *, *, #2440, .T. ) ;
#2074 = DIRECTION ( 'NONE',  ( 0.000000000000000000, 0.000000000000000000, 1.000000000000000000 ) ) ;
#2075 = CARTESIAN_POINT ( 'NONE',  ( 1.600000000000000311, 0.1519999999999999962, 1.350000000000000755 ) ) ;
#2076 = DIRECTION ( 'NONE',  ( 0.000000000000000000, -0.000000000000000000, 1.000000000000000000 ) ) ;
#2077 = VECTOR ( 'NONE', #1455, 1000.000000000000000 ) ;
#2078 = ORIENTED_EDGE ( 'NONE', *, *, #626, .T. ) ;
#2079 = MECHANICAL_DESIGN_GEOMETRIC_PRESENTATION_REPRESENTATION (  '', ( #2772 ), #2249 ) ;
#2080 = PLANE ( 'NONE',  #2216 ) ;
#2081 = AXIS2_PLACEMENT_3D ( 'NONE', #1944, #2185, #2454 ) ;
#2082 = CARTESIAN_POINT ( 'NONE',  ( -1.150000000000000133, 0.05000000000000000278, -1.662443331144440296E-16 ) ) ;
#2083 = FACE_OUTER_BOUND ( 'NONE', #1321, .T. ) ;
#2084 = ORIENTED_EDGE ( 'NONE', *, *, #1103, .F. ) ;
#2085 = VECTOR ( 'NONE', #829, 1000.000000000000000 ) ;
#2086 = ADVANCED_FACE ( 'NONE', ( #248 ), #2664, .T. ) ;
#2087 = ORIENTED_EDGE ( 'NONE', *, *, #1887, .F. ) ;
#2088 = DIRECTION ( 'NONE',  ( 1.000000000000000000, 0.000000000000000000, 0.000000000000000000 ) ) ;
#2089 = ADVANCED_FACE ( 'NONE', ( #2321 ), #153, .T. ) ;
#2090 = EDGE_CURVE ( 'NONE', #654, #2407, #145, .T. ) ;
#2091 = LINE ( 'NONE', #527, #2096 ) ;
#2092 = DIRECTION ( 'NONE',  ( -7.228014483236686695E-16, 0.000000000000000000, -1.000000000000000000 ) ) ;
#2093 = ORIENTED_EDGE ( 'NONE', *, *, #3004, .T. ) ;
#2094 = DIRECTION ( 'NONE',  ( -1.000000000000000000, 0.000000000000000000, -1.445602896647337536E-15 ) ) ;
#2095 = DIRECTION ( 'NONE',  ( 0.000000000000000000, 0.000000000000000000, 1.000000000000000000 ) ) ;
#2096 = VECTOR ( 'NONE', #1184, 1000.000000000000000 ) ;
#2097 = DIRECTION ( 'NONE',  ( 0.000000000000000000, 0.000000000000000000, 1.000000000000000000 ) ) ;
#2098 = EDGE_CURVE ( 'NONE', #56, #2007, #1307, .T. ) ;
#2099 = CARTESIAN_POINT ( 'NONE',  ( -1.600000000000000311, 0.6520000000000003570, -1.049999999999999600 ) ) ;
#2100 = FACE_OUTER_BOUND ( 'NONE', #2422, .T. ) ;
#2101 = EDGE_LOOP ( 'NONE', ( #2724, #1172, #2821, #1650 ) ) ;
#2102 = DIRECTION ( 'NONE',  ( -0.000000000000000000, 1.000000000000000000, 0.000000000000000000 ) ) ;
#2103 = CARTESIAN_POINT ( 'NONE',  ( 1.600000000000000311, 0.000000000000000000, 1.350000000000000755 ) ) ;
#2104 = VECTOR ( 'NONE', #1231, 1000.000000000000000 ) ;
#2105 = DIRECTION ( 'NONE',  ( 1.885568995626964287E-16, 0.000000000000000000, -1.000000000000000000 ) ) ;
#2106 = PLANE ( 'NONE',  #135 ) ;
#2107 = CARTESIAN_POINT ( 'NONE',  ( 2.000000000000000000, 0.04999999999999999584, -1.349999999999999867 ) ) ;
#2108 = CLOSED_SHELL ( 'NONE', ( #1502, #2306, #1859, #2607, #1833, #416 ) ) ;
#2109 = PLANE ( 'NONE',  #2474 ) ;
#2110 = VECTOR ( 'NONE', #1155, 1000.000000000000000 ) ;
#2111 = CARTESIAN_POINT ( 'NONE',  ( -2.000000000000000000, 0.1519999999999999962, 0.5500000000000001554 ) ) ;
#2112 = ORIENTED_EDGE ( 'NONE', *, *, #998, .F. ) ;
#2113 = ORIENTED_EDGE ( 'NONE', *, *, #108, .T. ) ;
#2114 = CARTESIAN_POINT ( 'NONE',  ( 1.600000000000000311, 0.04999999999999999584, -0.2499999999999994726 ) ) ;
#2115 = ADVANCED_FACE ( 'NONE', ( #1212 ), #2043, .F. ) ;
#2116 = AXIS2_PLACEMENT_3D ( 'NONE', #639, #1266, #851 ) ;
#2117 = LINE ( 'NONE', #3035, #15 ) ;
#2118 = ORIENTED_EDGE ( 'NONE', *, *, #1157, .F. ) ;
#2119 = EDGE_CURVE ( 'NONE', #1528, #1796, #2269, .T. ) ;
#2120 = DIRECTION ( 'NONE',  ( 0.000000000000000000, -0.000000000000000000, 1.000000000000000000 ) ) ;
#2121 = VECTOR ( 'NONE', #2723, 1000.000000000000000 ) ;
#2122 = ORIENTED_EDGE ( 'NONE', *, *, #957, .F. ) ;
#2123 = DIRECTION ( 'NONE',  ( 0.000000000000000000, -1.000000000000000000, 0.000000000000000000 ) ) ;
#2124 = CARTESIAN_POINT ( 'NONE',  ( -1.150000000000000355, 0.000000000000000000, 1.499999999999999112 ) ) ;
#2125 = UNCERTAINTY_MEASURE_WITH_UNIT (LENGTH_MEASURE( 1.000000000000000082E-05 ), #1982, 'distance_accuracy_value', 'NONE');
#2126 =( NAMED_UNIT ( * ) PLANE_ANGLE_UNIT ( ) SI_UNIT ( $, .RADIAN. ) );
#2127 = ORIENTED_EDGE ( 'NONE', *, *, #2405, .T. ) ;
#2128 = EDGE_CURVE ( 'NONE', #1791, #2820, #1313, .T. ) ;
#2129 = EDGE_CURVE ( 'NONE', #2209, #2872, #2354, .T. ) ;
#2130 = DIRECTION ( 'NONE',  ( 0.000000000000000000, 1.000000000000000000, 0.000000000000000000 ) ) ;
#2131 = SURFACE_STYLE_USAGE ( .BOTH. , #1640 ) ;
#2132 = EDGE_CURVE ( 'NONE', #504, #1293, #1195, .T. ) ;
#2133 = EDGE_LOOP ( 'NONE', ( #2878, #1432, #2945, #2920 ) ) ;
#2134 = DIRECTION ( 'NONE',  ( 1.000000000000000000, 0.000000000000000000, -7.228014483236686695E-16 ) ) ;
#2135 = ORIENTED_EDGE ( 'NONE', *, *, #3029, .F. ) ;
#2136 = CARTESIAN_POINT ( 'NONE',  ( 2.000000000000000000, 0.1519999999999999962, 0.5500000000000001554 ) ) ;
#2137 = AXIS2_PLACEMENT_3D ( 'NONE', #2800, #1834, #645 ) ;
#2138 = ORIENTED_EDGE ( 'NONE', *, *, #2150, .F. ) ;
#2139 = DIRECTION ( 'NONE',  ( 0.000000000000000000, 0.000000000000000000, 1.000000000000000000 ) ) ;
#2140 = CARTESIAN_POINT ( 'NONE',  ( 2.000000000000000000, 0.1519999999999999962, -1.050000000000000044 ) ) ;
#2141 = DIRECTION ( 'NONE',  ( -1.000000000000000000, 0.000000000000000000, -1.084202172485505026E-15 ) ) ;
#2142 = VERTEX_POINT ( 'NONE', #1608 ) ;
#2143 = CARTESIAN_POINT ( 'NONE',  ( 2.000000000000000000, 0.1519999999999999962, -0.5499999999999998224 ) ) ;
#2144 = SURFACE_SIDE_STYLE ('',( #1742 ) ) ;
#2145 = FACE_OUTER_BOUND ( 'NONE', #2416, .T. ) ;
#2146 = DIRECTION ( 'NONE',  ( 1.000000000000000000, 0.000000000000000000, -0.000000000000000000 ) ) ;
#2147 = ORIENTED_EDGE ( 'NONE', *, *, #1851, .T. ) ;
#2148 = AXIS2_PLACEMENT_3D ( 'NONE', #213, #3055, #857 ) ;
#2149 = CARTESIAN_POINT ( 'NONE',  ( 1.149999999999999911, 0.000000000000000000, -1.500000000000000444 ) ) ;
#2150 = EDGE_CURVE ( 'NONE', #1293, #168, #1200, .T. ) ;
#2151 = VECTOR ( 'NONE', #3039, 1000.000000000000000 ) ;
#2152 = ORIENTED_EDGE ( 'NONE', *, *, #2880, .T. ) ;
#2153 = CARTESIAN_POINT ( 'NONE',  ( 0.000000000000000000, 0.1519999999999999962, 1.600000000000000089 ) ) ;
#2154 = ORIENTED_EDGE ( 'NONE', *, *, #1857, .F. ) ;
#2155 = FACE_OUTER_BOUND ( 'NONE', #2894, .T. ) ;
#2156 = ORIENTED_EDGE ( 'NONE', *, *, #3029, .T. ) ;
#2157 = ORIENTED_EDGE ( 'NONE', *, *, #1201, .T. ) ;
#2158 = FACE_OUTER_BOUND ( 'NONE', #1385, .T. ) ;
#2159 = CARTESIAN_POINT ( 'NONE',  ( 2.000000000000000000, 0.1519999999999999962, 0.2500000000000002220 ) ) ;
#2160 = CARTESIAN_POINT ( 'NONE',  ( -2.000000000000000000, 0.6520000000000003570, -1.050000000000000044 ) ) ;
#2161 = CARTESIAN_POINT ( 'NONE',  ( 2.000000000000000000, 0.6520000000000003570, -1.050000000000000044 ) ) ;
#2162 = EDGE_CURVE ( 'NONE', #1843, #1344, #2250, .T. ) ;
#2163 = SURFACE_SIDE_STYLE ('',( #2855 ) ) ;
#2164 = CARTESIAN_POINT ( 'NONE',  ( 1.600000000000000311, 0.6520000000000003570, -1.049999999999999600 ) ) ;
#2165 = LINE ( 'NONE', #1011, #100 ) ;
#2166 = ORIENTED_EDGE ( 'NONE', *, *, #2543, .T. ) ;
#2167 = ADVANCED_FACE ( 'NONE', ( #2254 ), #1583, .T. ) ;
#2168 = CARTESIAN_POINT ( 'NONE',  ( 2.000000000000000000, 0.000000000000000000, 0.2500000000000002220 ) ) ;
#2169 = VECTOR ( 'NONE', #1991, 1000.000000000000000 ) ;
#2170 = ORIENTED_EDGE ( 'NONE', *, *, #537, .T. ) ;
#2171 = ORIENTED_EDGE ( 'NONE', *, *, #284, .F. ) ;
#2172 = DIRECTION ( 'NONE',  ( 0.000000000000000000, 0.000000000000000000, -1.000000000000000000 ) ) ;
#2173 = VECTOR ( 'NONE', #2976, 1000.000000000000000 ) ;
#2174 = VERTEX_POINT ( 'NONE', #1793 ) ;
#2175 = CARTESIAN_POINT ( 'NONE',  ( 1.600000000000000089, 0.6520000000000003570, -1.349999999999999867 ) ) ;
#2176 = VERTEX_POINT ( 'NONE', #1504 ) ;
#2177 = FACE_OUTER_BOUND ( 'NONE', #1213, .T. ) ;
#2178 = CARTESIAN_POINT ( 'NONE',  ( -2.000000000000000000, 0.5999999999999998668, -1.999999999999999112 ) ) ;
#2179 = CARTESIAN_POINT ( 'NONE',  ( 0.000000000000000000, 0.1519999999999999962, 1.600000000000000089 ) ) ;
#2180 = VERTEX_POINT ( 'NONE', #356 ) ;
#2181 = EDGE_CURVE ( 'NONE', #2024, #1954, #2308, .T. ) ;
#2182 = VECTOR ( 'NONE', #1718, 1000.000000000000000 ) ;
#2183 = ORIENTED_EDGE ( 'NONE', *, *, #2181, .T. ) ;
#2184 = DIRECTION ( 'NONE',  ( 1.000000000000000000, 0.000000000000000000, 0.000000000000000000 ) ) ;
#2185 = DIRECTION ( 'NONE',  ( -1.000000000000000000, 0.000000000000000000, -1.445602896647337536E-15 ) ) ;
#2186 = EDGE_CURVE ( 'NONE', #2180, #472, #2262, .T. ) ;
#2187 = DIRECTION ( 'NONE',  ( -0.000000000000000000, -1.000000000000000000, -0.000000000000000000 ) ) ;
#2188 = CARTESIAN_POINT ( 'NONE',  ( -1.150000000000000355, 3.932211634287160695, 1.499999999999999112 ) ) ;
#2189 = DIRECTION ( 'NONE',  ( -0.000000000000000000, -1.000000000000000000, -0.000000000000000000 ) ) ;
#2190 = LINE ( 'NONE', #2865, #51 ) ;
#2191 = VERTEX_POINT ( 'NONE', #833 ) ;
#2192 = EDGE_CURVE ( 'NONE', #2242, #2180, #1287, .T. ) ;
#2193 = FACE_OUTER_BOUND ( 'NONE', #2463, .T. ) ;
#2194 = DIRECTION ( 'NONE',  ( 0.000000000000000000, 0.000000000000000000, 1.000000000000000000 ) ) ;
#2195 = DIRECTION ( 'NONE',  ( 7.228014483236687681E-16, -0.000000000000000000, 1.000000000000000000 ) ) ;
#2196 = EDGE_LOOP ( 'NONE', ( #1025, #1699, #2630, #1041 ) ) ;
#2197 = DIRECTION ( 'NONE',  ( 0.000000000000000000, -0.000000000000000000, 1.000000000000000000 ) ) ;
#2198 = DIRECTION ( 'NONE',  ( -0.000000000000000000, -0.000000000000000000, -1.000000000000000000 ) ) ;
#2199 = LINE ( 'NONE', #381, #1166 ) ;
#2200 = CARTESIAN_POINT ( 'NONE',  ( -1.599999999999999867, 0.1519999999999999962, 1.050000000000000266 ) ) ;
#2201 = DIRECTION ( 'NONE',  ( -1.000000000000000000, 0.000000000000000000, -1.084202172485505223E-15 ) ) ;
#2202 = ORIENTED_EDGE ( 'NONE', *, *, #532, .F. ) ;
#2203 = CARTESIAN_POINT ( 'NONE',  ( 2.000000000000000000, 0.1519999999999999962, -1.050000000000000044 ) ) ;
#2204 = LINE ( 'NONE', #2954, #112 ) ;
#2205 = ORIENTED_EDGE ( 'NONE', *, *, #1729, .T. ) ;
#2206 = AXIS2_PLACEMENT_3D ( 'NONE', #538, #1264, #1316 ) ;
#2207 = CARTESIAN_POINT ( 'NONE',  ( 0.000000000000000000, 0.1519999999999999962, 2.400000000000000355 ) ) ;
#2208 = CARTESIAN_POINT ( 'NONE',  ( -2.000000000000000000, 0.1519999999999999962, 0.2500000000000002220 ) ) ;
#2209 = VERTEX_POINT ( 'NONE', #2023 ) ;
#2210 = CARTESIAN_POINT ( 'NONE',  ( 2.000000000000000000, 0.1519999999999999962, -0.2499999999999998890 ) ) ;
#2211 = CARTESIAN_POINT ( 'NONE',  ( 1.600000000000000089, 0.6520000000000003570, -0.5499999999999998224 ) ) ;
#2212 = PLANE ( 'NONE',  #2893 ) ;
#2213 = LINE ( 'NONE', #1836, #2169 ) ;
#2214 = PRESENTATION_LAYER_ASSIGNMENT (  '', '', ( #1967 ) ) ;
#2215 = ORIENTED_EDGE ( 'NONE', *, *, #3063, .T. ) ;
#2216 = AXIS2_PLACEMENT_3D ( 'NONE', #1821, #2309, #2602 ) ;
#2217 = VECTOR ( 'NONE', #1325, 1000.000000000000000 ) ;
#2218 = CARTESIAN_POINT ( 'NONE',  ( -1.599999999999999867, 0.1519999999999999962, 1.050000000000000266 ) ) ;
#2219 = EDGE_LOOP ( 'NONE', ( #2442, #179, #2434, #1401 ) ) ;
#2220 = ORIENTED_EDGE ( 'NONE', *, *, #2119, .T. ) ;
#2221 = ADVANCED_FACE ( 'NONE', ( #1219 ), #333, .F. ) ;
#2222 = CARTESIAN_POINT ( 'NONE',  ( 2.000000000000000000, 0.1519999999999999962, 1.050000000000000266 ) ) ;
#2223 = ORIENTED_EDGE ( 'NONE', *, *, #1381, .F. ) ;
#2224 = FACE_OUTER_BOUND ( 'NONE', #801, .T. ) ;
#2225 = EDGE_CURVE ( 'NONE', #865, #365, #2325, .T. ) ;
#2226 = CARTESIAN_POINT ( 'NONE',  ( 1.600000000000000089, 0.6520000000000003570, -0.5499999999999998224 ) ) ;
#2227 = CARTESIAN_POINT ( 'NONE',  ( 1.600000000000000089, 0.000000000000000000, 0.2500000000000002220 ) ) ;
#2228 = ORIENTED_EDGE ( 'NONE', *, *, #193, .T. ) ;
#2229 = CARTESIAN_POINT ( 'NONE',  ( -2.000000000000000000, 0.1519999999999999962, -1.349999999999999867 ) ) ;
#2230 = LINE ( 'NONE', #2494, #2173 ) ;
#2231 = ORIENTED_EDGE ( 'NONE', *, *, #2661, .T. ) ;
#2232 = EDGE_CURVE ( 'NONE', #1499, #1617, #194, .T. ) ;
#2233 = LINE ( 'NONE', #803, #1301 ) ;
#2234 =( LENGTH_UNIT ( ) NAMED_UNIT ( * ) SI_UNIT ( .MILLI., .METRE. ) );
#2235 = CARTESIAN_POINT ( 'NONE',  ( -1.550000000000000266, 0.5999999999999999778, -1.550000000000000266 ) ) ;
#2236 = ORIENTED_EDGE ( 'NONE', *, *, #3103, .F. ) ;
#2237 = CARTESIAN_POINT ( 'NONE',  ( -1.150000000000000355, 0.1520000000000002183, 1.499999999999999112 ) ) ;
#2238 = VERTEX_POINT ( 'NONE', #2946 ) ;
#2239 = LINE ( 'NONE', #928, #2296 ) ;
#2240 = DIRECTION ( 'NONE',  ( 1.000000000000000000, 0.000000000000000000, 1.885568995626964287E-16 ) ) ;
#2241 = DIRECTION ( 'NONE',  ( -1.000000000000000000, -0.000000000000000000, -0.000000000000000000 ) ) ;
#2242 = VERTEX_POINT ( 'NONE', #2229 ) ;
#2243 = ADVANCED_FACE ( 'NONE', ( #214 ), #1532, .F. ) ;
#2244 = DIRECTION ( 'NONE',  ( -0.000000000000000000, -1.000000000000000000, -0.000000000000000000 ) ) ;
#2245 = ORIENTED_EDGE ( 'NONE', *, *, #1176, .F. ) ;
#2246 = CARTESIAN_POINT ( 'NONE',  ( 0.000000000000000000, 0.1519999999999999962, 0.000000000000000000 ) ) ;
#2247 = UNCERTAINTY_MEASURE_WITH_UNIT (LENGTH_MEASURE( 1.000000000000000082E-05 ), #1700, 'distance_accuracy_value', 'NONE');
#2248 = FILL_AREA_STYLE ('',( #1291 ) ) ;
#2249 =( GEOMETRIC_REPRESENTATION_CONTEXT ( 3 ) GLOBAL_UNCERTAINTY_ASSIGNED_CONTEXT ( ( #3109 ) ) GLOBAL_UNIT_ASSIGNED_CONTEXT ( ( #1335, #1648, #2877 ) ) REPRESENTATION_CONTEXT ( 'NONE', 'WORKASPACE' ) );
#2250 = LINE ( 'NONE', #1964, #160 ) ;
#2251 = EDGE_LOOP ( 'NONE', ( #881, #449, #3052, #1021 ) ) ;
#2252 = ORIENTED_EDGE ( 'NONE', *, *, #700, .F. ) ;
#2253 = EDGE_CURVE ( 'NONE', #1136, #1869, #177, .T. ) ;
#2254 = FACE_OUTER_BOUND ( 'NONE', #1122, .T. ) ;
#2255 = APPLICATION_CONTEXT ( 'automotive_design' ) ;
#2256 = PLANE ( 'NONE',  #385 ) ;
#2257 = VERTEX_POINT ( 'NONE', #2763 ) ;
#2258 = CARTESIAN_POINT ( 'NONE',  ( -2.710505431213738405E-16, 0.05000000000000000278, -0.2499999999999977240 ) ) ;
#2259 = ORIENTED_EDGE ( 'NONE', *, *, #1910, .F. ) ;
#2260 = EDGE_CURVE ( 'NONE', #1344, #2705, #1225, .T. ) ;
#2261 = MANIFOLD_SOLID_BREP ( 'Chamfer3', #875 ) ;
#2262 = LINE ( 'NONE', #1560, #208 ) ;
#2263 = CARTESIAN_POINT ( 'NONE',  ( -1.600000000000000311, 0.1519999999999999962, -0.2499999999999994726 ) ) ;
#2264 = ORIENTED_EDGE ( 'NONE', *, *, #799, .T. ) ;
#2265 = ORIENTED_EDGE ( 'NONE', *, *, #178, .T. ) ;
#2266 = DIRECTION ( 'NONE',  ( -0.000000000000000000, -1.000000000000000000, -0.000000000000000000 ) ) ;
#2267 = EDGE_CURVE ( 'NONE', #79, #465, #1360, .T. ) ;
#2268 = EDGE_CURVE ( 'NONE', #507, #2820, #2393, .T. ) ;
#2269 = LINE ( 'NONE', #43, #256 ) ;
#2270 = EDGE_LOOP ( 'NONE', ( #234, #261, #329, #2264 ) ) ;
#2271 = CARTESIAN_POINT ( 'NONE',  ( 1.149999999999999911, 3.932211634287160695, -1.500000000000000444 ) ) ;
#2272 = DIRECTION ( 'NONE',  ( 0.000000000000000000, -1.000000000000000000, 0.000000000000000000 ) ) ;
#2273 = ORIENTED_EDGE ( 'NONE', *, *, #2841, .F. ) ;
#2274 = ADVANCED_FACE ( 'NONE', ( #1373 ), #2106, .F. ) ;
#2275 = DIRECTION ( 'NONE',  ( 0.000000000000000000, 0.000000000000000000, 1.000000000000000000 ) ) ;
#2276 =( NAMED_UNIT ( * ) PLANE_ANGLE_UNIT ( ) SI_UNIT ( $, .RADIAN. ) );
#2277 = LINE ( 'NONE', #2258, #1207 ) ;
#2278 = EDGE_CURVE ( 'NONE', #1843, #10, #344, .T. ) ;
#2279 = ADVANCED_FACE ( 'NONE', ( #271 ), #1901, .T. ) ;
#2280 = ORIENTED_EDGE ( 'NONE', *, *, #2866, .T. ) ;
#2281 = ORIENTED_EDGE ( 'NONE', *, *, #2787, .T. ) ;
#2282 = CARTESIAN_POINT ( 'NONE',  ( -1.600000000000000311, 0.1519999999999999962, 0.5500000000000005995 ) ) ;
#2283 = DIRECTION ( 'NONE',  ( -1.000000000000000000, 0.000000000000000000, -1.084202172485505026E-15 ) ) ;
#2284 = AXIS2_PLACEMENT_3D ( 'NONE', #250, #2740, #2985 ) ;
#2285 = ORIENTED_EDGE ( 'NONE', *, *, #963, .T. ) ;
#2286 = FACE_OUTER_BOUND ( 'NONE', #1512, .T. ) ;
#2287 = ORIENTED_EDGE ( 'NONE', *, *, #2818, .F. ) ;
#2288 = ORIENTED_EDGE ( 'NONE', *, *, #678, .T. ) ;
#2289 = ORIENTED_EDGE ( 'NONE', *, *, #2975, .T. ) ;
#2290 = DIRECTION ( 'NONE',  ( 0.000000000000000000, 0.000000000000000000, 1.000000000000000000 ) ) ;
#2291 = ORIENTED_EDGE ( 'NONE', *, *, #3131, .F. ) ;
#2292 = PRESENTATION_LAYER_ASSIGNMENT (  '', '', ( #3092 ) ) ;
#2293 = PLANE ( 'NONE',  #1544 ) ;
#2294 = CARTESIAN_POINT ( 'NONE',  ( 1.600000000000000311, 0.1519999999999999962, -0.2499999999999994726 ) ) ;
#2295 = SURFACE_STYLE_USAGE ( .BOTH. , #681 ) ;
#2296 = VECTOR ( 'NONE', #1448, 1000.000000000000000 ) ;
#2297 = EDGE_CURVE ( 'NONE', #507, #451, #2467, .T. ) ;
#2298 = VERTEX_POINT ( 'NONE', #1632 ) ;
#2299 = ORIENTED_EDGE ( 'NONE', *, *, #70, .T. ) ;
#2300 = ADVANCED_FACE ( 'NONE', ( #1326 ), #3113, .T. ) ;
#2301 = CARTESIAN_POINT ( 'NONE',  ( -1.599999999999999867, 0.000000000000000000, 1.050000000000000266 ) ) ;
#2302 = VECTOR ( 'NONE', #2742, 1000.000000000000000 ) ;
#2303 = APPLICATION_PROTOCOL_DEFINITION ( 'draft international standard', 'automotive_design', 1998, #874 ) ;
#2304 = CARTESIAN_POINT ( 'NONE',  ( -1.550000000000000266, 0.5999999999999999778, -1.550000000000000266 ) ) ;
#2305 = EDGE_CURVE ( 'NONE', #272, #1302, #313, .T. ) ;
#2306 = ADVANCED_FACE ( 'NONE', ( #2370 ), #1415, .F. ) ;
#2307 = ORIENTED_EDGE ( 'NONE', *, *, #1563, .T. ) ;
#2308 = LINE ( 'NONE', #380, #220 ) ;
#2309 = DIRECTION ( 'NONE',  ( -1.000000000000000000, 0.000000000000000000, 0.000000000000000000 ) ) ;
#2310 = FACE_OUTER_BOUND ( 'NONE', #2626, .T. ) ;
#2311 = VERTEX_POINT ( 'NONE', #2827 ) ;
#2312 = EDGE_CURVE ( 'NONE', #1996, #2238, #386, .T. ) ;
#2313 = PLANE ( 'NONE',  #883 ) ;
#2314 = COLOUR_RGB ( '',0.7921568627450980005, 0.8196078431372548767, 0.9333333333333333481 ) ;
#2315 = EDGE_LOOP ( 'NONE', ( #2069, #1479, #2087, #1598 ) ) ;
#2316 = LINE ( 'NONE', #3027, #2428 ) ;
#2317 = DIRECTION ( 'NONE',  ( 0.000000000000000000, -1.000000000000000000, 0.000000000000000000 ) ) ;
#2318 = ORIENTED_EDGE ( 'NONE', *, *, #2787, .F. ) ;
#2319 = DIRECTION ( 'NONE',  ( -0.000000000000000000, -0.000000000000000000, 1.000000000000000000 ) ) ;
#2320 = DIRECTION ( 'NONE',  ( 0.000000000000000000, 0.000000000000000000, -1.000000000000000000 ) ) ;
#2321 = FACE_OUTER_BOUND ( 'NONE', #2315, .T. ) ;
#2322 = ORIENTED_EDGE ( 'NONE', *, *, #2627, .T. ) ;
#2323 = FACE_OUTER_BOUND ( 'NONE', #2898, .T. ) ;
#2324 = ORIENTED_EDGE ( 'NONE', *, *, #2260, .T. ) ;
#2325 = LINE ( 'NONE', #1239, #1260 ) ;
#2326 = VERTEX_POINT ( 'NONE', #500 ) ;
#2327 = CARTESIAN_POINT ( 'NONE',  ( 1.149999999999999467, 3.932211634287160695, 1.499999999999999556 ) ) ;
#2328 = SURFACE_STYLE_FILL_AREA ( #355 ) ;
#2329 = ORIENTED_EDGE ( 'NONE', *, *, #2750, .F. ) ;
#2330 = AXIS2_PLACEMENT_3D ( 'NONE', #2851, #892, #175 ) ;
#2331 = DIRECTION ( 'NONE',  ( 0.000000000000000000, 0.000000000000000000, -1.000000000000000000 ) ) ;
#2332 = ADVANCED_FACE ( 'NONE', ( #373 ), #937, .F. ) ;
#2333 = LINE ( 'NONE', #2596, #2357 ) ;
#2334 = ORIENTED_EDGE ( 'NONE', *, *, #108, .F. ) ;
#2335 = PRESENTATION_LAYER_ASSIGNMENT (  '', '', ( #1557 ) ) ;
#2336 = VECTOR ( 'NONE', #260, 1000.000000000000000 ) ;
#2337 = PRESENTATION_LAYER_ASSIGNMENT (  '', '', ( #400 ) ) ;
#2338 = VERTEX_POINT ( 'NONE', #2067 ) ;
#2339 = LINE ( 'NONE', #2042, #1274 ) ;
#2340 = DIRECTION ( 'NONE',  ( 0.000000000000000000, 1.000000000000000000, 0.000000000000000000 ) ) ;
#2341 = VERTEX_POINT ( 'NONE', #1717 ) ;
#2342 = EDGE_CURVE ( 'NONE', #2018, #474, #1320, .T. ) ;
#2343 = DIRECTION ( 'NONE',  ( 1.000000000000000000, -0.000000000000000000, 0.000000000000000000 ) ) ;
#2344 = DIRECTION ( 'NONE',  ( 0.000000000000000000, -1.000000000000000000, 0.000000000000000000 ) ) ;
#2345 = VECTOR ( 'NONE', #572, 1000.000000000000000 ) ;
#2346 = ORIENTED_EDGE ( 'NONE', *, *, #2431, .F. ) ;
#2347 = ORIENTED_EDGE ( 'NONE', *, *, #2132, .F. ) ;
#2348 = EDGE_CURVE ( 'NONE', #1988, #1168, #1429, .T. ) ;
#2349 = CARTESIAN_POINT ( 'NONE',  ( -1.600000000000000311, 0.000000000000000000, 0.5500000000000005995 ) ) ;
#2350 = VECTOR ( 'NONE', #2621, 1000.000000000000000 ) ;
#2351 = CARTESIAN_POINT ( 'NONE',  ( 2.000000000000000000, 0.05000000000000000278, -1.050000000000000044 ) ) ;
#2352 = ORIENTED_EDGE ( 'NONE', *, *, #371, .F. ) ;
#2353 = ORIENTED_EDGE ( 'NONE', *, *, #2232, .F. ) ;
#2354 = LINE ( 'NONE', #1759, #200 ) ;
#2355 = EDGE_CURVE ( 'NONE', #2667, #509, #325, .T. ) ;
#2356 = EDGE_LOOP ( 'NONE', ( #2929, #2273, #2868, #2156 ) ) ;
#2357 = VECTOR ( 'NONE', #2776, 1000.000000000000000 ) ;
#2358 = VERTEX_POINT ( 'NONE', #1867 ) ;
#2359 = DIRECTION ( 'NONE',  ( -0.000000000000000000, 1.000000000000000000, -0.000000000000000000 ) ) ;
#2360 = FACE_OUTER_BOUND ( 'NONE', #2573, .T. ) ;
#2361 = ADVANCED_FACE ( 'NONE', ( #2452 ), #2844, .F. ) ;
#2362 = VERTEX_POINT ( 'NONE', #1245 ) ;
#2363 = EDGE_CURVE ( 'NONE', #2358, #1202, #379, .T. ) ;
#2364 = CARTESIAN_POINT ( 'NONE',  ( 2.000000000000000000, 0.000000000000000000, 0.5500000000000001554 ) ) ;
#2365 = DIRECTION ( 'NONE',  ( -0.000000000000000000, -0.000000000000000000, 1.000000000000000000 ) ) ;
#2366 = ORIENTED_EDGE ( 'NONE', *, *, #2057, .T. ) ;
#2367 = CARTESIAN_POINT ( 'NONE',  ( -0.8499999999999987566, 0.000000000000000000, -1.500000000000000888 ) ) ;
#2368 = DIRECTION ( 'NONE',  ( -0.000000000000000000, -1.000000000000000000, -0.000000000000000000 ) ) ;
#2369 = PLANE ( 'NONE',  #1839 ) ;
#2370 = FACE_OUTER_BOUND ( 'NONE', #409, .T. ) ;
#2371 = VERTEX_POINT ( 'NONE', #968 ) ;
#2372 = AXIS2_PLACEMENT_3D ( 'NONE', #2459, #814, #2761 ) ;
#2373 = ORIENTED_EDGE ( 'NONE', *, *, #1570, .F. ) ;
#2374 = FACE_OUTER_BOUND ( 'NONE', #2462, .T. ) ;
#2375 = DIRECTION ( 'NONE',  ( 0.000000000000000000, 0.000000000000000000, 1.000000000000000000 ) ) ;
#2376 = EDGE_LOOP ( 'NONE', ( #337, #2957, #2455, #1351 ) ) ;
#2377 = VECTOR ( 'NONE', #1130, 1000.000000000000000 ) ;
#2378 = EDGE_LOOP ( 'NONE', ( #2606, #1473, #2013, #905 ) ) ;
#2379 = AXIS2_PLACEMENT_3D ( 'NONE', #1489, #2637, #2897 ) ;
#2380 = VECTOR ( 'NONE', #127, 1000.000000000000000 ) ;
#2381 = AXIS2_PLACEMENT_3D ( 'NONE', #2980, #604, #1858 ) ;
#2382 = CARTESIAN_POINT ( 'NONE',  ( -1.599999999999999867, 0.1519999999999999962, -0.5499999999999998224 ) ) ;
#2383 = EDGE_LOOP ( 'NONE', ( #2475, #1905, #335, #1357 ) ) ;
#2384 = LINE ( 'NONE', #3061, #236 ) ;
#2385 = ORIENTED_EDGE ( 'NONE', *, *, #1017, .F. ) ;
#2386 = PLANE ( 'NONE',  #617 ) ;
#2387 = LINE ( 'NONE', #1029, #1334 ) ;
#2388 = EDGE_CURVE ( 'NONE', #807, #2566, #279, .T. ) ;
#2389 = CLOSED_SHELL ( 'NONE', ( #2608, #582, #1263, #614, #2243, #3096 ) ) ;
#2390 = DIRECTION ( 'NONE',  ( -7.228014483236686695E-16, 0.000000000000000000, -1.000000000000000000 ) ) ;
#2391 = ORIENTED_EDGE ( 'NONE', *, *, #1436, .F. ) ;
#2392 = CARTESIAN_POINT ( 'NONE',  ( -2.000000000000000000, 0.1519999999999999962, 0.5500000000000001554 ) ) ;
#2393 = LINE ( 'NONE', #869, #366 ) ;
#2394 = VERTEX_POINT ( 'NONE', #1513 ) ;
#2395 = LINE ( 'NONE', #1372, #288 ) ;
#2396 = EDGE_CURVE ( 'NONE', #1417, #630, #1416, .T. ) ;
#2397 = EDGE_LOOP ( 'NONE', ( #1435, #1000, #433, #1457 ) ) ;
#2398 = DIRECTION ( 'NONE',  ( 1.000000000000000000, 0.000000000000000000, -7.228014483236686695E-16 ) ) ;
#2399 = CARTESIAN_POINT ( 'NONE',  ( -1.600000000000000311, 0.1519999999999999962, -1.049999999999999600 ) ) ;
#2400 = VECTOR ( 'NONE', #1179, 1000.000000000000000 ) ;
#2401 = PLANE ( 'NONE',  #1715 ) ;
#2402 = EDGE_LOOP ( 'NONE', ( #1108, #192, #1815, #741, #218, #246, #34, #1192, #767, #2853, #659, #62, #2299, #2265, #2334, #745, #1749, #1249, #1220, #2285 ) ) ;
#2403 = FACE_OUTER_BOUND ( 'NONE', #2757, .T. ) ;
#2404 = EDGE_LOOP ( 'NONE', ( #2038, #2610, #2000, #2593 ) ) ;
#2405 = EDGE_CURVE ( 'NONE', #490, #1994, #2461, .T. ) ;
#2406 = VECTOR ( 'NONE', #2769, 1000.000000000000000 ) ;
#2407 = VERTEX_POINT ( 'NONE', #2974 ) ;
#2408 = LINE ( 'NONE', #1214, #328 ) ;
#2409 = ORIENTED_EDGE ( 'NONE', *, *, #1874, .T. ) ;
#2410 = DIRECTION ( 'NONE',  ( 0.000000000000000000, 0.000000000000000000, 1.000000000000000000 ) ) ;
#2411 = VECTOR ( 'NONE', #190, 1000.000000000000000 ) ;
#2412 = ORIENTED_EDGE ( 'NONE', *, *, #1777, .T. ) ;
#2413 = ORIENTED_EDGE ( 'NONE', *, *, #2655, .T. ) ;
#2414 = CARTESIAN_POINT ( 'NONE',  ( -1.600000000000000311, 0.1519999999999999962, 1.350000000000000755 ) ) ;
#2415 = VECTOR ( 'NONE', #680, 1000.000000000000000 ) ;
#2416 = EDGE_LOOP ( 'NONE', ( #2228, #1178, #1131, #1001 ) ) ;
#2417 = ORIENTED_EDGE ( 'NONE', *, *, #1027, .T. ) ;
#2418 = CARTESIAN_POINT ( 'NONE',  ( -2.000000000000000000, 0.000000000000000000, 0.5500000000000001554 ) ) ;
#2419 = VECTOR ( 'NONE', #455, 1000.000000000000000 ) ;
#2420 = AXIS2_PLACEMENT_3D ( 'NONE', #753, #1480, #1741 ) ;
#2421 = DIRECTION ( 'NONE',  ( -7.228014483236687681E-16, 0.000000000000000000, -1.000000000000000000 ) ) ;
#2422 = EDGE_LOOP ( 'NONE', ( #1257, #1204, #84, #773 ) ) ;
#2423 = ORIENTED_EDGE ( 'NONE', *, *, #2866, .F. ) ;
#2424 = EDGE_CURVE ( 'NONE', #2522, #2984, #1434, .T. ) ;
#2425 = VECTOR ( 'NONE', #340, 1000.000000000000000 ) ;
#2426 = PLANE ( 'NONE',  #2523 ) ;
#2427 = ORIENTED_EDGE ( 'NONE', *, *, #1777, .F. ) ;
#2428 = VECTOR ( 'NONE', #362, 1000.000000000000000 ) ;
#2429 = EDGE_LOOP ( 'NONE', ( #3129, #574 ) ) ;
#2430 = CARTESIAN_POINT ( 'NONE',  ( -1.599999999999999867, 0.1519999999999999962, 1.050000000000000266 ) ) ;
#2431 = EDGE_CURVE ( 'NONE', #168, #319, #332, .T. ) ;
#2432 = EDGE_LOOP ( 'NONE', ( #550, #180, #725, #2202 ) ) ;
#2433 = LINE ( 'NONE', #2613, #1481 ) ;
#2434 = ORIENTED_EDGE ( 'NONE', *, *, #2811, .T. ) ;
#2435 = PLANE ( 'NONE',  #1804 ) ;
#2436 = DIRECTION ( 'NONE',  ( -1.885568995626964287E-16, 0.000000000000000000, 1.000000000000000000 ) ) ;
#2437 = EDGE_CURVE ( 'NONE', #1079, #504, #1378, .T. ) ;
#2438 = DIRECTION ( 'NONE',  ( 1.000000000000000000, 0.000000000000000000, -0.000000000000000000 ) ) ;
#2439 = LINE ( 'NONE', #69, #298 ) ;
#2440 = EDGE_CURVE ( 'NONE', #384, #168, #2387, .T. ) ;
#2441 = ORIENTED_EDGE ( 'NONE', *, *, #1422, .T. ) ;
#2442 = ORIENTED_EDGE ( 'NONE', *, *, #734, .F. ) ;
#2443 = ADVANCED_FACE ( 'NONE', ( #2374 ), #1542, .F. ) ;
#2444 = PLANE ( 'NONE',  #2040 ) ;
#2445 = DIRECTION ( 'NONE',  ( -0.000000000000000000, -1.000000000000000000, -0.000000000000000000 ) ) ;
#2446 = CARTESIAN_POINT ( 'NONE',  ( -1.600000000000000311, 0.1519999999999999962, -1.049999999999999600 ) ) ;
#2447 = COLOUR_RGB ( '',0.7921568627450980005, 0.8196078431372548767, 0.9333333333333333481 ) ;
#2448 = CARTESIAN_POINT ( 'NONE',  ( 2.000000000000000000, 0.1519999999999999962, -1.349999999999999867 ) ) ;
#2449 = EDGE_LOOP ( 'NONE', ( #889, #2594, #2972, #956 ) ) ;
#2450 = VECTOR ( 'NONE', #3094, 1000.000000000000000 ) ;
#2451 = EDGE_LOOP ( 'NONE', ( #533, #3079, #1644, #17 ) ) ;
#2452 = FACE_OUTER_BOUND ( 'NONE', #327, .T. ) ;
#2453 = CARTESIAN_POINT ( 'NONE',  ( 1.600000000000000311, 0.000000000000000000, 1.350000000000000755 ) ) ;
#2454 = DIRECTION ( 'NONE',  ( -1.445602896647337536E-15, 0.000000000000000000, 1.000000000000000000 ) ) ;
#2455 = ORIENTED_EDGE ( 'NONE', *, *, #2064, .T. ) ;
#2456 = LINE ( 'NONE', #147, #473 ) ;
#2457 = MECHANICAL_DESIGN_GEOMETRIC_PRESENTATION_REPRESENTATION (  '', ( #2031 ), #3020 ) ;
#2458 = EDGE_LOOP ( 'NONE', ( #1682, #3080, #973, #2056 ) ) ;
#2459 = CARTESIAN_POINT ( 'NONE',  ( -1.550000000000000266, 0.4999999999999998890, -1.550000000000000266 ) ) ;
#2460 = DIRECTION ( 'NONE',  ( 0.000000000000000000, 0.000000000000000000, -1.000000000000000000 ) ) ;
#2461 = CIRCLE ( 'NONE', #1636, 0.1749999999999998224 ) ;
#2462 = EDGE_LOOP ( 'NONE', ( #1753, #2231, #1762, #750 ) ) ;
#2463 = EDGE_LOOP ( 'NONE', ( #1400, #878, #2817, #2322 ) ) ;
#2464 = CARTESIAN_POINT ( 'NONE',  ( 0.000000000000000000, 0.000000000000000000, 2.400000000000000355 ) ) ;
#2465 = DIRECTION ( 'NONE',  ( -0.000000000000000000, -1.000000000000000000, -0.000000000000000000 ) ) ;
#2466 = DIRECTION ( 'NONE',  ( -1.000000000000000000, 0.000000000000000000, 1.084202172485505223E-15 ) ) ;
#2467 = LINE ( 'NONE', #711, #1393 ) ;
#2468 = VERTEX_POINT ( 'NONE', #1763 ) ;
#2469 = VECTOR ( 'NONE', #1100, 1000.000000000000000 ) ;
#2470 =( NAMED_UNIT ( * ) SI_UNIT ( $, .STERADIAN. ) SOLID_ANGLE_UNIT ( ) );
#2471 = AXIS2_PLACEMENT_3D ( 'NONE', #2211, #1775, #638 ) ;
#2472 = CARTESIAN_POINT ( 'NONE',  ( 2.000000000000000000, 0.1519999999999999962, 1.050000000000000266 ) ) ;
#2473 = PLANE ( 'NONE',  #1873 ) ;
#2474 = AXIS2_PLACEMENT_3D ( 'NONE', #83, #744, #2146 ) ;
#2475 = ORIENTED_EDGE ( 'NONE', *, *, #2591, .F. ) ;
#2476 = LINE ( 'NONE', #1081, #389 ) ;
#2477 = EDGE_LOOP ( 'NONE', ( #420, #1463, #940, #2538 ) ) ;
#2478 = VECTOR ( 'NONE', #987, 1000.000000000000000 ) ;
#2479 = DIRECTION ( 'NONE',  ( -0.000000000000000000, -1.000000000000000000, -0.000000000000000000 ) ) ;
#2480 = ORIENTED_EDGE ( 'NONE', *, *, #1788, .F. ) ;
#2481 = VECTOR ( 'NONE', #2319, 1000.000000000000000 ) ;
#2482 = EDGE_CURVE ( 'NONE', #2583, #3032, #350, .T. ) ;
#2483 = ORIENTED_EDGE ( 'NONE', *, *, #808, .T. ) ;
#2484 =( NAMED_UNIT ( * ) PLANE_ANGLE_UNIT ( ) SI_UNIT ( $, .RADIAN. ) );
#2485 = DIRECTION ( 'NONE',  ( 0.000000000000000000, -1.000000000000000000, 0.000000000000000000 ) ) ;
#2486 = CARTESIAN_POINT ( 'NONE',  ( -2.000000000000000000, 0.1519999999999999962, -0.5499999999999998224 ) ) ;
#2487 = VECTOR ( 'NONE', #953, 1000.000000000000000 ) ;
#2488 = ORIENTED_EDGE ( 'NONE', *, *, #1651, .F. ) ;
#2489 = LINE ( 'NONE', #1270, #1492 ) ;
#2490 = ORIENTED_EDGE ( 'NONE', *, *, #1969, .T. ) ;
#2491 = EDGE_CURVE ( 'NONE', #1309, #294, #2439, .T. ) ;
#2492 = CARTESIAN_POINT ( 'NONE',  ( -1.599999999999999867, 0.1519999999999999962, -0.5499999999999998224 ) ) ;
#2493 = CARTESIAN_POINT ( 'NONE',  ( 1.149999999999999467, 3.932211634287160695, 1.499999999999999556 ) ) ;
#2494 = CARTESIAN_POINT ( 'NONE',  ( -2.000000000000000000, 0.000000000000000000, -1.050000000000000044 ) ) ;
#2495 = LINE ( 'NONE', #2082, #454 ) ;
#2496 = ORIENTED_EDGE ( 'NONE', *, *, #1599, .T. ) ;
#2497 = ORIENTED_EDGE ( 'NONE', *, *, #1210, .T. ) ;
#2498 = CARTESIAN_POINT ( 'NONE',  ( -1.599999999999999867, 0.1519999999999999962, 0.2500000000000002220 ) ) ;
#2499 = EDGE_CURVE ( 'NONE', #2394, #2358, #391, .T. ) ;
#2500 = LINE ( 'NONE', #1165, #1571 ) ;
#2501 = ORIENTED_EDGE ( 'NONE', *, *, #1218, .T. ) ;
#2502 = VECTOR ( 'NONE', #1022, 1000.000000000000000 ) ;
#2503 = VERTEX_POINT ( 'NONE', #2414 ) ;
#2504 = VECTOR ( 'NONE', #1551, 1000.000000000000000 ) ;
#2505 = CARTESIAN_POINT ( 'NONE',  ( -2.000000000000000000, 6.856854249492380760, -1.999999999999999112 ) ) ;
#2506 = CARTESIAN_POINT ( 'NONE',  ( 1.600000000000000089, 0.1519999999999999962, 1.050000000000000266 ) ) ;
#2507 = ORIENTED_EDGE ( 'NONE', *, *, #2019, .T. ) ;
#2508 = VECTOR ( 'NONE', #1158, 1000.000000000000000 ) ;
#2509 = ORIENTED_EDGE ( 'NONE', *, *, #1057, .F. ) ;
#2510 = ADVANCED_FACE ( 'NONE', ( #2360 ), #1223, .T. ) ;
#2511 = CARTESIAN_POINT ( 'NONE',  ( 1.149999999999999467, 3.932211634287160695, 1.499999999999999556 ) ) ;
#2512 = DIRECTION ( 'NONE',  ( -0.000000000000000000, -0.000000000000000000, -1.000000000000000000 ) ) ;
#2513 = AXIS2_PLACEMENT_3D ( 'NONE', #2188, #2568, #1828 ) ;
#2514 = ORIENTED_EDGE ( 'NONE', *, *, #1210, .F. ) ;
#2515 = FACE_OUTER_BOUND ( 'NONE', #324, .T. ) ;
#2516 = VERTEX_POINT ( 'NONE', #1746 ) ;
#2517 = AXIS2_PLACEMENT_3D ( 'NONE', #1322, #2618, #906 ) ;
#2518 = PRODUCT_CONTEXT ( 'NONE', #2255, 'mechanical' ) ;
#2519 = DIRECTION ( 'NONE',  ( 0.000000000000000000, 0.000000000000000000, 1.000000000000000000 ) ) ;
#2520 = CARTESIAN_POINT ( 'NONE',  ( 1.600000000000000311, 0.04999999999999999584, 0.5500000000000005995 ) ) ;
#2521 = LINE ( 'NONE', #997, #488 ) ;
#2522 = VERTEX_POINT ( 'NONE', #2218 ) ;
#2523 = AXIS2_PLACEMENT_3D ( 'NONE', #768, #610, #977 ) ;
#2524 = ORIENTED_EDGE ( 'NONE', *, *, #2854, .T. ) ;
#2525 = UNCERTAINTY_MEASURE_WITH_UNIT (LENGTH_MEASURE( 1.000000000000000082E-05 ), #293, 'distance_accuracy_value', 'NONE');
#2526 = EDGE_CURVE ( 'NONE', #1168, #2174, #286, .T. ) ;
#2527 = CARTESIAN_POINT ( 'NONE',  ( -1.600000000000000311, 0.04999999999999999584, -0.2499999999999994726 ) ) ;
#2528 = DIRECTION ( 'NONE',  ( 1.000000000000000000, 0.000000000000000000, 0.000000000000000000 ) ) ;
#2529 = ORIENTED_EDGE ( 'NONE', *, *, #832, .T. ) ;
#2530 = FACE_OUTER_BOUND ( 'NONE', #2356, .T. ) ;
#2531 = ORIENTED_EDGE ( 'NONE', *, *, #2388, .F. ) ;
#2532 = EDGE_CURVE ( 'NONE', #2238, #2667, #263, .T. ) ;
#2533 = LINE ( 'NONE', #2919, #461 ) ;
#2534 = CARTESIAN_POINT ( 'NONE',  ( 1.600000000000000089, 0.6520000000000003570, 0.2500000000000002220 ) ) ;
#2535 = DIRECTION ( 'NONE',  ( 0.000000000000000000, -1.000000000000000000, 0.000000000000000000 ) ) ;
#2536 = ORIENTED_EDGE ( 'NONE', *, *, #2532, .T. ) ;
#2537 = VECTOR ( 'NONE', #920, 1000.000000000000000 ) ;
#2538 = ORIENTED_EDGE ( 'NONE', *, *, #789, .T. ) ;
#2539 =( LENGTH_UNIT ( ) NAMED_UNIT ( * ) SI_UNIT ( .MILLI., .METRE. ) );
#2540 = PLANE ( 'NONE',  #852 ) ;
#2541 = LINE ( 'NONE', #2203, #1496 ) ;
#2542 = VERTEX_POINT ( 'NONE', #316 ) ;
#2543 = EDGE_CURVE ( 'NONE', #2326, #1954, #398, .T. ) ;
#2544 = FACE_OUTER_BOUND ( 'NONE', #2477, .T. ) ;
#2545 = ORIENTED_EDGE ( 'NONE', *, *, #667, .T. ) ;
#2546 = ADVANCED_FACE ( 'NONE', ( #1350 ), #1952, .F. ) ;
#2547 = DIRECTION ( 'NONE',  ( -0.000000000000000000, -1.000000000000000000, -0.000000000000000000 ) ) ;
#2548 = CARTESIAN_POINT ( 'NONE',  ( -1.599999999999999867, 0.000000000000000000, -0.5499999999999998224 ) ) ;
#2549 = LINE ( 'NONE', #1844, #405 ) ;
#2550 = ORIENTED_EDGE ( 'NONE', *, *, #2011, .T. ) ;
#2551 = VECTOR ( 'NONE', #1900, 1000.000000000000000 ) ;
#2552 = EDGE_CURVE ( 'NONE', #1309, #859, #291, .T. ) ;
#2553 = ORIENTED_EDGE ( 'NONE', *, *, #1813, .F. ) ;
#2554 = CARTESIAN_POINT ( 'NONE',  ( 1.600000000000000089, 0.000000000000000000, -1.349999999999999867 ) ) ;
#2555 = LINE ( 'NONE', #1447, #438 ) ;
#2556 = ORIENTED_EDGE ( 'NONE', *, *, #888, .T. ) ;
#2557 = LINE ( 'NONE', #1848, #2565 ) ;
#2558 = CARTESIAN_POINT ( 'NONE',  ( -2.000000000000000000, 0.6520000000000003570, -1.050000000000000044 ) ) ;
#2559 = ORIENTED_EDGE ( 'NONE', *, *, #626, .F. ) ;
#2560 =( GEOMETRIC_REPRESENTATION_CONTEXT ( 3 ) GLOBAL_UNCERTAINTY_ASSIGNED_CONTEXT ( ( #950 ) ) GLOBAL_UNIT_ASSIGNED_CONTEXT ( ( #2931, #1299, #1618 ) ) REPRESENTATION_CONTEXT ( 'NONE', 'WORKASPACE' ) );
#2561 = MANIFOLD_SOLID_BREP ( 'LPattern2[1]', #2389 ) ;
#2562 = VECTOR ( 'NONE', #2822, 1000.000000000000000 ) ;
#2563 = CARTESIAN_POINT ( 'NONE',  ( -1.600000000000000311, 0.000000000000000000, 0.5500000000000005995 ) ) ;
#2564 = VERTEX_POINT ( 'NONE', #1816 ) ;
#2565 = VECTOR ( 'NONE', #167, 1000.000000000000000 ) ;
#2566 = VERTEX_POINT ( 'NONE', #683 ) ;
#2567 =( NAMED_UNIT ( * ) SI_UNIT ( $, .STERADIAN. ) SOLID_ANGLE_UNIT ( ) );
#2568 = DIRECTION ( 'NONE',  ( -1.000000000000000000, 0.000000000000000000, -1.445602896647339163E-16 ) ) ;
#2569 = SURFACE_SIDE_STYLE ('',( #2691 ) ) ;
#2570 =( GEOMETRIC_REPRESENTATION_CONTEXT ( 3 ) GLOBAL_UNCERTAINTY_ASSIGNED_CONTEXT ( ( #1897 ) ) GLOBAL_UNIT_ASSIGNED_CONTEXT ( ( #407, #2816, #3023 ) ) REPRESENTATION_CONTEXT ( 'NONE', 'WORKASPACE' ) );
#2571 = AXIS2_PLACEMENT_3D ( 'NONE', #98, #1140, #1118 ) ;
#2572 = ORIENTED_EDGE ( 'NONE', *, *, #243, .T. ) ;
#2573 = EDGE_LOOP ( 'NONE', ( #462, #402, #1404, #1943 ) ) ;
#2574 = DIRECTION ( 'NONE',  ( 1.000000000000000000, -0.000000000000000000, 1.084202172485505223E-15 ) ) ;
#2575 = LINE ( 'NONE', #965, #1577 ) ;
#2576 = ORIENTED_EDGE ( 'NONE', *, *, #1295, .T. ) ;
#2577 = ORIENTED_EDGE ( 'NONE', *, *, #2552, .F. ) ;
#2578 = ADVANCED_FACE ( 'NONE', ( #273 ), #2620, .F. ) ;
#2579 = LINE ( 'NONE', #1624, #1545 ) ;
#2580 = EDGE_LOOP ( 'NONE', ( #2624, #2536, #1692, #1677 ) ) ;
#2581 = FACE_OUTER_BOUND ( 'NONE', #447, .T. ) ;
#2582 = DIRECTION ( 'NONE',  ( 1.445602896647337536E-15, 0.000000000000000000, -1.000000000000000000 ) ) ;
#2583 = VERTEX_POINT ( 'NONE', #1397 ) ;
#2584 = EDGE_CURVE ( 'NONE', #142, #2209, #1336, .T. ) ;
#2585 = LINE ( 'NONE', #2709, #1558 ) ;
#2586 = VERTEX_POINT ( 'NONE', #2029 ) ;
#2587 = EDGE_LOOP ( 'NONE', ( #2674, #624, #625, #1664 ) ) ;
#2588 = CARTESIAN_POINT ( 'NONE',  ( 0.000000000000000000, 0.1519999999999999962, 2.400000000000000355 ) ) ;
#2589 = CARTESIAN_POINT ( 'NONE',  ( 1.600000000000000089, 0.1519999999999999962, -0.5499999999999998224 ) ) ;
#2590 = DIRECTION ( 'NONE',  ( -1.000000000000000000, 0.000000000000000000, 0.000000000000000000 ) ) ;
#2591 = EDGE_CURVE ( 'NONE', #2583, #1302, #2384, .T. ) ;
#2592 = VECTOR ( 'NONE', #2663, 1000.000000000000000 ) ;
#2593 = ORIENTED_EDGE ( 'NONE', *, *, #1651, .T. ) ;
#2594 = ORIENTED_EDGE ( 'NONE', *, *, #2713, .F. ) ;
#2595 = CARTESIAN_POINT ( 'NONE',  ( -2.000000000000000000, 0.1519999999999999962, -1.050000000000000044 ) ) ;
#2596 = CARTESIAN_POINT ( 'NONE',  ( 2.000000000000000000, 0.000000000000000000, 1.350000000000000311 ) ) ;
#2597 = DIRECTION ( 'NONE',  ( 1.000000000000000000, 0.000000000000000000, -7.228014483236686695E-16 ) ) ;
#2598 = ORIENTED_EDGE ( 'NONE', *, *, #1295, .F. ) ;
#2599 = VECTOR ( 'NONE', #1028, 1000.000000000000000 ) ;
#2600 = EDGE_LOOP ( 'NONE', ( #2514, #414, #396, #2488 ) ) ;
#2601 = CARTESIAN_POINT ( 'NONE',  ( -1.599999999999999867, 0.000000000000000000, -0.5499999999999998224 ) ) ;
#2602 = DIRECTION ( 'NONE',  ( 0.000000000000000000, 0.000000000000000000, 1.000000000000000000 ) ) ;
#2603 = LINE ( 'NONE', #161, #1565 ) ;
#2604 = COLOUR_RGB ( '',0.7921568627450980005, 0.8196078431372548767, 0.9333333333333333481 ) ;
#2605 = PLANE ( 'NONE',  #1597 ) ;
#2606 = ORIENTED_EDGE ( 'NONE', *, *, #2, .F. ) ;
#2607 = ADVANCED_FACE ( 'NONE', ( #2403 ), #1593, .F. ) ;
#2608 = ADVANCED_FACE ( 'NONE', ( #1328 ), #2256, .F. ) ;
#2609 = LINE ( 'NONE', #2058, #1509 ) ;
#2610 = ORIENTED_EDGE ( 'NONE', *, *, #1462, .T. ) ;
#2611 = AXIS2_PLACEMENT_3D ( 'NONE', #1144, #1390, #1934 ) ;
#2612 = ORIENTED_EDGE ( 'NONE', *, *, #2128, .T. ) ;
#2613 = CARTESIAN_POINT ( 'NONE',  ( -2.000000000000000000, 0.6520000000000003570, 0.5500000000000001554 ) ) ;
#2614 = DIRECTION ( 'NONE',  ( -1.000000000000000000, 0.000000000000000000, 1.084202172485505223E-15 ) ) ;
#2615 = EDGE_CURVE ( 'NONE', #210, #45, #1303, .T. ) ;
#2616 = LINE ( 'NONE', #2840, #2562 ) ;
#2617 = ORIENTED_EDGE ( 'NONE', *, *, #861, .F. ) ;
#2618 = DIRECTION ( 'NONE',  ( -0.000000000000000000, 0.000000000000000000, 1.000000000000000000 ) ) ;
#2619 = ORIENTED_EDGE ( 'NONE', *, *, #1391, .F. ) ;
#2620 = PLANE ( 'NONE',  #2330 ) ;
#2621 = DIRECTION ( 'NONE',  ( 0.000000000000000000, -1.000000000000000000, 0.000000000000000000 ) ) ;
#2622 = VECTOR ( 'NONE', #1205, 1000.000000000000000 ) ;
#2623 = VECTOR ( 'NONE', #258, 1000.000000000000000 ) ;
#2624 = ORIENTED_EDGE ( 'NONE', *, *, #1298, .F. ) ;
#2625 = EDGE_CURVE ( 'NONE', #196, #1238, #1268, .T. ) ;
#2626 = EDGE_LOOP ( 'NONE', ( #58, #2154, #1128, #1080 ) ) ;
#2627 = EDGE_CURVE ( 'NONE', #1819, #309, #1362, .T. ) ;
#2628 = VECTOR ( 'NONE', #498, 1000.000000000000000 ) ;
#2629 = DIRECTION ( 'NONE',  ( 1.000000000000000000, 0.000000000000000000, -7.228014483236687681E-16 ) ) ;
#2630 = ORIENTED_EDGE ( 'NONE', *, *, #450, .F. ) ;
#2631 = VECTOR ( 'NONE', #2891, 1000.000000000000000 ) ;
#2632 = DIRECTION ( 'NONE',  ( 0.000000000000000000, 0.000000000000000000, -1.000000000000000000 ) ) ;
#2633 = CARTESIAN_POINT ( 'NONE',  ( 1.600000000000000977, 0.05000000000000000278, -1.156482317317870542E-15 ) ) ;
#2634 = FACE_OUTER_BOUND ( 'NONE', #2587, .T. ) ;
#2635 = ORIENTED_EDGE ( 'NONE', *, *, #1346, .T. ) ;
#2636 = DIRECTION ( 'NONE',  ( 1.084202172485505026E-15, 0.000000000000000000, -1.000000000000000000 ) ) ;
#2637 = DIRECTION ( 'NONE',  ( 1.000000000000000000, 0.000000000000000000, -7.228014483236687681E-16 ) ) ;
#2638 = ADVANCED_FACE ( 'NONE', ( #1352 ), #702, .T. ) ;
#2639 = VECTOR ( 'NONE', #2947, 1000.000000000000000 ) ;
#2640 = CIRCLE ( 'NONE', #946, 0.1749999999999998224 ) ;
#2641 = VERTEX_POINT ( 'NONE', #911 ) ;
#2642 = DIRECTION ( 'NONE',  ( 1.000000000000000000, -0.000000000000000000, 1.084202172485505223E-15 ) ) ;
#2643 = PLANE ( 'NONE',  #121 ) ;
#2644 = VECTOR ( 'NONE', #539, 1000.000000000000000 ) ;
#2645 = LINE ( 'NONE', #1735, #1670 ) ;
#2646 = ORIENTED_EDGE ( 'NONE', *, *, #410, .T. ) ;
#2647 = DIRECTION ( 'NONE',  ( -0.7071067811865506814, -0.000000000000000000, 0.7071067811865443531 ) ) ;
#2648 = VECTOR ( 'NONE', #280, 1000.000000000000000 ) ;
#2649 = LINE ( 'NONE', #322, #2798 ) ;
#2650 = EDGE_LOOP ( 'NONE', ( #143, #2346, #2138, #2347, #1824, #1209, #201, #186, #2824, #2287, #738, #715, #2252, #1197, #705, #2291, #723, #229, #2329, #2236, #1226, #755, #2842, #1275, #2423, #2245, #2807, #137, #735, #1273, #1187, #1783, #2259, #1396, #2848, #231 ) ) ;
#2651 = MECHANICAL_DESIGN_GEOMETRIC_PRESENTATION_REPRESENTATION (  '', ( #174 ), #1048 ) ;
#2652 = LINE ( 'NONE', #2025, #1620 ) ;
#2653 = CARTESIAN_POINT ( 'NONE',  ( -1.463672932855434733E-15, 0.05000000000000000278, 1.350000000000002531 ) ) ;
#2654 = VECTOR ( 'NONE', #3117, 1000.000000000000000 ) ;
#2655 = EDGE_CURVE ( 'NONE', #164, #272, #1342, .T. ) ;
#2656 = ORIENTED_EDGE ( 'NONE', *, *, #1950, .F. ) ;
#2657 = CARTESIAN_POINT ( 'NONE',  ( -2.000000000000000000, 0.6520000000000003570, 1.350000000000000311 ) ) ;
#2658 = DIRECTION ( 'NONE',  ( -1.000000000000000000, 0.000000000000000000, 1.084202172485505026E-15 ) ) ;
#2659 = VECTOR ( 'NONE', #890, 1000.000000000000000 ) ;
#2660 = VERTEX_POINT ( 'NONE', #1688 ) ;
#2661 = EDGE_CURVE ( 'NONE', #290, #1079, #2316, .T. ) ;
#2662 = DIRECTION ( 'NONE',  ( 0.000000000000000000, -1.000000000000000000, 0.000000000000000000 ) ) ;
#2663 = DIRECTION ( 'NONE',  ( 0.000000000000000000, -1.000000000000000000, 0.000000000000000000 ) ) ;
#2664 = PLANE ( 'NONE',  #1151 ) ;
#2665 = DIRECTION ( 'NONE',  ( 1.000000000000000000, 0.000000000000000000, 0.000000000000000000 ) ) ;
#2666 = FACE_OUTER_BOUND ( 'NONE', #394, .T. ) ;
#2667 = VERTEX_POINT ( 'NONE', #2075 ) ;
#2668 = EDGE_CURVE ( 'NONE', #1533, #710, #295, .T. ) ;
#2669 = VECTOR ( 'NONE', #993, 1000.000000000000000 ) ;
#2670 = DIRECTION ( 'NONE',  ( -1.084202172485505223E-15, 0.000000000000000000, -1.000000000000000000 ) ) ;
#2671 = ORIENTED_EDGE ( 'NONE', *, *, #363, .F. ) ;
#2672 = VECTOR ( 'NONE', #334, 1000.000000000000000 ) ;
#2673 = ORIENTED_EDGE ( 'NONE', *, *, #459, .F. ) ;
#2674 = ORIENTED_EDGE ( 'NONE', *, *, #1614, .F. ) ;
#2675 = DIRECTION ( 'NONE',  ( 0.000000000000000000, -1.000000000000000000, 0.000000000000000000 ) ) ;
#2676 = DIRECTION ( 'NONE',  ( 1.000000000000000000, 0.000000000000000000, 0.000000000000000000 ) ) ;
#2677 = COLOUR_RGB ( '',0.7921568627450980005, 0.8196078431372548767, 0.9333333333333333481 ) ;
#2678 = LINE ( 'NONE', #1419, #2659 ) ;
#2679 = ORIENTED_EDGE ( 'NONE', *, *, #2119, .F. ) ;
#2680 = CARTESIAN_POINT ( 'NONE',  ( 1.600000000000000533, 0.05000000000000000278, -1.156482317317870147E-15 ) ) ;
#2681 = VECTOR ( 'NONE', #12, 1000.000000000000000 ) ;
#2682 = DIRECTION ( 'NONE',  ( 0.000000000000000000, 0.000000000000000000, 1.000000000000000000 ) ) ;
#2683 = PRODUCT_DEFINITION ( 'UNKNOWN', '', #739, #1065 ) ;
#2684 = LINE ( 'NONE', #1240, #1588 ) ;
#2685 = VERTEX_POINT ( 'NONE', #2114 ) ;
#2686 = AXIS2_PLACEMENT_3D ( 'NONE', #2802, #1051, #2197 ) ;
#2687 = ORIENTED_EDGE ( 'NONE', *, *, #2854, .F. ) ;
#2688 = VECTOR ( 'NONE', #1511, 1000.000000000000000 ) ;
#2689 = AXIS2_PLACEMENT_3D ( 'NONE', #1927, #2134, #203 ) ;
#2690 = CARTESIAN_POINT ( 'NONE',  ( -1.600000000000000311, 0.1519999999999999962, 0.5500000000000005995 ) ) ;
#2691 = SURFACE_STYLE_FILL_AREA ( #1562 ) ;
#2692 = LINE ( 'NONE', #2708, #2699 ) ;
#2693 = CARTESIAN_POINT ( 'NONE',  ( -1.600000000000000311, 0.1519999999999999962, 1.350000000000000755 ) ) ;
#2694 = ORIENTED_EDGE ( 'NONE', *, *, #144, .T. ) ;
#2695 = AXIS2_PLACEMENT_3D ( 'NONE', #59, #2922, #1789 ) ;
#2696 = LINE ( 'NONE', #48, #2599 ) ;
#2697 = EDGE_CURVE ( 'NONE', #1796, #283, #2395, .T. ) ;
#2698 = LINE ( 'NONE', #2908, #1669 ) ;
#2699 = VECTOR ( 'NONE', #1183, 1000.000000000000000 ) ;
#2700 = ORIENTED_EDGE ( 'NONE', *, *, #3041, .T. ) ;
#2701 = DIRECTION ( 'NONE',  ( 0.000000000000000000, 0.000000000000000000, -1.000000000000000000 ) ) ;
#2702 = DIRECTION ( 'NONE',  ( -1.000000000000000000, 0.000000000000000000, -1.084202172485505026E-15 ) ) ;
#2703 = LINE ( 'NONE', #2136, #2639 ) ;
#2704 = EDGE_CURVE ( 'NONE', #2872, #309, #1262, .T. ) ;
#2705 = VERTEX_POINT ( 'NONE', #2351 ) ;
#2706 = CARTESIAN_POINT ( 'NONE',  ( -1.550000000000000266, 0.4999999999999998890, -1.375000000000000444 ) ) ;
#2707 = EDGE_LOOP ( 'NONE', ( #839, #266, #1883, #2413 ) ) ;
#2708 = CARTESIAN_POINT ( 'NONE',  ( 1.149999999999999467, 0.1520000000000002183, 1.499999999999999556 ) ) ;
#2709 = CARTESIAN_POINT ( 'NONE',  ( -2.000000000000000000, 0.05000000000000000278, -1.999999999999999112 ) ) ;
#2710 = LINE ( 'NONE', #1985, #618 ) ;
#2711 = ADVANCED_FACE ( 'NONE', ( #300 ), #2643, .F. ) ;
#2712 = ORIENTED_EDGE ( 'NONE', *, *, #1986, .T. ) ;
#2713 = EDGE_CURVE ( 'NONE', #1771, #865, #2333, .T. ) ;
#2714 = ORIENTED_EDGE ( 'NONE', *, *, #2948, .F. ) ;
#2715 = VECTOR ( 'NONE', #1989, 1000.000000000000000 ) ;
#2716 = CARTESIAN_POINT ( 'NONE',  ( 0.000000000000000000, 0.05000000000000000278, 1.050000000000000266 ) ) ;
#2717 = DIRECTION ( 'NONE',  ( 1.000000000000000000, -0.000000000000000000, 0.000000000000000000 ) ) ;
#2718 = FACE_OUTER_BOUND ( 'NONE', #1467, .T. ) ;
#2719 = SURFACE_STYLE_USAGE ( .BOTH. , #1774 ) ;
#2720 = LINE ( 'NONE', #1348, #1663 ) ;
#2721 = ORIENTED_EDGE ( 'NONE', *, *, #3041, .F. ) ;
#2722 = VECTOR ( 'NONE', #1464, 1000.000000000000000 ) ;
#2723 = DIRECTION ( 'NONE',  ( -0.000000000000000000, -1.000000000000000000, -0.000000000000000000 ) ) ;
#2724 = ORIENTED_EDGE ( 'NONE', *, *, #728, .F. ) ;
#2725 = DIRECTION ( 'NONE',  ( -1.000000000000000000, 0.000000000000000000, 0.000000000000000000 ) ) ;
#2726 = FACE_OUTER_BOUND ( 'NONE', #348, .T. ) ;
#2727 = SURFACE_STYLE_USAGE ( .BOTH. , #235 ) ;
#2728 = DIRECTION ( 'NONE',  ( 0.000000000000000000, 0.000000000000000000, 1.000000000000000000 ) ) ;
#2729 = LINE ( 'NONE', #241, #549 ) ;
#2730 =( LENGTH_UNIT ( ) NAMED_UNIT ( * ) SI_UNIT ( .MILLI., .METRE. ) );
#2731 = ORIENTED_EDGE ( 'NONE', *, *, #532, .T. ) ;
#2732 = CARTESIAN_POINT ( 'NONE',  ( 2.000000000000000000, 0.1519999999999999962, -1.349999999999999867 ) ) ;
#2733 = LINE ( 'NONE', #209, #1694 ) ;
#2734 = AXIS2_PLACEMENT_3D ( 'NONE', #289, #1619, #2030 ) ;
#2735 = CARTESIAN_POINT ( 'NONE',  ( 2.000000000000000000, 0.000000000000000000, -0.2499999999999998890 ) ) ;
#2736 = LINE ( 'NONE', #105, #2672 ) ;
#2737 = FACE_OUTER_BOUND ( 'NONE', #2458, .T. ) ;
#2738 = ORIENTED_EDGE ( 'NONE', *, *, #853, .T. ) ;
#2739 = ADVANCED_FACE ( 'NONE', ( #310 ), #1810, .T. ) ;
#2740 = DIRECTION ( 'NONE',  ( -1.885568995626964287E-16, 0.000000000000000000, 1.000000000000000000 ) ) ;
#2741 = LINE ( 'NONE', #670, #1814 ) ;
#2742 = DIRECTION ( 'NONE',  ( 1.000000000000000000, 0.000000000000000000, -1.084202172485505223E-15 ) ) ;
#2743 = PLANE ( 'NONE',  #3122 ) ;
#2744 = ORIENTED_EDGE ( 'NONE', *, *, #1659, .F. ) ;
#2745 = LINE ( 'NONE', #1040, #658 ) ;
#2746 = DIRECTION ( 'NONE',  ( 1.000000000000000000, 0.000000000000000000, 0.000000000000000000 ) ) ;
#2747 = EDGE_LOOP ( 'NONE', ( #2409, #1899, #259, #2483 ) ) ;
#2748 = CARTESIAN_POINT ( 'NONE',  ( -1.599999999999999867, 0.04999999999999999584, -0.5499999999999998224 ) ) ;
#2749 = DIRECTION ( 'NONE',  ( 0.000000000000000000, -1.000000000000000000, 0.000000000000000000 ) ) ;
#2750 = EDGE_CURVE ( 'NONE', #2888, #2362, #2408, .T. ) ;
#2751 = VECTOR ( 'NONE', #3021, 1000.000000000000000 ) ;
#2752 = VERTEX_POINT ( 'NONE', #2210 ) ;
#2753 = CARTESIAN_POINT ( 'NONE',  ( 2.000000000000000000, 0.5999999999999998668, -2.000000000000000000 ) ) ;
#2754 = DIRECTION ( 'NONE',  ( 0.000000000000000000, -1.000000000000000000, 0.000000000000000000 ) ) ;
#2755 = EDGE_CURVE ( 'NONE', #457, #1382, #1376, .T. ) ;
#2756 = LINE ( 'NONE', #1806, #2751 ) ;
#2757 = EDGE_LOOP ( 'NONE', ( #2028, #2050, #2646, #2738 ) ) ;
#2758 = DIRECTION ( 'NONE',  ( -0.000000000000000000, -1.000000000000000000, -0.000000000000000000 ) ) ;
#2759 = CARTESIAN_POINT ( 'NONE',  ( -2.000000000000000000, 0.1519999999999999962, 0.5500000000000001554 ) ) ;
#2760 = AXIS2_PLACEMENT_3D ( 'NONE', #102, #1631, #679 ) ;
#2761 = DIRECTION ( 'NONE',  ( 0.000000000000000000, -0.000000000000000000, 1.000000000000000000 ) ) ;
#2762 = VECTOR ( 'NONE', #2021, 1000.000000000000000 ) ;
#2763 = CARTESIAN_POINT ( 'NONE',  ( 1.600000000000000089, 0.04999999999999999584, -1.349999999999999867 ) ) ;
#2764 = CARTESIAN_POINT ( 'NONE',  ( 1.600000000000000311, 0.6520000000000003570, -0.2499999999999994726 ) ) ;
#2765 = ADVANCED_FACE ( 'NONE', ( #245 ), #2969, .F. ) ;
#2766 = LINE ( 'NONE', #721, #713 ) ;
#2767 = AXIS2_PLACEMENT_3D ( 'NONE', #2160, #824, #520 ) ;
#2768 = DIRECTION ( 'NONE',  ( 1.000000000000000000, 0.000000000000000000, -0.000000000000000000 ) ) ;
#2769 = DIRECTION ( 'NONE',  ( -0.000000000000000000, -0.000000000000000000, -1.000000000000000000 ) ) ;
#2770 = CARTESIAN_POINT ( 'NONE',  ( 1.149999999999999467, 0.1520000000000002183, 1.499999999999999556 ) ) ;
#2771 = COLOUR_RGB ( '',0.7921568627450980005, 0.8196078431372548767, 0.9333333333333333481 ) ;
#2772 = STYLED_ITEM ( 'NONE', ( #1538 ), #1409 ) ;
#2773 = CARTESIAN_POINT ( 'NONE',  ( 1.600000000000000311, 0.04999999999999999584, 1.350000000000000755 ) ) ;
#2774 = EDGE_CURVE ( 'NONE', #1324, #496, #268, .T. ) ;
#2775 = DIRECTION ( 'NONE',  ( 0.000000000000000000, -1.000000000000000000, 0.000000000000000000 ) ) ;
#2776 = DIRECTION ( 'NONE',  ( 0.000000000000000000, 0.000000000000000000, -1.000000000000000000 ) ) ;
#2777 = CIRCLE ( 'NONE', #2803, 0.1749999999999998224 ) ;
#2778 = CARTESIAN_POINT ( 'NONE',  ( 1.463672932855434733E-15, 0.05000000000000000278, 1.350000000000002531 ) ) ;
#2779 = CARTESIAN_POINT ( 'NONE',  ( 1.600000000000000089, 0.1519999999999999962, -0.5499999999999998224 ) ) ;
#2780 = LINE ( 'NONE', #302, #695 ) ;
#2781 = EDGE_CURVE ( 'NONE', #2503, #2950, #341, .T. ) ;
#2782 = CARTESIAN_POINT ( 'NONE',  ( 2.000000000000000000, 0.05000000000000000278, 2.000000000000000000 ) ) ;
#2783 = PLANE ( 'NONE',  #2686 ) ;
#2784 = ADVANCED_FACE ( 'NONE', ( #2310 ), #1002, .T. ) ;
#2785 = LINE ( 'NONE', #2996, #717 ) ;
#2786 = CARTESIAN_POINT ( 'NONE',  ( -2.000000000000000000, 0.000000000000000000, -0.2499999999999998890 ) ) ;
#2787 = EDGE_CURVE ( 'NONE', #1773, #1056, #2339, .T. ) ;
#2788 = CARTESIAN_POINT ( 'NONE',  ( -1.600000000000000311, 0.1519999999999999962, 0.5500000000000005995 ) ) ;
#2789 = FACE_OUTER_BOUND ( 'NONE', #1827, .T. ) ;
#2790 =( GEOMETRIC_REPRESENTATION_CONTEXT ( 3 ) GLOBAL_UNCERTAINTY_ASSIGNED_CONTEXT ( ( #138 ) ) GLOBAL_UNIT_ASSIGNED_CONTEXT ( ( #86, #665, #1167 ) ) REPRESENTATION_CONTEXT ( 'NONE', 'WORKASPACE' ) );
#2791 = CARTESIAN_POINT ( 'NONE',  ( 0.000000000000000000, 0.05000000000000000278, 1.050000000000000266 ) ) ;
#2792 = CARTESIAN_POINT ( 'NONE',  ( 2.000000000000000000, 0.1519999999999999962, -0.2499999999999998890 ) ) ;
#2793 =( NAMED_UNIT ( * ) SI_UNIT ( $, .STERADIAN. ) SOLID_ANGLE_UNIT ( ) );
#2794 = VECTOR ( 'NONE', #1645, 1000.000000000000000 ) ;
#2795 = FILL_AREA_STYLE ('',( #2986 ) ) ;
#2796 = CARTESIAN_POINT ( 'NONE',  ( 1.600000000000000311, 0.1519999999999999962, 0.5500000000000005995 ) ) ;
#2797 = EDGE_LOOP ( 'NONE', ( #296, #269, #1911, #871 ) ) ;
#2798 = VECTOR ( 'NONE', #2445, 1000.000000000000000 ) ;
#2799 = DIRECTION ( 'NONE',  ( -1.445602896647337339E-15, 0.000000000000000000, 1.000000000000000000 ) ) ;
#2800 = CARTESIAN_POINT ( 'NONE',  ( -1.600000000000000311, 0.6520000000000003570, 0.5500000000000005995 ) ) ;
#2801 = ORIENTED_EDGE ( 'NONE', *, *, #2186, .T. ) ;
#2802 = CARTESIAN_POINT ( 'NONE',  ( 0.000000000000000000, 0.000000000000000000, 2.400000000000000355 ) ) ;
#2803 = AXIS2_PLACEMENT_3D ( 'NONE', #687, #443, #896 ) ;
#2804 = LINE ( 'NONE', #1092, #2794 ) ;
#2805 = CARTESIAN_POINT ( 'NONE',  ( -1.599999999999999867, 0.04999999999999999584, -1.349999999999999867 ) ) ;
#2806 = CARTESIAN_POINT ( 'NONE',  ( 1.600000000000000311, 0.1519999999999999962, 1.350000000000000755 ) ) ;
#2807 = ORIENTED_EDGE ( 'NONE', *, *, #2875, .F. ) ;
#2808 = DIRECTION ( 'NONE',  ( -0.000000000000000000, -1.000000000000000000, -0.000000000000000000 ) ) ;
#2809 = ADVANCED_FACE ( 'NONE', ( #2323 ), #3006, .T. ) ;
#2810 = VECTOR ( 'NONE', #2240, 1000.000000000000000 ) ;
#2811 = EDGE_CURVE ( 'NONE', #1984, #1394, #230, .T. ) ;
#2812 = ORIENTED_EDGE ( 'NONE', *, *, #2625, .F. ) ;
#2813 = DIRECTION ( 'NONE',  ( 0.000000000000000000, 0.000000000000000000, -1.000000000000000000 ) ) ;
#2814 = CARTESIAN_POINT ( 'NONE',  ( -2.000000000000000000, 0.1519999999999999962, -1.050000000000000044 ) ) ;
#2815 = MANIFOLD_SOLID_BREP ( 'LPattern2[2]', #149 ) ;
#2816 =( NAMED_UNIT ( * ) PLANE_ANGLE_UNIT ( ) SI_UNIT ( $, .RADIAN. ) );
#2817 = ORIENTED_EDGE ( 'NONE', *, *, #1017, .T. ) ;
#2818 = EDGE_CURVE ( 'NONE', #37, #2176, #1418, .T. ) ;
#2819 = CARTESIAN_POINT ( 'NONE',  ( 1.600000000000000311, 0.1519999999999999962, -0.2499999999999994726 ) ) ;
#2820 = VERTEX_POINT ( 'NONE', #331 ) ;
#2821 = ORIENTED_EDGE ( 'NONE', *, *, #2871, .F. ) ;
#2822 = DIRECTION ( 'NONE',  ( 1.000000000000000000, -0.000000000000000000, 1.885568995626964287E-16 ) ) ;
#2823 = AXIS2_PLACEMENT_3D ( 'NONE', #1866, #1716, #453 ) ;
#2824 = ORIENTED_EDGE ( 'NONE', *, *, #673, .F. ) ;
#2825 = CARTESIAN_POINT ( 'NONE',  ( -1.599999999999999867, 0.000000000000000000, -1.349999999999999867 ) ) ;
#2826 = ADVANCED_FACE ( 'NONE', ( #2544 ), #1063, .T. ) ;
#2827 = CARTESIAN_POINT ( 'NONE',  ( 1.600000000000000089, 0.04999999999999999584, -0.5499999999999998224 ) ) ;
#2828 = CARTESIAN_POINT ( 'NONE',  ( 2.000000000000000000, 0.1519999999999999962, -0.2499999999999998890 ) ) ;
#2829 = PRESENTATION_LAYER_ASSIGNMENT (  '', '', ( #2772 ) ) ;
#2830 = MANIFOLD_SOLID_BREP ( 'LPattern2[5]', #2108 ) ;
#2831 = ADVANCED_FACE ( 'NONE', ( #401 ), #3053, .F. ) ;
#2832 = ORIENTED_EDGE ( 'NONE', *, *, #4, .T. ) ;
#2833 = AXIS2_PLACEMENT_3D ( 'NONE', #1975, #1768, #1493 ) ;
#2834 = DIRECTION ( 'NONE',  ( 0.000000000000000000, -1.000000000000000000, 0.000000000000000000 ) ) ;
#2835 = AXIS2_PLACEMENT_3D ( 'NONE', #71, #781, #1801 ) ;
#2836 = ORIENTED_EDGE ( 'NONE', *, *, #544, .T. ) ;
#2837 = CARTESIAN_POINT ( 'NONE',  ( -1.550000000000000266, 0.005025253169417152541, -1.550000000000000266 ) ) ;
#2838 = DIRECTION ( 'NONE',  ( -0.000000000000000000, 0.000000000000000000, 1.000000000000000000 ) ) ;
#2839 = CLOSED_SHELL ( 'NONE', ( #2033, #1329, #1113, #1879, #41, #669 ) ) ;
#2840 = CARTESIAN_POINT ( 'NONE',  ( 1.149999999999999911, 0.000000000000000000, -1.500000000000000444 ) ) ;
#2841 = EDGE_CURVE ( 'NONE', #2338, #1382, #1425, .T. ) ;
#2842 = ORIENTED_EDGE ( 'NONE', *, *, #2584, .F. ) ;
#2843 = CARTESIAN_POINT ( 'NONE',  ( 0.000000000000000000, 0.05000000000000000278, -1.349999999999999867 ) ) ;
#2844 = PLANE ( 'NONE',  #1007 ) ;
#2845 = CARTESIAN_POINT ( 'NONE',  ( -1.599999999999999867, 0.000000000000000000, 0.2500000000000002220 ) ) ;
#2846 = LINE ( 'NONE', #1574, #2810 ) ;
#2847 = EDGE_CURVE ( 'NONE', #951, #198, #2456, .T. ) ;
#2848 = ORIENTED_EDGE ( 'NONE', *, *, #193, .F. ) ;
#2849 = ADVANCED_FACE ( 'NONE', ( #2530 ), #1413, .T. ) ;
#2850 = LINE ( 'NONE', #2979, #1761 ) ;
#2851 = CARTESIAN_POINT ( 'NONE',  ( -1.600000000000000311, 0.6520000000000003570, -1.049999999999999600 ) ) ;
#2852 = ADVANCED_FACE ( 'NONE', ( #2515 ), #2881, .F. ) ;
#2853 = ORIENTED_EDGE ( 'NONE', *, *, #2129, .T. ) ;
#2854 = EDGE_CURVE ( 'NONE', #1243, #2934, #1498, .T. ) ;
#2855 = SURFACE_STYLE_FILL_AREA ( #2014 ) ;
#2856 = ORIENTED_EDGE ( 'NONE', *, *, #421, .F. ) ;
#2857 = DIRECTION ( 'NONE',  ( 0.000000000000000000, -1.000000000000000000, 0.000000000000000000 ) ) ;
#2858 = LINE ( 'NONE', #1555, #1723 ) ;
#2859 = EDGE_LOOP ( 'NONE', ( #991, #535, #1685, #636 ) ) ;
#2860 =( LENGTH_UNIT ( ) NAMED_UNIT ( * ) SI_UNIT ( .MILLI., .METRE. ) );
#2861 = CARTESIAN_POINT ( 'NONE',  ( -2.000000000000000000, 0.1519999999999999962, 1.350000000000000311 ) ) ;
#2862 = AXIS2_PLACEMENT_3D ( 'NONE', #2164, #1709, #2421 ) ;
#2863 = CARTESIAN_POINT ( 'NONE',  ( -2.000000000000000000, 0.1519999999999999962, 1.350000000000000311 ) ) ;
#2864 = DIRECTION ( 'NONE',  ( 0.000000000000000000, 0.000000000000000000, -1.000000000000000000 ) ) ;
#2865 = CARTESIAN_POINT ( 'NONE',  ( -1.600000000000000311, 0.1519999999999999962, -1.049999999999999600 ) ) ;
#2866 = EDGE_CURVE ( 'NONE', #2257, #1847, #464, .T. ) ;
#2867 = LINE ( 'NONE', #2222, #704 ) ;
#2868 = ORIENTED_EDGE ( 'NONE', *, *, #1476, .T. ) ;
#2869 = CARTESIAN_POINT ( 'NONE',  ( 2.000000000000000000, 0.05000000000000000278, -2.000000000000000000 ) ) ;
#2870 = CARTESIAN_POINT ( 'NONE',  ( 2.000000000000000000, 0.05000000000000000278, -2.000000000000000000 ) ) ;
#2871 = EDGE_CURVE ( 'NONE', #587, #3003, #1507, .T. ) ;
#2872 = VERTEX_POINT ( 'NONE', #661 ) ;
#2873 = FACE_OUTER_BOUND ( 'NONE', #418, .T. ) ;
#2874 = ORIENTED_EDGE ( 'NONE', *, *, #458, .T. ) ;
#2875 = EDGE_CURVE ( 'NONE', #2705, #2586, #1485, .T. ) ;
#2876 = EDGE_CURVE ( 'NONE', #3022, #106, #422, .T. ) ;
#2877 =( NAMED_UNIT ( * ) SI_UNIT ( $, .STERADIAN. ) SOLID_ANGLE_UNIT ( ) );
#2878 = ORIENTED_EDGE ( 'NONE', *, *, #2811, .F. ) ;
#2879 = CARTESIAN_POINT ( 'NONE',  ( -2.000000000000000000, 0.1519999999999999962, 1.350000000000000311 ) ) ;
#2880 = EDGE_CURVE ( 'NONE', #126, #573, #2433, .T. ) ;
#2881 = PLANE ( 'NONE',  #2760 ) ;
#2882 = PLANE ( 'NONE',  #1550 ) ;
#2883 = VECTOR ( 'NONE', #2184, 1000.000000000000000 ) ;
#2884 = ORIENTED_EDGE ( 'NONE', *, *, #2098, .T. ) ;
#2885 = DIRECTION ( 'NONE',  ( -0.000000000000000000, 1.000000000000000000, 0.000000000000000000 ) ) ;
#2886 = CARTESIAN_POINT ( 'NONE',  ( 1.149999999999999911, 0.1520000000000002183, -1.500000000000000444 ) ) ;
#2887 = LINE ( 'NONE', #1734, #785 ) ;
#2888 = VERTEX_POINT ( 'NONE', #1884 ) ;
#2889 = COLOUR_RGB ( '',1.000000000000000000, 1.000000000000000000, 1.000000000000000000 ) ;
#2890 = ORIENTED_EDGE ( 'NONE', *, *, #1338, .F. ) ;
#2891 = DIRECTION ( 'NONE',  ( 0.000000000000000000, -1.000000000000000000, 0.000000000000000000 ) ) ;
#2892 = FACE_OUTER_BOUND ( 'NONE', #1584, .T. ) ;
#2893 = AXIS2_PLACEMENT_3D ( 'NONE', #1193, #2670, #205 ) ;
#2894 = EDGE_LOOP ( 'NONE', ( #1452, #3000, #2572, #2612 ) ) ;
#2895 = CARTESIAN_POINT ( 'NONE',  ( 2.000000000000000000, 6.856854249492380760, -2.000000000000000000 ) ) ;
#2896 = DIRECTION ( 'NONE',  ( 0.000000000000000000, 0.000000000000000000, -1.000000000000000000 ) ) ;
#2897 = DIRECTION ( 'NONE',  ( -7.228014483236687681E-16, 0.000000000000000000, -1.000000000000000000 ) ) ;
#2898 = EDGE_LOOP ( 'NONE', ( #139, #2135, #1156, #642 ) ) ;
#2899 = DIRECTION ( 'NONE',  ( 0.000000000000000000, -1.000000000000000000, 0.000000000000000000 ) ) ;
#2900 = CARTESIAN_POINT ( 'NONE',  ( -2.000000000000000000, 0.1519999999999999962, -0.5499999999999998224 ) ) ;
#2901 = DIRECTION ( 'NONE',  ( 2.168404344971008868E-16, -0.000000000000000000, 1.000000000000000000 ) ) ;
#2902 = VECTOR ( 'NONE', #1189, 1000.000000000000000 ) ;
#2903 = DIRECTION ( 'NONE',  ( 0.000000000000000000, 0.000000000000000000, 1.000000000000000000 ) ) ;
#2904 = VERTEX_POINT ( 'NONE', #125 ) ;
#2905 = DIRECTION ( 'NONE',  ( 1.000000000000000000, -0.000000000000000000, 1.084202172485505223E-15 ) ) ;
#2906 = EDGE_CURVE ( 'NONE', #1617, #1984, #2476, .T. ) ;
#2907 = VERTEX_POINT ( 'NONE', #2124 ) ;
#2908 = CARTESIAN_POINT ( 'NONE',  ( 1.149999999999999467, 0.1520000000000002183, 1.499999999999999556 ) ) ;
#2909 = VECTOR ( 'NONE', #511, 1000.000000000000000 ) ;
#2910 = EDGE_LOOP ( 'NONE', ( #1508, #3091, #1554, #2529 ) ) ;
#2911 = EDGE_CURVE ( 'NONE', #2660, #1196, #1437, .T. ) ;
#2912 = CARTESIAN_POINT ( 'NONE',  ( -1.174999999999996714, 0.1519999999999999962, -1.175000000000007150 ) ) ;
#2913 = FILL_AREA_STYLE_COLOUR ( '', #2447 ) ;
#2914 = CARTESIAN_POINT ( 'NONE',  ( 1.600000000000000311, 0.6520000000000003570, -1.049999999999999600 ) ) ;
#2915 = ORIENTED_EDGE ( 'NONE', *, *, #2499, .T. ) ;
#2916 = AXIS2_PLACEMENT_3D ( 'NONE', #2895, #2725, #2194 ) ;
#2917 = DIRECTION ( 'NONE',  ( -1.000000000000000000, 0.000000000000000000, -1.885568995626964287E-16 ) ) ;
#2918 = VECTOR ( 'NONE', #736, 1000.000000000000000 ) ;
#2919 = CARTESIAN_POINT ( 'NONE',  ( 2.000000000000000000, 0.6520000000000003570, 1.350000000000000311 ) ) ;
#2920 = ORIENTED_EDGE ( 'NONE', *, *, #151, .F. ) ;
#2921 = AXIS2_PLACEMENT_3D ( 'NONE', #1870, #3042, #195 ) ;
#2922 = DIRECTION ( 'NONE',  ( 1.000000000000000000, 0.000000000000000000, 1.445602896647339163E-16 ) ) ;
#2923 = VECTOR ( 'NONE', #2758, 1000.000000000000000 ) ;
#2924 = CARTESIAN_POINT ( 'NONE',  ( -1.550000000000000266, 0.5999999999999999778, -1.724999999999999867 ) ) ;
#2925 = ORIENTED_EDGE ( 'NONE', *, *, #2948, .T. ) ;
#2926 = DIRECTION ( 'NONE',  ( -1.000000000000000000, 0.000000000000000000, -1.084202172485505223E-15 ) ) ;
#2927 = AXIS2_PLACEMENT_3D ( 'NONE', #2153, #99, #2813 ) ;
#2928 = LINE ( 'NONE', #1962, #2918 ) ;
#2929 = ORIENTED_EDGE ( 'NONE', *, *, #2755, .T. ) ;
#2930 = CARTESIAN_POINT ( 'NONE',  ( 2.000000000000000000, 6.856854249492380760, -2.000000000000000000 ) ) ;
#2931 =( LENGTH_UNIT ( ) NAMED_UNIT ( * ) SI_UNIT ( .MILLI., .METRE. ) );
#2932 = CARTESIAN_POINT ( 'NONE',  ( -1.599999999999999867, 0.1519999999999999962, 0.2500000000000002220 ) ) ;
#2933 = LINE ( 'NONE', #2791, #793 ) ;
#2934 = VERTEX_POINT ( 'NONE', #1438 ) ;
#2935 = EDGE_CURVE ( 'NONE', #2394, #2257, #395, .T. ) ;
#2936 = PLANE ( 'NONE',  #780 ) ;
#2937 = DIRECTION ( 'NONE',  ( 0.7071067811865489050, -0.000000000000000000, -0.7071067811865460184 ) ) ;
#2938 = CARTESIAN_POINT ( 'NONE',  ( 1.600000000000000311, 0.1519999999999999962, 0.5500000000000005995 ) ) ;
#2939 = LINE ( 'NONE', #2226, #1882 ) ;
#2940 = CARTESIAN_POINT ( 'NONE',  ( 2.000000000000000000, 0.6520000000000003570, 1.350000000000000311 ) ) ;
#2941 = ORIENTED_EDGE ( 'NONE', *, *, #2046, .T. ) ;
#2942 = EDGE_CURVE ( 'NONE', #897, #11, #426, .T. ) ;
#2943 = PLANE ( 'NONE',  #2695 ) ;
#2944 = LINE ( 'NONE', #2716, #870 ) ;
#2945 = ORIENTED_EDGE ( 'NONE', *, *, #2267, .T. ) ;
#2946 = CARTESIAN_POINT ( 'NONE',  ( 2.000000000000000000, 0.1519999999999999962, 1.350000000000000311 ) ) ;
#2947 = DIRECTION ( 'NONE',  ( 0.000000000000000000, 0.000000000000000000, 1.000000000000000000 ) ) ;
#2948 = EDGE_CURVE ( 'NONE', #474, #2174, #2557, .T. ) ;
#2949 = LINE ( 'NONE', #1284, #826 ) ;
#2950 = VERTEX_POINT ( 'NONE', #709 ) ;
#2951 = CARTESIAN_POINT ( 'NONE',  ( -1.150000000000000355, 0.000000000000000000, 1.499999999999999112 ) ) ;
#2952 = CARTESIAN_POINT ( 'NONE',  ( 0.000000000000000000, 0.05000000000000000278, 0.000000000000000000 ) ) ;
#2953 = CARTESIAN_POINT ( 'NONE',  ( 1.600000000000000311, 0.1519999999999999962, -1.049999999999999600 ) ) ;
#2954 = CARTESIAN_POINT ( 'NONE',  ( 1.600000000000000311, 0.1519999999999999962, -1.049999999999999600 ) ) ;
#2955 = AXIS2_PLACEMENT_3D ( 'NONE', #25, #637, #615 ) ;
#2956 = VECTOR ( 'NONE', #1997, 1000.000000000000000 ) ;
#2957 = ORIENTED_EDGE ( 'NONE', *, *, #466, .F. ) ;
#2958 = CARTESIAN_POINT ( 'NONE',  ( 0.000000000000000000, 0.1519999999999999962, 1.600000000000000089 ) ) ;
#2959 = SURFACE_STYLE_USAGE ( .BOTH. , #2163 ) ;
#2960 = CARTESIAN_POINT ( 'NONE',  ( -0.8500000000000001998, 0.05000000000000012768, -1.500000000000000888 ) ) ;
#2961 = PRESENTATION_STYLE_ASSIGNMENT (( #1955 ) ) ;
#2962 = AXIS2_PLACEMENT_3D ( 'NONE', #834, #1812, #307 ) ;
#2963 = CARTESIAN_POINT ( 'NONE',  ( 2.000000000000000000, 0.04999999999999999584, -0.5499999999999998224 ) ) ;
#2964 = EDGE_LOOP ( 'NONE', ( #2679, #1490, #1052, #2712 ) ) ;
#2965 = MECHANICAL_DESIGN_GEOMETRIC_PRESENTATION_REPRESENTATION (  '', ( #1557 ), #28 ) ;
#2966 = DIRECTION ( 'NONE',  ( 0.000000000000000000, 0.000000000000000000, -1.000000000000000000 ) ) ;
#2967 = PRESENTATION_STYLE_ASSIGNMENT (( #1078 ) ) ;
#2968 = ORIENTED_EDGE ( 'NONE', *, *, #2591, .T. ) ;
#2969 = PLANE ( 'NONE',  #2284 ) ;
#2970 = CARTESIAN_POINT ( 'NONE',  ( 2.000000000000000000, 0.05000000000000000278, -2.000000000000000000 ) ) ;
#2971 = CARTESIAN_POINT ( 'NONE',  ( 1.600000000000000311, 0.000000000000000000, 0.5500000000000005995 ) ) ;
#2972 = ORIENTED_EDGE ( 'NONE', *, *, #1170, .F. ) ;
#2973 = DIRECTION ( 'NONE',  ( 0.000000000000000000, -0.000000000000000000, 1.000000000000000000 ) ) ;
#2974 = CARTESIAN_POINT ( 'NONE',  ( -1.550000000000000266, 0.4999999999999998890, -1.724999999999999867 ) ) ;
#2975 = EDGE_CURVE ( 'NONE', #1202, #254, #434, .T. ) ;
#2976 = DIRECTION ( 'NONE',  ( -0.000000000000000000, -0.000000000000000000, 1.000000000000000000 ) ) ;
#2977 = SURFACE_STYLE_FILL_AREA ( #3070 ) ;
#2978 = VERTEX_POINT ( 'NONE', #2367 ) ;
#2979 = CARTESIAN_POINT ( 'NONE',  ( -1.174999999999998046, 0.000000000000000000, -1.175000000000003153 ) ) ;
#2980 = CARTESIAN_POINT ( 'NONE',  ( 0.000000000000000000, 0.5999999999999999778, 0.000000000000000000 ) ) ;
#2981 = EDGE_LOOP ( 'NONE', ( #1603, #408, #3124, #2073 ) ) ;
#2982 = EDGE_CURVE ( 'NONE', #1146, #1970, #352, .T. ) ;
#2983 = ADVANCED_FACE ( 'NONE', ( #469 ), #2293, .F. ) ;
#2984 = VERTEX_POINT ( 'NONE', #986 ) ;
#2985 = DIRECTION ( 'NONE',  ( 1.000000000000000000, 0.000000000000000000, 1.885568995626964287E-16 ) ) ;
#2986 = FILL_AREA_STYLE_COLOUR ( '', #2314 ) ;
#2987 = CARTESIAN_POINT ( 'NONE',  ( -0.8499999999999987566, 3.932211634287160695, -1.500000000000000888 ) ) ;
#2988 = VECTOR ( 'NONE', #1153, 1000.000000000000000 ) ;
#2989 = EDGE_LOOP ( 'NONE', ( #3073, #2027, #67, #2694 ) ) ;
#2990 = STYLED_ITEM ( 'NONE', ( #305 ), #2561 ) ;
#2991 = CARTESIAN_POINT ( 'NONE',  ( 1.600000000000000311, 0.1519999999999999962, 0.5500000000000005995 ) ) ;
#2992 = DIRECTION ( 'NONE',  ( -2.168404344971008868E-16, 0.000000000000000000, -1.000000000000000000 ) ) ;
#2993 = CARTESIAN_POINT ( 'NONE',  ( -2.000000000000000000, 0.1519999999999999962, 0.5500000000000001554 ) ) ;
#2994 = LINE ( 'NONE', #2364, #1978 ) ;
#2995 = AXIS2_PLACEMENT_3D ( 'NONE', #2015, #2838, #2528 ) ;
#2996 = CARTESIAN_POINT ( 'NONE',  ( 2.000000000000000000, 0.1519999999999999962, 0.5500000000000001554 ) ) ;
#2997 = PLANE ( 'NONE',  #2995 ) ;
#2998 = VECTOR ( 'NONE', #985, 1000.000000000000000 ) ;
#2999 = EDGE_CURVE ( 'NONE', #2934, #490, #2489, .T. ) ;
#3000 = ORIENTED_EDGE ( 'NONE', *, *, #2297, .T. ) ;
#3001 = DIRECTION ( 'NONE',  ( 1.000000000000000000, 0.000000000000000000, -0.000000000000000000 ) ) ;
#3002 = CARTESIAN_POINT ( 'NONE',  ( -1.599999999999999867, 0.04999999999999999584, 0.2500000000000002220 ) ) ;
#3003 = VERTEX_POINT ( 'NONE', #1222 ) ;
#3004 = EDGE_CURVE ( 'NONE', #1072, #374, #1519, .T. ) ;
#3005 = ADVANCED_FACE ( 'NONE', ( #602 ), #1486, .F. ) ;
#3006 = PLANE ( 'NONE',  #2955 ) ;
#3007 = DIRECTION ( 'NONE',  ( -0.000000000000000000, -1.000000000000000000, -0.000000000000000000 ) ) ;
#3008 = DIRECTION ( 'NONE',  ( 1.445602896647339163E-16, 0.000000000000000000, -1.000000000000000000 ) ) ;
#3009 = ORIENTED_EDGE ( 'NONE', *, *, #2053, .T. ) ;
#3010 = EDGE_CURVE ( 'NONE', #1988, #2326, #531, .T. ) ;
#3011 = EDGE_CURVE ( 'NONE', #465, #926, #1586, .T. ) ;
#3012 = DIRECTION ( 'NONE',  ( -0.000000000000000000, 1.000000000000000000, 0.000000000000000000 ) ) ;
#3013 = DIRECTION ( 'NONE',  ( -1.445602896647339163E-16, 0.000000000000000000, 1.000000000000000000 ) ) ;
#3014 = UNCERTAINTY_MEASURE_WITH_UNIT (LENGTH_MEASURE( 1.000000000000000082E-05 ), #2860, 'distance_accuracy_value', 'NONE');
#3015 = ORIENTED_EDGE ( 'NONE', *, *, #593, .T. ) ;
#3016 = DIRECTION ( 'NONE',  ( 1.445602896647337536E-15, 0.000000000000000000, -1.000000000000000000 ) ) ;
#3017 = LINE ( 'NONE', #403, #1928 ) ;
#3018 = ORIENTED_EDGE ( 'NONE', *, *, #2491, .F. ) ;
#3019 = DIRECTION ( 'NONE',  ( -1.445602896647339163E-16, 0.000000000000000000, 1.000000000000000000 ) ) ;
#3020 =( GEOMETRIC_REPRESENTATION_CONTEXT ( 3 ) GLOBAL_UNCERTAINTY_ASSIGNED_CONTEXT ( ( #1221 ) ) GLOBAL_UNIT_ASSIGNED_CONTEXT ( ( #2234, #1926, #1725 ) ) REPRESENTATION_CONTEXT ( 'NONE', 'WORKASPACE' ) );
#3021 = DIRECTION ( 'NONE',  ( -0.000000000000000000, -1.000000000000000000, -0.000000000000000000 ) ) ;
#3022 = VERTEX_POINT ( 'NONE', #1745 ) ;
#3023 =( NAMED_UNIT ( * ) SI_UNIT ( $, .STERADIAN. ) SOLID_ANGLE_UNIT ( ) );
#3024 = AXIS2_PLACEMENT_3D ( 'NONE', #1159, #1849, #2896 ) ;
#3025 = EDGE_LOOP ( 'NONE', ( #1510, #1494, #891, #427 ) ) ;
#3026 = CARTESIAN_POINT ( 'NONE',  ( 0.000000000000000000, 0.000000000000000000, 0.000000000000000000 ) ) ;
#3027 = CARTESIAN_POINT ( 'NONE',  ( -2.000000000000000000, 6.856854249492380760, 2.000000000000000888 ) ) ;
#3028 = PRESENTATION_LAYER_ASSIGNMENT (  '', '', ( #1460 ) ) ;
#3029 = EDGE_CURVE ( 'NONE', #189, #457, #482, .T. ) ;
#3030 = DIRECTION ( 'NONE',  ( -1.084202172485505026E-15, 0.000000000000000000, -1.000000000000000000 ) ) ;
#3031 = VECTOR ( 'NONE', #68, 1000.000000000000000 ) ;
#3032 = VERTEX_POINT ( 'NONE', #757 ) ;
#3033 = CARTESIAN_POINT ( 'NONE',  ( -1.149999999999999911, 0.1520000000000002183, -1.200000000000003508 ) ) ;
#3034 = DIRECTION ( 'NONE',  ( -1.000000000000000000, 0.000000000000000000, 0.000000000000000000 ) ) ;
#3035 = CARTESIAN_POINT ( 'NONE',  ( -1.600000000000000311, 0.6520000000000003570, -0.2499999999999994726 ) ) ;
#3036 = VERTEX_POINT ( 'NONE', #1780 ) ;
#3037 = ADVANCED_BREP_SHAPE_REPRESENTATION ( 'S25FL064LABNFI043', ( #556, #262, #2261, #2561, #2815, #1705, #1738, #2830, #835, #1409, #788, #1766 ), #2790 ) ;
#3038 = DIRECTION ( 'NONE',  ( 1.000000000000000000, 0.000000000000000000, -1.084202172485505223E-15 ) ) ;
#3039 = DIRECTION ( 'NONE',  ( 0.000000000000000000, 1.000000000000000000, 0.000000000000000000 ) ) ;
#3040 = ORIENTED_EDGE ( 'NONE', *, *, #1576, .T. ) ;
#3041 = EDGE_CURVE ( 'NONE', #126, #2142, #2733, .T. ) ;
#3042 = DIRECTION ( 'NONE',  ( 0.000000000000000000, -1.000000000000000000, 0.000000000000000000 ) ) ;
#3043 = DIRECTION ( 'NONE',  ( 0.000000000000000000, 1.000000000000000000, 0.000000000000000000 ) ) ;
#3044 = VECTOR ( 'NONE', #1880, 1000.000000000000000 ) ;
#3045 = ORIENTED_EDGE ( 'NONE', *, *, #2396, .F. ) ;
#3046 = ADVANCED_FACE ( 'NONE', ( #2581 ), #1244, .T. ) ;
#3047 = CARTESIAN_POINT ( 'NONE',  ( 1.600000000000000089, 0.000000000000000000, 1.050000000000000266 ) ) ;
#3048 = ADVANCED_FACE ( 'NONE', ( #2726 ), #1540, .F. ) ;
#3049 = ORIENTED_EDGE ( 'NONE', *, *, #1788, .T. ) ;
#3050 = CARTESIAN_POINT ( 'NONE',  ( 1.600000000000000311, 0.6520000000000003570, 0.5500000000000005995 ) ) ;
#3051 = DIRECTION ( 'NONE',  ( -1.000000000000000000, 0.000000000000000000, -1.084202172485505223E-15 ) ) ;
#3052 = ORIENTED_EDGE ( 'NONE', *, *, #667, .F. ) ;
#3053 = PLANE ( 'NONE',  #3118 ) ;
#3054 = DIRECTION ( 'NONE',  ( -1.084202172485505223E-15, 0.000000000000000000, -1.000000000000000000 ) ) ;
#3055 = DIRECTION ( 'NONE',  ( 0.000000000000000000, -0.000000000000000000, 1.000000000000000000 ) ) ;
#3056 = LINE ( 'NONE', #2271, #954 ) ;
#3057 = AXIS2_PLACEMENT_3D ( 'NONE', #1845, #2063, #2290 ) ;
#3058 = VERTEX_POINT ( 'NONE', #2159 ) ;
#3059 = PLANE ( 'NONE',  #1194 ) ;
#3060 =( GEOMETRIC_REPRESENTATION_CONTEXT ( 3 ) GLOBAL_UNCERTAINTY_ASSIGNED_CONTEXT ( ( #2247 ) ) GLOBAL_UNIT_ASSIGNED_CONTEXT ( ( #1700, #846, #1898 ) ) REPRESENTATION_CONTEXT ( 'NONE', 'WORKASPACE' ) );
#3061 = CARTESIAN_POINT ( 'NONE',  ( 2.000000000000000000, 0.6520000000000003570, -1.050000000000000044 ) ) ;
#3062 = FACE_OUTER_BOUND ( 'NONE', #1564, .T. ) ;
#3063 = EDGE_CURVE ( 'NONE', #587, #3093, #1689, .T. ) ;
#3064 = DIRECTION ( 'NONE',  ( 1.000000000000000000, 0.000000000000000000, -0.000000000000000000 ) ) ;
#3065 = VECTOR ( 'NONE', #3090, 1000.000000000000000 ) ;
#3066 = ORIENTED_EDGE ( 'NONE', *, *, #1887, .T. ) ;
#3067 = DIRECTION ( 'NONE',  ( 0.000000000000000000, 0.000000000000000000, 1.000000000000000000 ) ) ;
#3068 = EDGE_CURVE ( 'NONE', #1056, #142, #1591, .T. ) ;
#3069 = ADVANCED_FACE ( 'NONE', ( #1652, #491 ), #740, .F. ) ;
#3070 = FILL_AREA_STYLE ('',( #694 ) ) ;
#3071 = LINE ( 'NONE', #1120, #999 ) ;
#3072 = CARTESIAN_POINT ( 'NONE',  ( -1.600000000000000311, 0.1519999999999999962, -0.2499999999999994726 ) ) ;
#3073 = ORIENTED_EDGE ( 'NONE', *, *, #3077, .T. ) ;
#3074 = CARTESIAN_POINT ( 'NONE',  ( 1.600000000000000089, 0.1519999999999999962, -1.349999999999999867 ) ) ;
#3075 = DIRECTION ( 'NONE',  ( 0.000000000000000000, 0.000000000000000000, -1.000000000000000000 ) ) ;
#3076 = DIRECTION ( 'NONE',  ( -1.000000000000000000, 0.000000000000000000, 0.000000000000000000 ) ) ;
#3077 = EDGE_CURVE ( 'NONE', #281, #1869, #1683, .T. ) ;
#3078 = LINE ( 'NONE', #359, #2032 ) ;
#3079 = ORIENTED_EDGE ( 'NONE', *, *, #2090, .F. ) ;
#3080 = ORIENTED_EDGE ( 'NONE', *, *, #2697, .F. ) ;
#3081 = CARTESIAN_POINT ( 'NONE',  ( 1.600000000000000311, 0.000000000000000000, -0.2499999999999994726 ) ) ;
#3082 = DIRECTION ( 'NONE',  ( 1.000000000000000000, 0.000000000000000000, -7.228014483236686695E-16 ) ) ;
#3083 = LINE ( 'NONE', #2806, #2085 ) ;
#3084 = ORIENTED_EDGE ( 'NONE', *, *, #2355, .T. ) ;
#3085 = FACE_OUTER_BOUND ( 'NONE', #1067, .T. ) ;
#3086 = ORIENTED_EDGE ( 'NONE', *, *, #2781, .T. ) ;
#3087 = DIRECTION ( 'NONE',  ( -7.228014483236687681E-16, 0.000000000000000000, -1.000000000000000000 ) ) ;
#3088 = CARTESIAN_POINT ( 'NONE',  ( -0.8500000000000001998, 0.05000000000000000278, -1.500000000000000888 ) ) ;
#3089 = LINE ( 'NONE', #2788, #1014 ) ;
#3090 = DIRECTION ( 'NONE',  ( 1.445602896647337536E-15, 0.000000000000000000, -1.000000000000000000 ) ) ;
#3091 = ORIENTED_EDGE ( 'NONE', *, *, #1606, .T. ) ;
#3092 = STYLED_ITEM ( 'NONE', ( #632 ), #1738 ) ;
#3093 = VERTEX_POINT ( 'NONE', #2748 ) ;
#3094 = DIRECTION ( 'NONE',  ( 0.000000000000000000, -1.000000000000000000, 0.000000000000000000 ) ) ;
#3095 = AXIS2_PLACEMENT_3D ( 'NONE', #1976, #731, #2201 ) ;
#3096 = ADVANCED_FACE ( 'NONE', ( #1658 ), #570, .F. ) ;
#3097 = VECTOR ( 'NONE', #197, 1000.000000000000000 ) ;
#3098 = CARTESIAN_POINT ( 'NONE',  ( -1.150000000000000355, 3.932211634287160695, 1.499999999999999112 ) ) ;
#3099 = EDGE_CURVE ( 'NONE', #1499, #2542, #643, .T. ) ;
#3100 = DIRECTION ( 'NONE',  ( -7.228014483236686695E-16, 0.000000000000000000, -1.000000000000000000 ) ) ;
#3101 = VECTOR ( 'NONE', #1736, 1000.000000000000000 ) ;
#3102 = ORIENTED_EDGE ( 'NONE', *, *, #33, .T. ) ;
#3103 = EDGE_CURVE ( 'NONE', #309, #2888, #2696, .T. ) ;
#3104 = FACE_OUTER_BOUND ( 'NONE', #2989, .T. ) ;
#3105 = ORIENTED_EDGE ( 'NONE', *, *, #2942, .T. ) ;
#3106 = DIRECTION ( 'NONE',  ( 0.7071067811865443531, -0.000000000000000000, 0.7071067811865506814 ) ) ;
#3107 = ORIENTED_EDGE ( 'NONE', *, *, #1298, .T. ) ;
#3108 = LINE ( 'NONE', #1286, #1058 ) ;
#3109 = UNCERTAINTY_MEASURE_WITH_UNIT (LENGTH_MEASURE( 1.000000000000000082E-05 ), #1335, 'distance_accuracy_value', 'NONE');
#3110 = ORIENTED_EDGE ( 'NONE', *, *, #1476, .F. ) ;
#3111 = EDGE_CURVE ( 'NONE', #1202, #2705, #608, .T. ) ;
#3112 = CARTESIAN_POINT ( 'NONE',  ( -1.600000000000000311, 0.000000000000000000, -0.2499999999999994726 ) ) ;
#3113 = PLANE ( 'NONE',  #1402 ) ;
#3114 = LINE ( 'NONE', #1957, #972 ) ;
#3115 = DIRECTION ( 'NONE',  ( 0.000000000000000000, 0.000000000000000000, -1.000000000000000000 ) ) ;
#3116 = ORIENTED_EDGE ( 'NONE', *, *, #2847, .T. ) ;
#3117 = DIRECTION ( 'NONE',  ( 0.000000000000000000, -1.000000000000000000, 0.000000000000000000 ) ) ;
#3118 = AXIS2_PLACEMENT_3D ( 'NONE', #1387, #2105, #1701 ) ;
#3119 = PLANE ( 'NONE',  #748 ) ;
#3120 = VECTOR ( 'NONE', #959, 1000.000000000000000 ) ;
#3121 = FACE_OUTER_BOUND ( 'NONE', #202, .T. ) ;
#3122 = AXIS2_PLACEMENT_3D ( 'NONE', #1217, #3106, #1930 ) ;
#3123 = FACE_OUTER_BOUND ( 'NONE', #2580, .T. ) ;
#3124 = ORIENTED_EDGE ( 'NONE', *, *, #1068, .T. ) ;
#3125 = DIRECTION ( 'NONE',  ( 0.000000000000000000, -1.000000000000000000, 0.000000000000000000 ) ) ;
#3126 = FILL_AREA_STYLE ('',( #2913 ) ) ;
#3127 = CARTESIAN_POINT ( 'NONE',  ( 2.000000000000000000, 0.5999999999999998668, 2.000000000000000000 ) ) ;
#3128 = LINE ( 'NONE', #2103, #2110 ) ;
#3129 = ORIENTED_EDGE ( 'NONE', *, *, #2090, .T. ) ;
#3130 = VERTEX_POINT ( 'NONE', #967 ) ;
#3131 = EDGE_CURVE ( 'NONE', #3093, #281, #1535, .T. ) ;
#3132 = CARTESIAN_POINT ( 'NONE',  ( -1.599999999999999867, 0.6520000000000003570, -0.5499999999999998224 ) ) ;
#3133 = DIRECTION ( 'NONE',  ( -0.000000000000000000, -1.000000000000000000, -0.000000000000000000 ) ) ;
#3134 = LINE ( 'NONE', #1770, #2059 ) ;
ENDSEC;
END-ISO-10303-21;
